id,block,name,flow,tech,hold,dir,mode,d_trades,d_tpy,d_exposure,d_win,d_gross_bp,d_net_bp,d_t_net,d_cagr,d_sharpe,d_mdd,d_calmar,d_net_bp_stress,v_trades,v_tpy,v_win,v_net_bp,v_t_net,v_cagr,v_sharpe,v_mdd,eligible,design_rank
V01,1,FF+none h1 L,FF,none,1,L,hold,425,52.8628,0.209773,0.475294,2.42533,-2.57467,-0.955928,-0.0143451,-0.332354,-0.150232,-0.0954863,-4.57467,319,48.6022,0.520376,0.733806,0.0952426,-0.00165696,0.0350606,-0.186117,False,
V02,1,FF+none h1 LS,FF,none,1,LS,hold,835,103.86,0.412142,0.486228,2.42512,-1.10182,-0.540134,-0.0135079,-0.174167,-0.22327,-0.0605001,-2.61081,660,100.556,0.518182,4.06223,0.785114,0.0322462,0.302982,-0.266499,False,
V03,1,FF+none h5 L,FF,none,5,L,hold,170,21.1451,0.680652,0.458824,3.05535,-1.94465,-0.120307,-0.00957268,-0.0365491,-0.299738,-0.0319368,-3.94465,125,19.0447,0.496,69.9219,1.6546,0.118443,0.582961,-0.349192,False,
V04,1,FF+none h5 LS,FF,none,5,LS,hold,465,57.8381,0.901283,0.449462,3.5205,-0.00852795,-0.00128645,-0.00739426,0.00423023,-0.370281,-0.0199693,-1.51821,369,56.2201,0.471545,7.32978,0.464374,0.0118761,0.184346,-0.423401,False,
V05,1,FF+MA60 h1 L,FF,MA60,1,L,hold,261,32.464,0.128825,0.475096,1.97791,-3.02209,-0.811434,-0.0102328,-0.318307,-0.116582,-0.0877733,-5.02209,214,32.6046,0.504673,1.74709,0.212366,0.00320747,0.0806611,-0.122808,False,
V06,1,FF+MA60 h1 LS,FF,MA60,1,LS,hold,469,58.3356,0.231491,0.490405,2.48311,-1.1864,-0.436122,-0.00814025,-0.138148,-0.13792,-0.0590216,-2.7429,344,52.4111,0.511628,7.56529,1.17167,0.0364138,0.449098,-0.111712,False,
V07,1,FF+MA60 h5 L,FF,MA60,5,L,hold,116,14.4284,0.433366,0.396552,-12.1145,-17.1145,-0.838495,-0.0274671,-0.299435,-0.308659,-0.0889884,-19.1145,89,13.5599,0.483146,71.2085,1.22883,0.0847958,0.559214,-0.339076,False,
V08,1,FF+MA60 h5 LS,FF,MA60,5,LS,hold,225,27.9862,0.705331,0.368889,-10.3159,-13.9426,-1.20347,-0.0434309,-0.339112,-0.386632,-0.112331,-15.4848,165,25.1391,0.460606,43.7397,1.2168,0.0883032,0.501925,-0.366359,False,
V09,1,FF+RSI2 h1 L,FF,RSI2,1,L,hold,46,5.72162,0.0227048,0.391304,-9.92767,-14.9277,-1.89745,-0.00863266,-0.532669,-0.080377,-0.107402,-16.9277,41,6.24667,0.536585,-23.0196,-0.555596,-0.0169249,-0.198144,-0.174593,False,
V10,1,FF+RSI2 h1 LS,FF,RSI2,1,LS,hold,91,11.3189,0.0449161,0.43956,-9.14508,-12.6616,-1.98185,-0.0144882,-0.626962,-0.123583,-0.117235,-14.1671,99,15.0834,0.505051,-22.0599,-0.97577,-0.0363415,-0.387434,-0.295288,False,
V11,1,FF+RSI2 h5 L,FF,RSI2,5,L,hold,35,4.35341,0.0967423,0.571429,0.830374,-4.16963,-0.224549,-0.0025797,-0.0305692,-0.0927339,-0.0278183,-6.16963,28,4.26602,0.607143,59.9022,1.06988,0.019767,0.196145,-0.26493,False,
V12,1,FF+RSI2 h5 LS,FF,RSI2,5,LS,hold,69,8.58243,0.190523,0.492754,-21.0441,-24.5658,-1.55984,-0.022068,-0.342504,-0.201878,-0.109313,-26.0731,68,10.3603,0.529412,-52.7465,-0.915437,-0.065634,-0.203843,-0.561112,False,
V13,1,FF+BO20 h1 L,FF,BO20,1,L,hold,121,15.0503,0.0597236,0.504132,4.01956,-0.980435,-0.209597,-0.00169247,-0.0706087,-0.0708665,-0.0238825,-2.98044,78,11.8839,0.5,6.87323,0.589316,0.00758065,0.231634,-0.0937831,False,
V14,1,FF+BO20 h1 LS,FF,BO20,1,LS,hold,206,25.6229,0.101678,0.490291,5.44746,1.68532,0.392549,0.00379111,0.131844,-0.0786636,0.048194,0.0979417,124,18.8924,0.508065,16.8024,1.54325,0.0308157,0.596829,-0.082234,True,10
V15,1,FF+BO20 h5 L,FF,BO20,5,L,hold,67,8.33366,0.219151,0.552239,10.5397,5.53974,0.319451,0.00412231,0.106806,-0.119278,0.0345604,3.53974,48,7.31318,0.604167,91.5967,1.18062,0.0613176,0.718915,-0.204824,False,
V16,1,FF+BO20 h5 LS,FF,BO20,5,LS,hold,119,14.8016,0.382034,0.495798,-2.7899,-6.47898,-0.409115,-0.0114387,-0.116698,-0.238195,-0.0480226,-8.042,78,11.8839,0.525641,61.757,1.11272,0.0638692,0.579763,-0.222071,False,
V17,1,PS+none h1 L,PS,none,1,L,hold,385,47.8875,0.19003,0.511688,3.16503,-1.83497,-0.608712,-0.00984926,-0.186672,-0.184853,-0.0532817,-3.83497,307,46.7739,0.504886,-4.48658,-0.764107,-0.0241808,-0.249627,-0.260718,False,
V18,1,PS+none h1 LS,PS,none,1,LS,hold,805,100.128,0.397335,0.514286,4.04968,0.6149,0.296301,0.00393146,0.0921471,-0.158824,0.0247536,-0.863361,638,97.2044,0.504702,-3.52573,-0.725381,-0.0410317,-0.275805,-0.382325,False,
V19,1,PS+none h5 L,PS,none,5,L,hold,121,15.0503,0.518263,0.512397,36.0807,31.0807,1.82885,0.0576386,0.626861,-0.188407,0.305927,29.0807,79,12.0363,0.493671,10.4024,0.333464,0.000746153,0.0961712,-0.275029,False,
V20,1,PS+none h5 LS,PS,none,5,LS,hold,291,36.1955,0.867226,0.515464,24.693,21.2497,1.89036,0.0721384,0.627472,-0.164712,0.437968,19.7686,206,31.3857,0.5,-24.5489,-0.753784,-0.0973682,-0.262924,-0.683164,True,4
V21,1,PS+MA60 h1 L,PS,MA60,1,L,hold,209,25.9961,0.103159,0.5311,0.52926,-4.47074,-1.12533,-0.0120905,-0.353859,-0.138469,-0.0873158,-6.47074,136,20.7207,0.5,-6.50491,-1.00479,-0.0139549,-0.397385,-0.150183,False,
V22,1,PS+MA60 h1 LS,PS,MA60,1,LS,hold,392,48.7581,0.193485,0.522959,2.14711,-1.45238,-0.482256,-0.00815257,-0.150779,-0.160137,-0.0509099,-2.98554,201,30.6239,0.482587,-0.911973,-0.12305,-0.00484743,-0.0428776,-0.177941,False,
V23,1,PS+MA60 h5 L,PS,MA60,5,L,hold,90,11.1945,0.319348,0.466667,0.845918,-4.15408,-0.208491,-0.00502693,-0.036282,-0.240804,-0.0208756,-6.15408,46,7.00846,0.413043,-26.4812,-0.7672,-0.0239246,-0.236475,-0.24644,False,
V24,1,PS+MA60 h5 LS,PS,MA60,5,LS,hold,157,19.5281,0.561698,0.458599,9.94731,6.20845,0.371243,0.00643742,0.114451,-0.253822,0.025362,4.62883,84,12.7981,0.392857,-45.7187,-1.37997,-0.0651458,-0.411475,-0.432205,False,
V25,1,PS+RSI2 h1 L,PS,RSI2,1,L,hold,86,10.6969,0.0424482,0.569767,7.82495,2.82495,0.318704,0.00279169,0.139664,-0.0889851,0.0313725,0.824946,47,7.16082,0.531915,-0.0566742,-0.00201127,-0.0020479,-0.000633133,-0.187338,False,
V26,1,PS+RSI2 h1 LS,PS,RSI2,1,LS,hold,198,24.6278,0.0977295,0.565657,12.9718,9.66877,1.82271,0.0235366,0.719119,-0.0708604,0.332155,8.23442,142,21.6348,0.5,-15.0341,-1.17902,-0.0348622,-0.420352,-0.344522,True,2
V27,1,PS+RSI2 h5 L,PS,RSI2,5,L,hold,51,6.34353,0.153504,0.607843,76.2286,71.2286,2.20829,0.0461783,0.818136,-0.08862,0.521082,69.2286,30,4.57074,0.7,68.1392,1.72714,0.0271082,0.251996,-0.247512,False,
V28,1,PS+RSI2 h5 LS,PS,RSI2,5,LS,hold,114,14.1797,0.342053,0.570175,40.7461,37.404,2.13097,0.0529199,0.711927,-0.0963528,0.549231,35.9567,82,12.4933,0.54878,-36.0593,-0.780535,-0.0550588,-0.210426,-0.470132,False,
V29,1,PS+BO20 h1 L,PS,BO20,1,L,hold,80,9.95064,0.0394867,0.55,8.81769,3.81769,0.655422,0.00366044,0.223087,-0.0536269,0.0682576,1.81769,38,5.7896,0.5,-2.02451,-0.197952,-0.00132959,-0.0658055,-0.0440973,False,
V30,1,PS+BO20 h1 LS,PS,BO20,1,LS,hold,129,16.0454,0.0636723,0.511628,4.98618,1.12572,0.225256,0.00156167,0.0814601,-0.0656601,0.0237841,-0.494436,57,8.6844,0.473684,30.2753,1.46382,0.0252647,0.497331,-0.0486752,False,
V31,1,PS+BO20 h5 L,PS,BO20,5,L,hold,45,5.59724,0.141165,0.644444,55.2548,50.2548,1.62119,0.0270711,0.640429,-0.0944061,0.286751,48.2548,26,3.96131,0.538462,6.58917,0.203809,0.00192454,0.0653661,-0.103687,False,
V32,1,PS+BO20 h5 LS,PS,BO20,5,LS,hold,74,9.20434,0.23001,0.648649,66.5044,62.6801,2.7802,0.0569476,0.971405,-0.0876606,0.649637,61.072,39,5.94196,0.564103,3.69175,0.102072,0.000702501,0.054649,-0.237099,False,
V33,1,SC+none h1 L,SC,none,1,L,hold,412,51.2458,0.203356,0.509709,3.42599,-1.57401,-0.582489,-0.0088805,-0.19536,-0.138902,-0.0639336,-3.57401,340,51.8017,0.523529,5.38498,0.797219,0.022109,0.253764,-0.146181,False,
V34,1,SC+none h1 LS,SC,none,1,LS,hold,831,103.362,0.410168,0.519856,5.16205,1.67469,0.791394,0.0153872,0.270848,-0.1624,0.094749,0.1789,676,102.994,0.519231,5.82044,1.16573,0.0511887,0.422262,-0.214584,True,8
V35,1,SC+none h5 L,SC,none,5,L,hold,146,18.1599,0.60612,0.472603,28.3266,23.3266,1.61252,0.0386584,0.427422,-0.220016,0.175707,21.3266,120,18.283,0.491667,67.6723,1.3299,0.103946,0.534423,-0.38094,False,
V36,1,SC+none h5 LS,SC,none,5,LS,hold,354,44.0316,0.909674,0.485876,27.4473,23.9558,2.20378,0.100777,0.812431,-0.288848,0.348891,22.4586,305,46.4692,0.445902,4.51255,0.266698,-0.0142395,0.0914608,-0.443934,True,1
V37,1,SC+MA60 h1 L,SC,MA60,1,L,hold,269,33.459,0.132774,0.494424,0.252596,-4.7474,-1.3534,-0.0162935,-0.482946,-0.149918,-0.108683,-6.7474,220,33.5187,0.490909,5.94885,0.663526,0.0180342,0.309507,-0.102804,False,
V38,1,SC+MA60 h1 LS,SC,MA60,1,LS,hold,478,59.4551,0.235933,0.504184,1.78869,-1.8996,-0.652699,-0.012406,-0.231545,-0.165313,-0.0750452,-3.46236,335,51.0399,0.480597,7.48103,0.979716,0.0352016,0.448715,-0.0938452,False,
V39,1,SC+MA60 h5 L,SC,MA60,5,L,hold,115,14.304,0.420533,0.434783,1.78612,-3.21388,-0.174747,-0.00758997,-0.0523487,-0.23156,-0.0327775,-5.21388,87,13.2551,0.494253,112.796,2.11437,0.14206,0.91409,-0.202667,False,
V40,1,SC+MA60 h5 LS,SC,MA60,5,LS,hold,204,25.3741,0.689042,0.436275,7.60319,3.89731,0.265237,0.00309005,0.0837051,-0.218032,0.0141725,2.32868,153,23.3108,0.418301,35.8865,0.948496,0.0584502,0.368544,-0.353885,True,11
V41,1,SC+RSI2 h1 L,SC,RSI2,1,L,hold,17,2.11451,0.00839092,0.411765,-5.28661,-10.2866,-0.798457,-0.00222004,-0.223522,-0.0309102,-0.0718222,-12.2866,24,3.65659,0.541667,22.8334,0.458985,0.00534351,0.107208,-0.121141,False,
V42,1,SC+RSI2 h1 LS,SC,RSI2,1,LS,hold,43,5.34847,0.0212241,0.534884,4.77171,1.58566,0.178897,0.00075425,0.0617732,-0.0392667,0.0192084,0.190316,65,9.90326,0.507692,3.47571,0.118776,-0.00054234,0.0384519,-0.175994,False,
V43,1,SC+RSI2 h5 L,SC,RSI2,5,L,hold,16,1.99013,0.0409674,0.5625,36.7445,31.7445,0.826211,0.00610681,0.212801,-0.0838478,0.0728321,29.7445,15,2.28537,0.666667,3.6415,0.0326034,-0.00301938,0.0586077,-0.246451,False,
V44,1,SC+RSI2 h5 LS,SC,RSI2,5,LS,hold,35,4.35341,0.094768,0.6,17.3754,14.004,0.569098,0.00565539,0.161949,-0.0892386,0.0633738,12.5468,35,5.33253,0.457143,-103.754,-1.38599,-0.0600029,-0.238227,-0.431111,False,
V45,1,SC+BO20 h1 L,SC,BO20,1,L,hold,146,18.1599,0.0720632,0.520548,6.20267,1.20267,0.308412,0.00196084,0.102902,-0.0573888,0.0341677,-0.797331,93,14.1693,0.516129,8.23251,0.763778,0.0110487,0.315534,-0.0883463,False,
V46,1,SC+BO20 h1 LS,SC,BO20,1,LS,hold,252,31.3445,0.124383,0.503968,6.37005,2.63195,0.834672,0.00774681,0.252213,-0.0575259,0.134666,1.05259,138,21.0254,0.5,17.7938,1.7079,0.036615,0.688725,-0.0761378,True,9
V47,1,SC+BO20 h5 L,SC,BO20,5,L,hold,71,8.83119,0.246792,0.56338,24.8282,19.8282,0.940601,0.0167197,0.321679,-0.151052,0.110688,17.8282,57,8.6844,0.614035,93.0193,1.28798,0.0745733,0.766161,-0.204824,False,
V48,1,SC+BO20 h5 LS,SC,BO20,5,LS,hold,128,15.921,0.428924,0.523438,10.7311,7.067,0.436072,0.00841024,0.143518,-0.182814,0.0460043,5.51232,86,13.1028,0.534884,72.9374,1.26961,0.08642,0.719494,-0.211895,False,
V49,2,FS+none h1 LS,FS,none,1,LS,hold,825,102.616,0.407206,0.489697,3.85602,0.350565,0.150739,0.00126329,0.0525955,-0.216599,0.00583241,-1.15125,704,107.26,0.477273,-1.05776,-0.22469,-0.0230703,-0.0728395,-0.374041,False,
V50,2,PN+none h1 LS,PN,none,1,LS,hold,799,99.382,0.394373,0.454318,-2.10142,-5.55824,-2.34448,-0.0559916,-0.802043,-0.440641,-0.127068,-7.04385,700,106.651,0.504286,4.6664,0.833627,0.0387755,0.32223,-0.280135,False,
V51,2,OI+none h1 LS,OI,none,1,LS,hold,850,105.726,0.419546,0.464706,1.47091,-1.92321,-0.859446,-0.0223843,-0.299525,-0.230361,-0.0971702,-3.38791,706,107.565,0.515581,3.86769,0.865653,0.0323391,0.297819,-0.188965,False,
V52,3,FF+none h1 S,FF,none,1,S,hold,410,50.997,0.202369,0.497561,2.42491,0.424908,0.13556,0.000849415,0.042175,-0.162391,0.00523068,-0.575092,341,51.9541,0.516129,7.17591,0.94781,0.0339594,0.421319,-0.229701,False,
V53,3,FF+MA60 h1 S,FF,MA60,1,S,hold,208,25.8717,0.102665,0.509615,3.11704,1.11704,0.290884,0.00211418,0.0731792,-0.0838388,0.0252172,0.117037,130,19.8065,0.523077,17.1429,1.8064,0.0331002,0.640613,-0.0530354,True,12
V54,4,상시롱 · FF 하위20% 다음날 쉼,FF,none,1,base-L,veto_flat,410,50.997,1,0.478049,11.0321,6.03209,0.809499,0.0353966,0.340579,-0.198206,0.178584,4.03209,341,51.9541,0.557185,53.7288,2.68647,0.278402,1.00049,-0.349593,True,6
V55,4,상시롱 · FF 하위20% 다음날 숏,FF,none,1,base-L,veto_short,820,101.994,1,0.487805,6.7285,3.2285,0.797032,0.0362797,0.333426,-0.218484,0.166052,1.7285,682,103.908,0.536657,30.4523,2.95241,0.321842,1.08864,-0.303951,True,7
V56,4,상시롱 · SC 하위20% 다음날 쉼,SC,none,1,base-L,veto_flat,419,52.1165,1,0.470167,15.9004,10.9004,1.38726,0.059229,0.518328,-0.205464,0.28827,8.90044,336,51.1923,0.52381,58.6989,2.60206,0.272176,0.98109,-0.371707,True,5
V57,4,상시롱 · SC 하위20% 다음날 숏,SC,none,1,base-L,veto_short,838,104.233,1,0.5,11.3848,7.88477,1.76793,0.0851835,0.676691,-0.205392,0.414737,6.38477,672,102.385,0.519345,32.48,2.77663,0.308385,1.04807,-0.33489,True,3
