entry_date,exit_date,side,period,gross_bp,net_bp
2011-10-12,2011-10-24,long KODEX200,design,553.9984,548.9984
2011-10-25,2011-11-03,long KODEX200,design,49.4123,44.4123
2011-11-03,2011-11-07,short mini-fut(KODEX path),design,-122.4623,-124.4623
2011-11-07,2011-11-08,long KODEX200,design,-22.0050,-27.0050
2011-11-08,2011-11-15,short mini-fut(KODEX path),design,174.9693,172.9693
2011-11-15,2011-11-17,long KODEX200,design,-161.5686,-166.5686
2011-11-17,2011-11-30,short mini-fut(KODEX path),design,-17.0509,-19.0509
2011-11-30,2011-12-08,long KODEX200,design,353.6670,348.6670
2011-12-12,2011-12-22,short mini-fut(KODEX path),design,276.4766,274.4766
2011-12-22,2012-01-05,long KODEX200,design,270.3425,265.3425
2012-01-05,2012-01-16,short mini-fut(KODEX path),design,43.8581,41.8581
2012-01-16,2012-01-17,long KODEX200,design,62.2222,57.2222
2012-01-17,2012-01-18,short mini-fut(KODEX path),design,-112.7624,-114.7624
2012-01-18,2012-01-19,long KODEX200,design,57.5510,52.5510
2012-01-19,2012-01-20,short mini-fut(KODEX path),design,-120.9678,-122.9678
2012-01-20,2012-01-31,long KODEX200,design,160.5169,155.5169
2012-02-02,2012-03-02,short mini-fut(KODEX path),design,-293.9358,-295.9358
2012-03-02,2012-03-06,long KODEX200,design,-113.1319,-118.1319
2012-03-06,2012-03-14,short mini-fut(KODEX path),design,-197.6126,-199.6126
2012-03-14,2012-03-20,long KODEX200,design,-22.2548,-27.2548
2012-03-22,2012-03-28,short mini-fut(KODEX path),design,-97.6811,-99.6811
2012-03-28,2012-04-10,long KODEX200,design,-121.2983,-126.2983
2012-04-10,2012-04-16,short mini-fut(KODEX path),design,62.0431,60.0431
2012-04-16,2012-04-18,long KODEX200,design,106.1930,101.1930
2012-04-18,2012-04-24,short mini-fut(KODEX path),design,280.6007,278.6007
2012-04-24,2012-05-07,long KODEX200,design,57.9539,52.9539
2012-05-07,2012-05-17,short mini-fut(KODEX path),design,676.6555,674.6555
2012-06-07,2012-06-08,short mini-fut(KODEX path),design,-52.5343,-54.5343
2012-06-08,2012-06-20,long KODEX200,design,280.4707,275.4707
2012-06-22,2012-07-02,short mini-fut(KODEX path),design,126.4481,124.4481
2012-07-03,2012-07-09,long KODEX200,design,-120.2374,-125.2374
2012-07-09,2012-07-13,short mini-fut(KODEX path),design,139.3207,137.3207
2012-07-16,2012-07-19,long KODEX200,design,-40.8596,-45.8596
2012-07-19,2012-07-25,short mini-fut(KODEX path),design,232.9138,230.9138
2012-07-27,2012-08-14,long KODEX200,design,772.0940,767.0940
2012-08-14,2012-08-16,short mini-fut(KODEX path),design,-61.2683,-63.2683
2012-08-16,2012-08-22,long KODEX200,design,-145.2262,-150.2262
2012-09-06,2012-09-10,short mini-fut(KODEX path),design,-325.1361,-327.1361
2012-09-10,2012-09-21,long KODEX200,design,336.0586,331.0586
2012-09-25,2012-10-02,long KODEX200,design,15.1264,10.1264
2012-10-05,2012-10-19,short mini-fut(KODEX path),design,254.2789,252.2789
2012-10-19,2012-10-22,long KODEX200,design,-198.6458,-203.6458
2012-10-22,2012-10-31,short mini-fut(KODEX path),design,36.2178,34.2178
2012-11-02,2012-11-05,short mini-fut(KODEX path),design,40.7115,38.7115
2012-11-05,2012-11-06,long KODEX200,design,10.2396,5.2396
2012-11-06,2012-11-07,short mini-fut(KODEX path),design,-117.2570,-119.2570
2012-11-07,2012-11-09,long KODEX200,design,-209.2812,-214.2812
2012-11-09,2012-11-15,short mini-fut(KODEX path),design,117.1229,115.1229
2012-11-16,2012-11-23,short mini-fut(KODEX path),design,-222.1020,-224.1020
2012-11-23,2012-12-18,long KODEX200,design,569.6138,564.6138
2012-12-18,2012-12-21,short mini-fut(KODEX path),design,-64.8540,-66.8540
2012-12-21,2013-01-04,long KODEX200,design,105.4507,100.4507
2013-01-07,2013-01-08,short mini-fut(KODEX path),design,51.4502,49.4502
2013-01-08,2013-01-09,long KODEX200,design,-38.2812,-43.2812
2013-01-09,2013-01-31,short mini-fut(KODEX path),design,242.3529,240.3529
2013-01-31,2013-02-06,long KODEX200,design,-124.6060,-129.6060
2013-02-12,2013-02-20,long KODEX200,design,420.7726,415.7726
2013-02-21,2013-02-26,long KODEX200,design,-88.7813,-93.7813
2013-02-26,2013-03-26,short mini-fut(KODEX path),design,191.0880,189.0880
2013-03-26,2013-04-02,long KODEX200,design,99.6921,94.6921
2013-04-02,2013-04-12,short mini-fut(KODEX path),design,431.6226,429.6226
2013-04-15,2013-04-25,short mini-fut(KODEX path),design,-119.8334,-121.8334
2013-04-30,2013-05-02,short mini-fut(KODEX path),design,-39.5471,-41.5471
2013-05-02,2013-05-03,long KODEX200,design,39.8664,34.8664
2013-05-03,2013-05-10,short mini-fut(KODEX path),design,-55.4654,-57.4654
2013-05-10,2013-05-13,long KODEX200,design,-204.4142,-209.4142
2013-05-13,2013-05-14,short mini-fut(KODEX path),design,-42.8449,-44.8449
2013-05-14,2013-06-07,long KODEX200,design,101.3853,96.3853
2013-06-07,2013-06-27,short mini-fut(KODEX path),design,697.6451,695.6451
2013-06-28,2013-07-08,long KODEX200,design,-98.8100,-103.8100
2013-07-08,2013-07-12,short mini-fut(KODEX path),design,-257.2423,-259.2423
2013-07-12,2013-08-06,long KODEX200,design,118.7549,113.7549
2013-08-08,2013-08-13,short mini-fut(KODEX path),design,-52.3732,-54.3732
2013-08-13,2013-08-22,long KODEX200,design,-181.3350,-186.3350
2013-08-22,2013-08-26,short mini-fut(KODEX path),design,-143.0489,-145.0489
2013-08-26,2013-09-26,long KODEX200,design,826.5760,821.5760
2013-10-04,2013-10-14,short mini-fut(KODEX path),design,-199.3808,-201.3808
2013-10-14,2013-10-15,long KODEX200,design,23.3467,18.3467
2013-10-15,2013-11-20,short mini-fut(KODEX path),design,43.6014,41.6014
2013-11-22,2013-11-28,short mini-fut(KODEX path),design,-223.1695,-225.1695
2013-11-28,2013-12-03,long KODEX200,design,-92.6714,-97.6714
2013-12-03,2013-12-11,short mini-fut(KODEX path),design,235.9306,233.9306
2013-12-13,2013-12-19,short mini-fut(KODEX path),design,-22.6500,-24.6500
2013-12-26,2014-01-03,long KODEX200,design,-205.3940,-210.3940
2014-01-03,2014-01-10,short mini-fut(KODEX path),design,170.7565,168.7565
2014-01-24,2014-02-03,short mini-fut(KODEX path),design,43.0551,41.0551
2014-02-03,2014-02-04,long KODEX200,design,-178.9911,-183.9911
2014-02-04,2014-02-11,short mini-fut(KODEX path),design,-165.9384,-167.9384
2014-02-12,2014-02-21,long KODEX200,design,82.2041,77.2041
2014-02-24,2014-03-04,long KODEX200,design,16.3164,11.3164
2014-03-04,2014-03-10,short mini-fut(KODEX path),design,-26.1583,-28.1583
2014-03-10,2014-03-11,long KODEX200,design,-53.1810,-58.1810
2014-03-11,2014-03-20,short mini-fut(KODEX path),design,221.4137,219.4137
2014-03-21,2014-03-27,short mini-fut(KODEX path),design,-209.2719,-211.2719
2014-03-27,2014-04-11,long KODEX200,design,173.8529,168.8529
2014-04-16,2014-04-21,short mini-fut(KODEX path),design,-90.4033,-92.4033
2014-04-21,2014-04-28,long KODEX200,design,-203.3245,-208.3245
2014-04-28,2014-04-29,short mini-fut(KODEX path),design,-30.9510,-32.9510
2014-04-29,2014-04-30,long KODEX200,design,-0.0000,-5.0000
2014-04-30,2014-05-15,short mini-fut(KODEX path),design,-199.8883,-201.8883
2014-05-15,2014-05-21,long KODEX200,design,5.7687,0.7687
2014-05-29,2014-06-09,long KODEX200,design,-81.3436,-86.3436
2014-06-09,2014-06-17,short mini-fut(KODEX path),design,65.7993,63.7993
2014-06-17,2014-06-18,long KODEX200,design,18.4565,13.4565
2014-06-18,2014-06-24,short mini-fut(KODEX path),design,146.3141,144.3141
2014-06-24,2014-07-04,long KODEX200,design,261.2675,256.2675
2014-07-04,2014-07-16,short mini-fut(KODEX path),design,90.2921,88.2921
2014-07-16,2014-07-22,long KODEX200,design,39.1986,34.1986
2014-07-22,2014-07-28,short mini-fut(KODEX path),design,-173.2207,-175.2207
2014-07-29,2014-08-05,long KODEX200,design,26.9287,21.9287
2014-08-08,2014-08-18,short mini-fut(KODEX path),design,13.8370,11.8370
2014-08-19,2014-08-20,short mini-fut(KODEX path),design,-95.5216,-97.5216
2014-08-20,2014-08-22,long KODEX200,design,-184.4619,-189.4619
2014-08-22,2014-08-27,short mini-fut(KODEX path),design,-140.6751,-142.6751
2014-08-27,2014-09-02,long KODEX200,design,-149.8464,-154.8464
2014-09-03,2014-09-12,short mini-fut(KODEX path),design,12.0525,10.0525
2014-09-18,2014-09-19,long KODEX200,design,-10.0315,-15.0315
2014-09-19,2014-10-24,short mini-fut(KODEX path),design,830.1188,828.1188
2014-10-27,2014-11-04,long KODEX200,design,175.1304,170.1304
2014-11-04,2014-11-11,short mini-fut(KODEX path),design,-88.4316,-90.4316
2014-11-11,2014-11-17,long KODEX200,design,-65.9352,-70.9352
2014-11-18,2014-12-11,long KODEX200,design,-18.7465,-23.7465
2014-12-11,2014-12-18,short mini-fut(KODEX path),design,161.5747,159.5747
2014-12-22,2014-12-30,long KODEX200,design,27.8622,22.8622
2014-12-30,2015-01-09,short mini-fut(KODEX path),design,11.5009,9.5009
2015-01-09,2015-01-14,long KODEX200,design,16.1919,11.1919
2015-01-14,2015-01-20,short mini-fut(KODEX path),design,9.4862,7.4862
2015-01-20,2015-01-26,long KODEX200,design,170.9488,165.9488
2015-01-28,2015-02-06,long KODEX200,design,-36.7464,-41.7464
2015-02-06,2015-02-09,short mini-fut(KODEX path),design,30.8694,28.8694
2015-02-09,2015-02-13,long KODEX200,design,33.4967,28.4967
2015-02-23,2015-03-10,long KODEX200,design,67.7145,62.7145
2015-03-10,2015-03-16,short mini-fut(KODEX path),design,33.4690,31.4690
2015-03-18,2015-03-24,long KODEX200,design,22.6408,17.6408
2015-03-31,2015-04-08,short mini-fut(KODEX path),design,-8.2435,-10.2435
2015-04-09,2015-04-10,long KODEX200,design,20.7619,15.7619
2015-04-10,2015-04-13,short mini-fut(KODEX path),design,-120.4512,-122.4512
2015-04-13,2015-04-27,long KODEX200,design,388.9550,383.9550
2015-04-27,2015-05-04,short mini-fut(KODEX path),design,139.1377,137.1377
2015-05-07,2015-05-26,short mini-fut(KODEX path),design,-121.3165,-123.3165
2015-05-26,2015-06-03,long KODEX200,design,-373.8667,-378.8667
2015-06-03,2015-06-29,short mini-fut(KODEX path),design,208.6639,206.6639
2015-07-07,2015-07-17,short mini-fut(KODEX path),design,-120.3847,-122.3847
2015-07-17,2015-07-20,long KODEX200,design,-105.6216,-110.6216
2015-07-20,2015-07-28,short mini-fut(KODEX path),design,209.5296,207.5296
2015-07-28,2015-07-31,long KODEX200,design,-2.5469,-7.5469
2015-07-31,2015-08-13,short mini-fut(KODEX path),design,254.0593,252.0593
2015-08-18,2015-08-19,short mini-fut(KODEX path),design,51.0934,49.0934
2015-08-19,2015-08-26,long KODEX200,design,-564.9210,-569.9210
2015-08-26,2015-08-31,short mini-fut(KODEX path),design,-407.3089,-409.3089
2015-08-31,2015-09-07,long KODEX200,design,-142.4884,-147.4884
2015-09-08,2015-09-14,short mini-fut(KODEX path),design,-198.3512,-200.3512
2015-09-15,2015-10-15,long KODEX200,design,653.0786,648.0786
2015-10-16,2015-10-27,long KODEX200,design,68.9621,63.9621
2015-11-09,2015-11-20,short mini-fut(KODEX path),design,193.6819,191.6819
2015-11-20,2015-11-26,long KODEX200,design,219.1558,214.1558
2015-11-27,2015-12-01,long KODEX200,design,-194.4252,-199.4252
2015-12-01,2015-12-02,short mini-fut(KODEX path),design,-117.8553,-119.8553
2015-12-02,2015-12-03,long KODEX200,design,-124.4813,-129.4813
2015-12-03,2015-12-15,short mini-fut(KODEX path),design,245.6351,243.6351
2015-12-16,2015-12-21,short mini-fut(KODEX path),design,-96.7787,-98.7787
2015-12-21,2016-01-05,long KODEX200,design,-231.4319,-236.4319
2016-01-05,2016-01-25,short mini-fut(KODEX path),design,158.9980,156.9980
2016-01-25,2016-01-27,long KODEX200,design,-29.2196,-34.2196
2016-01-27,2016-01-29,short mini-fut(KODEX path),design,-43.1225,-45.1225
2016-01-29,2016-02-12,long KODEX200,design,-182.0015,-187.0015
2016-02-12,2016-02-17,short mini-fut(KODEX path),design,-230.2080,-232.2080
2016-02-17,2016-03-09,long KODEX200,design,292.6108,287.6108
2016-03-09,2016-03-11,short mini-fut(KODEX path),design,-157.5315,-159.5315
2016-03-11,2016-03-24,long KODEX200,design,93.4485,88.4485
2016-03-30,2016-04-04,long KODEX200,design,-176.4735,-181.4735
2016-04-04,2016-04-05,short mini-fut(KODEX path),design,15.5876,13.5876
2016-04-05,2016-04-08,long KODEX200,design,-58.1219,-63.1219
2016-04-08,2016-04-14,short mini-fut(KODEX path),design,-273.5100,-275.5100
2016-04-14,2016-04-18,long KODEX200,design,-27.6981,-32.6981
2016-04-18,2016-04-22,short mini-fut(KODEX path),design,-63.0291,-65.0291
2016-04-22,2016-04-28,long KODEX200,design,-88.7224,-93.7224
2016-04-29,2016-05-25,short mini-fut(KODEX path),design,182.1155,180.1155
2016-06-01,2016-06-14,long KODEX200,design,34.7485,29.7485
2016-06-14,2016-06-20,short mini-fut(KODEX path),design,-60.3417,-62.3417
2016-06-23,2016-06-28,long KODEX200,design,-381.0469,-386.0469
2016-06-28,2016-06-30,short mini-fut(KODEX path),design,-289.9795,-291.9795
2016-06-30,2016-07-07,long KODEX200,design,-28.0547,-33.0547
2016-07-07,2016-07-12,short mini-fut(KODEX path),design,-173.0497,-175.0497
2016-07-12,2016-07-22,long KODEX200,design,112.0877,107.0877
2016-07-26,2016-08-01,short mini-fut(KODEX path),design,-96.4754,-98.4754
2016-08-01,2016-08-03,long KODEX200,design,-99.6710,-104.6710
2016-08-03,2016-08-08,short mini-fut(KODEX path),design,-139.8793,-141.8793
2016-08-08,2016-08-12,long KODEX200,design,93.9850,88.9850
2016-08-12,2016-08-19,short mini-fut(KODEX path),design,-76.1120,-78.1120
2016-08-19,2016-08-25,long KODEX200,design,-23.6944,-28.6944
2016-09-05,2016-09-12,long KODEX200,design,-283.1128,-288.1128
2016-09-13,2016-09-22,short mini-fut(KODEX path),design,-185.4488,-187.4488
2016-09-23,2016-10-04,long KODEX200,design,-9.4389,-14.4389
2016-10-04,2016-10-10,short mini-fut(KODEX path),design,-51.1829,-53.1829
2016-10-11,2016-10-18,short mini-fut(KODEX path),design,134.8473,132.8473
2016-10-18,2016-10-25,long KODEX200,design,89.2900,84.2900
2016-10-27,2016-10-28,short mini-fut(KODEX path),design,-1.9262,-3.9262
2016-10-28,2016-11-03,long KODEX200,design,-139.8768,-144.8768
2016-11-03,2016-11-17,short mini-fut(KODEX path),design,90.2380,88.2380
2016-11-17,2016-11-25,long KODEX200,design,122.7564,117.7564
2016-11-25,2016-12-01,short mini-fut(KODEX path),design,-76.0758,-78.0758
2016-12-07,2016-12-23,long KODEX200,design,211.5192,206.5192
2016-12-28,2017-01-06,long KODEX200,design,153.7104,148.7104
2017-01-12,2017-01-13,long KODEX200,design,-4.0332,-9.0332
2017-01-13,2017-01-23,short mini-fut(KODEX path),design,48.2958,46.2958
2017-01-26,2017-01-31,short mini-fut(KODEX path),design,-14.1363,-16.1363
2017-01-31,2017-02-01,long KODEX200,design,-3.5722,-8.5722
2017-02-01,2017-02-10,short mini-fut(KODEX path),design,-11.6943,-13.6943
2017-02-10,2017-02-15,long KODEX200,design,-60.2437,-65.2437
2017-02-15,2017-02-20,short mini-fut(KODEX path),design,-50.9302,-52.9302
2017-02-20,2017-02-24,long KODEX200,design,120.1590,115.1590
2017-02-24,2017-03-03,short mini-fut(KODEX path),design,41.2156,39.2156
2017-03-03,2017-03-06,long KODEX200,design,-90.8688,-95.8688
2017-03-06,2017-03-08,short mini-fut(KODEX path),design,-95.6929,-97.6929
2017-03-08,2017-03-16,long KODEX200,design,348.6930,343.6930
2017-03-16,2017-03-27,short mini-fut(KODEX path),design,5.0898,3.0898
2017-03-29,2017-04-03,short mini-fut(KODEX path),design,8.7195,6.7195
2017-04-03,2017-04-06,long KODEX200,design,-70.2995,-75.2995
2017-04-06,2017-04-10,short mini-fut(KODEX path),design,27.7759,25.7759
2017-04-10,2017-04-12,long KODEX200,design,-95.9511,-100.9511
2017-04-12,2017-04-21,short mini-fut(KODEX path),design,-108.6428,-110.6428
2017-04-21,2017-05-08,long KODEX200,design,759.9072,754.9072
2017-05-11,2017-05-22,short mini-fut(KODEX path),design,-103.8516,-105.8516
2017-05-24,2017-05-30,long KODEX200,design,85.4397,80.4397
2017-06-02,2017-06-05,short mini-fut(KODEX path),design,-97.6698,-99.6698
2017-06-05,2017-06-07,long KODEX200,design,-38.4004,-43.4004
2017-06-07,2017-06-20,short mini-fut(KODEX path),design,-98.6602,-100.6602
2017-06-20,2017-06-22,long KODEX200,design,-53.2182,-58.2182
2017-06-22,2017-06-23,short mini-fut(KODEX path),design,-35.6831,-37.6831
2017-06-23,2017-06-29,long KODEX200,design,120.9195,115.9195
2017-07-04,2017-07-10,short mini-fut(KODEX path),design,32.0944,30.0944
2017-07-10,2017-07-20,long KODEX200,design,258.6603,253.6603
2017-07-20,2017-07-24,short mini-fut(KODEX path),design,-68.2676,-70.2676
2017-07-24,2017-07-26,long KODEX200,design,-35.2452,-40.2452
2017-07-26,2017-08-01,short mini-fut(KODEX path),design,225.3866,223.3866
2017-08-01,2017-08-04,long KODEX200,design,-17.8993,-22.8993
2017-08-04,2017-08-09,short mini-fut(KODEX path),design,59.0001,57.0001
2017-08-09,2017-08-16,long KODEX200,design,-131.6446,-136.6446
2017-08-18,2017-08-24,long KODEX200,design,148.5380,143.5380
2017-09-05,2017-09-06,long KODEX200,design,-66.8517,-71.8517
2017-09-06,2017-09-08,short mini-fut(KODEX path),design,-136.8136,-138.8136
2017-09-08,2017-09-14,long KODEX200,design,133.5507,128.5507
2017-09-15,2017-09-19,short mini-fut(KODEX path),design,-229.3082,-231.3082
2017-09-19,2017-09-20,long KODEX200,design,8.2422,3.2422
2017-09-20,2017-09-26,short mini-fut(KODEX path),design,144.4488,142.4488
2017-09-27,2017-10-10,short mini-fut(KODEX path),design,-212.0755,-214.0755
2017-10-10,2017-10-18,long KODEX200,design,211.0034,206.0034
2017-10-26,2017-11-03,long KODEX200,design,279.8217,274.8217
2017-11-06,2017-11-20,short mini-fut(KODEX path),design,175.6751,173.6751
2017-11-22,2017-11-28,long KODEX200,design,-177.3970,-182.3970
2017-11-28,2017-12-04,short mini-fut(KODEX path),design,38.7700,36.7700
2017-12-07,2017-12-14,short mini-fut(KODEX path),design,-50.9782,-52.9782
2017-12-14,2017-12-18,long KODEX200,design,-18.2435,-23.2435
2017-12-18,2017-12-22,short mini-fut(KODEX path),design,167.5453,165.5453
2017-12-26,2017-12-28,long KODEX200,design,59.7270,54.7270
2017-12-28,2018-01-02,short mini-fut(KODEX path),design,-158.7292,-160.7292
2018-01-02,2018-01-05,long KODEX200,design,-4.3557,-9.3557
2018-01-05,2018-01-08,short mini-fut(KODEX path),design,-149.0804,-151.0804
2018-01-08,2018-01-11,long KODEX200,design,-84.0757,-89.0757
2018-01-11,2018-01-18,short mini-fut(KODEX path),design,-59.1639,-61.1639
2018-01-23,2018-01-24,short mini-fut(KODEX path),design,-88.4038,-90.4038
2018-01-24,2018-01-31,long KODEX200,design,45.0434,40.0434
2018-01-31,2018-02-14,short mini-fut(KODEX path),design,506.6554,504.6554
2018-02-19,2018-02-22,short mini-fut(KODEX path),design,211.7027,209.7027
2018-02-22,2018-03-08,long KODEX200,design,63.4825,58.4825
2018-03-09,2018-03-20,long KODEX200,design,186.4584,181.4584
2018-03-23,2018-03-29,long KODEX200,design,-44.3930,-49.3930
2018-03-30,2018-04-06,short mini-fut(KODEX path),design,177.1017,175.1017
2018-04-06,2018-04-09,long KODEX200,design,14.7733,9.7733
2018-04-09,2018-04-10,short mini-fut(KODEX path),design,-41.4321,-43.4321
2018-04-10,2018-04-17,long KODEX200,design,97.9432,92.9432
2018-04-17,2018-04-19,short mini-fut(KODEX path),design,-116.9235,-118.9235
2018-04-19,2018-04-23,long KODEX200,design,-63.7882,-68.7882
2018-04-23,2018-04-27,short mini-fut(KODEX path),design,-123.2493,-125.2493
2018-04-27,2018-05-03,long KODEX200,design,-46.9277,-51.9277
2018-05-03,2018-05-10,short mini-fut(KODEX path),design,91.9895,89.9895
2018-05-14,2018-05-15,long KODEX200,design,-51.9682,-56.9682
2018-05-15,2018-05-17,short mini-fut(KODEX path),design,23.1531,21.1531
2018-05-17,2018-05-25,long KODEX200,design,-29.3408,-34.3408
2018-05-25,2018-05-28,short mini-fut(KODEX path),design,-105.9913,-107.9913
2018-05-28,2018-05-31,long KODEX200,design,-258.7351,-263.7351
2018-05-31,2018-06-01,short mini-fut(KODEX path),design,-0.0083,-2.0083
2018-06-01,2018-06-15,long KODEX200,design,29.1336,24.1336
2018-06-15,2018-06-26,short mini-fut(KODEX path),design,271.2272,269.2272
2018-06-29,2018-07-12,short mini-fut(KODEX path),design,127.2718,125.2718
2018-07-12,2018-07-17,long KODEX200,design,82.2996,77.2996
2018-07-17,2018-07-23,short mini-fut(KODEX path),design,94.2051,92.2051
2018-07-31,2018-08-03,long KODEX200,design,-103.3938,-108.3938
2018-08-03,2018-08-06,short mini-fut(KODEX path),design,-54.9446,-56.9446
2018-08-06,2018-08-07,long KODEX200,design,-5.5520,-10.5520
2018-08-07,2018-08-09,short mini-fut(KODEX path),design,-52.0887,-54.0887
2018-08-09,2018-08-10,long KODEX200,design,-26.4477,-31.4477
2018-08-10,2018-08-20,short mini-fut(KODEX path),design,227.5602,225.5602
2018-08-20,2018-09-04,long KODEX200,design,268.8803,263.8803
2018-09-04,2018-09-05,short mini-fut(KODEX path),design,-7.7547,-9.7547
2018-09-05,2018-10-01,long KODEX200,design,119.0007,114.0007
2018-10-01,2018-10-12,short mini-fut(KODEX path),design,876.0803,874.0803
2018-10-12,2018-10-17,long KODEX200,design,142.5057,137.5057
2018-10-17,2018-10-25,short mini-fut(KODEX path),design,468.4205,466.4205
2018-10-30,2018-11-05,long KODEX200,design,351.5081,346.5081
2018-11-09,2018-11-16,long KODEX200,design,6.8782,1.8782
2018-11-16,2018-11-19,short mini-fut(KODEX path),design,31.6148,29.6148
2018-11-19,2018-11-23,long KODEX200,design,-204.7061,-209.7061
2018-11-27,2018-12-07,long KODEX200,design,-80.4394,-85.4394
2018-12-07,2018-12-18,short mini-fut(KODEX path),design,108.8936,106.8936
2018-12-27,2019-01-03,long KODEX200,design,-89.2897,-94.2897
2019-01-03,2019-01-09,short mini-fut(KODEX path),design,-264.8184,-266.8184
2019-01-10,2019-02-01,long KODEX200,design,791.7354,786.7354
2019-02-01,2019-02-13,short mini-fut(KODEX path),design,62.3112,60.3112
2019-02-26,2019-03-18,short mini-fut(KODEX path),design,279.6137,277.6137
2019-03-18,2019-03-21,long KODEX200,design,8.6384,3.6384
2019-03-21,2019-03-22,short mini-fut(KODEX path),design,-98.9699,-100.9699
2019-03-22,2019-03-26,long KODEX200,design,-199.8128,-204.8128
2019-03-26,2019-04-02,short mini-fut(KODEX path),design,-140.9121,-142.9121
2019-04-02,2019-04-11,long KODEX200,design,217.0174,212.0174
2019-04-12,2019-04-18,short mini-fut(KODEX path),design,52.6969,50.6969
2019-04-19,2019-04-23,short mini-fut(KODEX path),design,36.5599,34.5599
2019-04-23,2019-04-25,long KODEX200,design,-101.2178,-106.2178
2019-04-25,2019-04-30,short mini-fut(KODEX path),design,-138.0001,-140.0001
2019-04-30,2019-05-02,long KODEX200,design,-98.4608,-103.4608
2019-05-02,2019-05-15,short mini-fut(KODEX path),design,515.8823,513.8823
2019-05-15,2019-05-17,long KODEX200,design,-83.3476,-88.3476
2019-05-17,2019-05-23,short mini-fut(KODEX path),design,24.6698,22.6698
2019-05-30,2019-05-31,short mini-fut(KODEX path),design,-51.2233,-53.2233
2019-05-31,2019-06-18,long KODEX200,design,302.9508,297.9508
2019-06-19,2019-06-26,long KODEX200,design,32.7277,27.7277
2019-06-27,2019-07-02,long KODEX200,design,26.6900,21.6900
2019-07-02,2019-07-05,short mini-fut(KODEX path),design,54.8579,52.8579
2019-07-05,2019-07-09,long KODEX200,design,-195.7586,-200.7586
2019-07-09,2019-07-12,short mini-fut(KODEX path),design,-95.3826,-97.3826
2019-07-12,2019-07-18,long KODEX200,design,-31.6964,-36.6964
2019-07-18,2019-07-22,short mini-fut(KODEX path),design,-105.5440,-107.5440
2019-07-22,2019-07-25,long KODEX200,design,3.7758,-1.2242
2019-07-25,2019-08-07,short mini-fut(KODEX path),design,776.6761,774.6761
2019-08-07,2019-08-08,long KODEX200,design,23.5326,18.5326
2019-08-08,2019-08-16,short mini-fut(KODEX path),design,18.6447,16.6447
2019-08-27,2019-08-30,long KODEX200,design,88.7480,83.7480
2019-08-30,2019-09-02,short mini-fut(KODEX path),design,-87.3377,-89.3377
2019-09-02,2019-09-03,long KODEX200,design,4.0044,-0.9956
2019-09-03,2019-09-11,short mini-fut(KODEX path),design,-458.3138,-460.3138
2019-09-17,2019-09-26,long KODEX200,design,132.4587,127.4587
2019-09-26,2019-10-01,short mini-fut(KODEX path),design,48.7416,46.7416
2019-10-01,2019-10-02,long KODEX200,design,-33.1626,-38.1626
2019-10-02,2019-10-11,short mini-fut(KODEX path),design,17.6542,15.6542
2019-10-14,2019-10-18,short mini-fut(KODEX path),design,71.3487,69.3487
2019-10-21,2019-10-23,short mini-fut(KODEX path),design,-158.0188,-160.0188
2019-10-23,2019-10-24,long KODEX200,design,0.0000,-5.0000
2019-10-24,2019-11-01,short mini-fut(KODEX path),design,29.6077,27.6077
2019-11-01,2019-11-08,long KODEX200,design,342.6959,337.6959
2019-11-08,2019-11-18,short mini-fut(KODEX path),design,-57.7581,-59.7581
2019-11-18,2019-11-19,long KODEX200,design,-51.8672,-56.8672
2019-11-19,2019-12-11,short mini-fut(KODEX path),design,211.0522,209.0522
2019-12-11,2020-01-02,long KODEX200,design,654.3934,649.3934
2020-01-02,2020-01-09,short mini-fut(KODEX path),validation,-16.1311,-18.1311
2020-01-10,2020-01-16,short mini-fut(KODEX path),validation,-273.9867,-275.9867
2020-01-21,2020-01-22,long KODEX200,validation,-125.2966,-130.2966
2020-01-22,2020-01-30,short mini-fut(KODEX path),validation,261.0145,259.0145
2020-01-30,2020-02-04,long KODEX200,validation,-267.9673,-272.9673
2020-02-04,2020-02-07,short mini-fut(KODEX path),validation,-485.7270,-487.7270
2020-02-07,2020-02-10,long KODEX200,validation,-175.8093,-180.8093
2020-02-10,2020-03-09,short mini-fut(KODEX path),validation,1101.2124,1099.2124
2020-03-10,2020-03-11,long KODEX200,validation,57.1232,52.1232
2020-03-11,2020-03-16,short mini-fut(KODEX path),validation,737.9194,735.9194
2020-03-16,2020-03-23,long KODEX200,validation,-1810.6805,-1815.6805
2020-03-23,2020-03-24,short mini-fut(KODEX path),validation,-422.1481,-424.1481
2020-03-24,2020-03-30,long KODEX200,validation,1216.7589,1211.7589
2020-04-13,2020-04-21,long KODEX200,validation,160.6719,155.6719
2020-04-21,2020-04-27,short mini-fut(KODEX path),validation,-179.4585,-181.4585
2020-04-28,2020-05-06,long KODEX200,validation,-33.4492,-38.4492
2020-05-06,2020-05-12,short mini-fut(KODEX path),validation,79.1741,77.1741
2020-05-13,2020-05-20,short mini-fut(KODEX path),validation,-430.9768,-432.9768
2020-05-20,2020-05-25,long KODEX200,validation,-9.4950,-14.4950
2020-05-25,2020-05-29,short mini-fut(KODEX path),validation,-268.6727,-270.6727
2020-06-02,2020-06-08,long KODEX200,validation,648.7668,643.7668
2020-06-25,2020-06-26,long KODEX200,validation,-9.1890,-14.1890
2020-06-26,2020-06-29,short mini-fut(KODEX path),validation,79.2882,77.2882
2020-06-29,2020-07-08,long KODEX200,validation,297.5087,292.5087
2020-07-08,2020-07-14,short mini-fut(KODEX path),validation,-40.6882,-42.6882
2020-07-14,2020-07-24,long KODEX200,validation,62.0173,57.0173
2020-07-24,2020-07-28,short mini-fut(KODEX path),validation,-195.3371,-197.3371
2020-07-28,2020-08-04,long KODEX200,validation,181.7076,176.7076
2020-08-04,2020-08-24,short mini-fut(KODEX path),validation,-218.0276,-220.0276
2020-08-24,2020-08-28,long KODEX200,validation,182.7705,177.7705
2020-09-01,2020-09-02,short mini-fut(KODEX path),validation,-125.8344,-127.8344
2020-09-02,2020-09-03,long KODEX200,validation,78.5586,73.5586
2020-09-03,2020-09-04,short mini-fut(KODEX path),validation,197.6981,195.6981
2020-09-04,2020-09-08,long KODEX200,validation,251.0308,246.0308
2020-09-08,2020-09-14,short mini-fut(KODEX path),validation,-144.1972,-146.1972
2020-09-16,2020-09-23,long KODEX200,validation,-386.4919,-391.4919
2020-09-23,2020-09-28,short mini-fut(KODEX path),validation,114.1395,112.1395
2020-09-28,2020-10-05,long KODEX200,validation,138.6545,133.6545
2020-10-05,2020-10-06,short mini-fut(KODEX path),validation,-153.2194,-155.2194
2020-10-06,2020-10-15,long KODEX200,validation,14.9647,9.9647
2020-10-15,2020-10-21,short mini-fut(KODEX path),validation,3.6859,1.6859
2020-10-21,2020-10-30,long KODEX200,validation,-211.1072,-216.1072
2020-10-30,2020-11-03,short mini-fut(KODEX path),validation,36.8153,34.8153
2020-11-03,2020-11-30,long KODEX200,validation,1289.8159,1284.8159
2020-12-01,2020-12-07,short mini-fut(KODEX path),validation,-560.1534,-562.1534
2020-12-08,2020-12-21,short mini-fut(KODEX path),validation,-83.6464,-85.6464
2020-12-22,2020-12-29,long KODEX200,validation,360.9933,355.9933
2020-12-29,2021-02-15,short mini-fut(KODEX path),validation,-1235.7278,-1237.7278
2021-02-15,2021-02-18,long KODEX200,validation,-82.3045,-87.3045
2021-02-18,2021-02-24,short mini-fut(KODEX path),validation,159.2374,157.2374
2021-02-24,2021-03-02,long KODEX200,validation,107.1760,102.1760
2021-03-02,2021-03-04,short mini-fut(KODEX path),validation,140.2235,138.2235
2021-03-04,2021-03-05,long KODEX200,validation,-148.0574,-153.0574
2021-03-05,2021-03-11,short mini-fut(KODEX path),validation,-96.0804,-98.0804
2021-03-12,2021-03-18,long KODEX200,validation,15.3850,10.3850
2021-03-18,2021-03-19,short mini-fut(KODEX path),validation,143.4097,141.4097
2021-03-19,2021-03-22,long KODEX200,validation,74.6991,69.6991
2021-03-22,2021-03-29,short mini-fut(KODEX path),validation,-10.2167,-12.2167
2021-03-29,2021-04-13,long KODEX200,validation,353.9823,348.9823
2021-04-14,2021-04-22,long KODEX200,validation,-32.0924,-37.0924
2021-04-22,2021-04-26,short mini-fut(KODEX path),validation,-5.6566,-7.6566
2021-04-26,2021-04-29,long KODEX200,validation,4.1190,-0.8810
2021-04-29,2021-04-30,short mini-fut(KODEX path),validation,83.8428,81.8428
2021-04-30,2021-05-12,long KODEX200,validation,83.0414,78.0414
2021-05-12,2021-05-17,short mini-fut(KODEX path),validation,132.7648,130.7648
2021-05-17,2021-05-24,long KODEX200,validation,-46.9667,-51.9667
2021-05-26,2021-06-10,long KODEX200,validation,88.6998,83.6998
2021-06-14,2021-06-18,long KODEX200,validation,35.4375,30.4375
2021-06-18,2021-06-23,short mini-fut(KODEX path),validation,-13.9323,-15.9323
2021-06-23,2021-06-30,long KODEX200,validation,91.8502,86.8502
2021-07-02,2021-07-06,short mini-fut(KODEX path),validation,-65.1068,-67.1068
2021-07-06,2021-07-08,long KODEX200,validation,-32.9237,-37.9237
2021-07-08,2021-07-13,short mini-fut(KODEX path),validation,85.8039,83.8039
2021-07-13,2021-07-20,long KODEX200,validation,-155.6895,-160.6895
2021-07-20,2021-07-23,short mini-fut(KODEX path),validation,-130.9244,-132.9244
2021-07-23,2021-07-27,long KODEX200,validation,-53.8265,-58.8265
2021-07-27,2021-07-28,short mini-fut(KODEX path),validation,52.9593,50.9593
2021-07-28,2021-08-02,long KODEX200,validation,-13.9236,-18.9236
2021-08-02,2021-08-04,short mini-fut(KODEX path),validation,-113.6798,-115.6798
2021-08-04,2021-08-10,long KODEX200,validation,35.4863,30.4863
2021-08-10,2021-08-23,short mini-fut(KODEX path),validation,685.5246,683.5246
2021-08-25,2021-08-31,long KODEX200,validation,145.1514,140.1514
2021-09-01,2021-09-07,long KODEX200,validation,-26.8089,-31.8089
2021-09-15,2021-09-24,long KODEX200,validation,-75.8324,-80.8324
2021-09-28,2021-10-05,long KODEX200,validation,-537.5450,-542.5450
2021-10-14,2021-10-20,long KODEX200,validation,179.4551,174.4551
2021-10-28,2021-11-03,short mini-fut(KODEX path),validation,-35.5887,-37.5887
2021-11-03,2021-11-11,long KODEX200,validation,-325.0229,-330.0229
2021-11-11,2021-11-15,short mini-fut(KODEX path),validation,-238.2254,-240.2254
2021-11-15,2021-11-18,long KODEX200,validation,-137.1281,-142.1281
2021-11-18,2021-11-23,short mini-fut(KODEX path),validation,-285.1582,-287.1582
2021-11-23,2021-11-29,long KODEX200,validation,-420.8030,-425.8030
2021-12-02,2021-12-17,long KODEX200,validation,464.4177,459.4177
2021-12-20,2021-12-21,long KODEX200,validation,-83.2178,-88.2178
2021-12-21,2021-12-27,short mini-fut(KODEX path),validation,-203.2006,-205.2006
2021-12-27,2021-12-30,long KODEX200,validation,4.1109,-0.8891
2021-12-30,2022-01-07,short mini-fut(KODEX path),validation,169.2470,167.2470
2022-01-10,2022-01-11,long KODEX200,validation,-49.3834,-54.3834
2022-01-11,2022-01-13,short mini-fut(KODEX path),validation,-189.2797,-191.2797
2022-01-13,2022-01-14,long KODEX200,validation,-143.3366,-148.3366
2022-01-14,2022-02-07,short mini-fut(KODEX path),validation,596.0184,594.0184
2022-02-07,2022-02-16,long KODEX200,validation,-24.9243,-29.9243
2022-02-16,2022-02-18,short mini-fut(KODEX path),validation,-31.1867,-33.1867
2022-02-18,2022-02-23,long KODEX200,validation,0.0000,-5.0000
2022-02-23,2022-03-04,short mini-fut(KODEX path),validation,112.1622,110.1622
2022-03-07,2022-03-18,short mini-fut(KODEX path),validation,-192.0449,-194.0449
2022-03-22,2022-03-23,short mini-fut(KODEX path),validation,-146.6276,-148.6276
2022-03-23,2022-03-29,long KODEX200,validation,2.3854,-2.6146
2022-04-04,2022-04-14,short mini-fut(KODEX path),validation,75.1087,73.1087
2022-04-14,2022-04-15,long KODEX200,validation,-118.4520,-123.4520
2022-04-15,2022-04-19,short mini-fut(KODEX path),validation,4.1580,2.1580
2022-04-19,2022-04-25,long KODEX200,validation,-107.7238,-112.7238
2022-04-25,2022-04-27,short mini-fut(KODEX path),validation,144.5127,142.5127
2022-04-27,2022-05-09,long KODEX200,validation,-7.1994,-12.1994
2022-05-10,2022-05-16,short mini-fut(KODEX path),validation,-164.8845,-166.8845
2022-05-16,2022-05-19,long KODEX200,validation,-208.4045,-213.4045
2022-05-19,2022-05-23,short mini-fut(KODEX path),validation,-290.3959,-292.3959
2022-05-23,2022-05-27,long KODEX200,validation,-82.5632,-87.5632
2022-05-30,2022-06-08,long KODEX200,validation,-171.7622,-176.7622
2022-06-08,2022-06-17,short mini-fut(KODEX path),validation,905.3239,903.3239
2022-06-17,2022-06-21,long KODEX200,validation,-0.0000,-5.0000
2022-06-21,2022-06-27,short mini-fut(KODEX path),validation,-14.2340,-16.2340
2022-07-08,2022-07-14,long KODEX200,validation,-153.4083,-158.4083
2022-07-19,2022-07-28,long KODEX200,validation,273.5625,268.5625
2022-08-04,2022-08-11,long KODEX200,validation,59.5691,54.5691
2022-08-11,2022-08-12,short mini-fut(KODEX path),validation,-40.9133,-42.9133
2022-08-12,2022-08-18,long KODEX200,validation,-30.1432,-35.1432
2022-08-18,2022-08-26,short mini-fut(KODEX path),validation,133.1041,131.1041
2022-09-02,2022-09-14,short mini-fut(KODEX path),validation,192.2766,190.2766
2022-09-14,2022-09-16,long KODEX200,validation,-59.9449,-64.9449
2022-09-16,2022-10-05,short mini-fut(KODEX path),validation,611.0589,609.0589
2022-10-06,2022-10-11,short mini-fut(KODEX path),validation,204.5765,202.5765
2022-10-11,2022-10-14,long KODEX200,validation,63.4489,58.4489
2022-10-14,2022-10-17,short mini-fut(KODEX path),validation,36.0908,34.0908
2022-10-17,2022-10-21,long KODEX200,validation,110.0102,105.0102
2022-10-27,2022-10-31,long KODEX200,validation,94.6522,89.6522
2022-10-31,2022-11-02,short mini-fut(KODEX path),validation,-143.1836,-145.1836
2022-11-02,2022-11-08,long KODEX200,validation,316.7887,311.7887
2022-11-10,2022-11-16,long KODEX200,validation,333.8720,328.8720
2022-11-16,2022-11-28,short mini-fut(KODEX path),validation,347.3718,345.3718
2022-11-30,2022-12-02,long KODEX200,validation,228.7280,223.7280
2022-12-02,2022-12-15,short mini-fut(KODEX path),validation,306.1596,304.1596
2022-12-15,2022-12-23,long KODEX200,validation,-300.0483,-305.0483
2022-12-29,2023-01-05,short mini-fut(KODEX path),validation,-88.8198,-90.8198
2023-01-05,2023-02-03,long KODEX200,validation,945.5271,940.5271
2023-02-06,2023-02-10,long KODEX200,validation,18.3926,13.3926
2023-02-16,2023-02-17,short mini-fut(KODEX path),validation,7.9232,5.9232
2023-02-17,2023-02-23,long KODEX200,validation,-63.1397,-68.1397
2023-02-23,2023-03-02,short mini-fut(KODEX path),validation,54.2275,52.2275
2023-03-02,2023-03-06,long KODEX200,validation,125.4456,120.4456
2023-03-06,2023-03-07,short mini-fut(KODEX path),validation,-39.3591,-41.3591
2023-03-07,2023-03-13,long KODEX200,validation,-237.5517,-242.5517
2023-03-15,2023-03-31,short mini-fut(KODEX path),validation,-367.2022,-369.2022
2023-03-31,2023-04-04,long KODEX200,validation,40.4027,35.4027
2023-04-04,2023-04-10,short mini-fut(KODEX path),validation,-80.4870,-82.4870
2023-04-10,2023-04-18,long KODEX200,validation,310.6180,305.6180
2023-05-03,2023-05-04,long KODEX200,validation,-51.4680,-56.4680
2023-05-04,2023-05-16,short mini-fut(KODEX path),validation,-52.8529,-54.8529
2023-05-16,2023-05-25,long KODEX200,validation,283.2815,278.2815
2023-05-26,2023-06-09,short mini-fut(KODEX path),validation,-300.5744,-302.5744
2023-06-13,2023-06-23,short mini-fut(KODEX path),validation,146.5049,144.5049
2023-06-23,2023-06-26,long KODEX200,validation,-104.3861,-109.3861
2023-06-26,2023-07-12,short mini-fut(KODEX path),validation,-10.5729,-12.5729
2023-07-12,2023-07-18,long KODEX200,validation,283.5060,278.5060
2023-07-18,2023-07-25,short mini-fut(KODEX path),validation,36.4050,34.4050
2023-07-26,2023-08-01,short mini-fut(KODEX path),validation,-181.8196,-183.8196
2023-08-02,2023-08-03,long KODEX200,validation,-149.5875,-154.5875
2023-08-03,2023-08-10,short mini-fut(KODEX path),validation,128.3969,126.3969
2023-08-10,2023-08-11,long KODEX200,validation,50.6667,45.6667
2023-08-11,2023-08-18,short mini-fut(KODEX path),validation,380.1641,378.1641
2023-08-25,2023-08-31,long KODEX200,validation,180.4314,175.4314
2023-09-04,2023-09-11,long KODEX200,validation,-77.6977,-82.6977
2023-09-11,2023-09-15,short mini-fut(KODEX path),validation,-249.8223,-251.8223
2023-09-18,2023-09-19,long KODEX200,validation,-21.5557,-26.5557
2023-09-19,2023-10-10,short mini-fut(KODEX path),validation,639.7957,637.7957
2023-10-12,2023-10-25,long KODEX200,validation,-311.9473,-316.9473
2023-10-31,2023-11-09,long KODEX200,validation,416.2728,411.2728
2023-11-09,2023-11-14,short mini-fut(KODEX path),validation,-71.4467,-73.4467
2023-11-14,2023-11-27,long KODEX200,validation,247.5694,242.5694
2023-11-27,2023-12-01,short mini-fut(KODEX path),validation,-12.5249,-14.5249
2023-12-04,2023-12-05,short mini-fut(KODEX path),validation,67.1825,65.1825
2023-12-05,2023-12-22,long KODEX200,validation,500.6588,495.6588
2023-12-22,2024-01-02,short mini-fut(KODEX path),validation,-204.2044,-206.2044
2024-01-02,2024-01-04,long KODEX200,validation,-243.5811,-248.5811
2024-01-04,2024-01-24,short mini-fut(KODEX path),validation,364.5800,362.5800
2024-01-24,2024-02-26,long KODEX200,validation,620.1695,615.1695
2024-03-07,2024-03-13,short mini-fut(KODEX path),validation,-162.4383,-164.4383
2024-03-15,2024-03-18,long KODEX200,validation,-76.4605,-81.4605
2024-03-18,2024-03-21,short mini-fut(KODEX path),validation,-249.0516,-251.0516
2024-03-21,2024-03-28,long KODEX200,validation,136.2613,131.2613
2024-04-04,2024-04-11,short mini-fut(KODEX path),validation,89.9831,87.9831
2024-04-12,2024-04-15,long KODEX200,validation,-166.4010,-171.4010
2024-04-15,2024-04-25,short mini-fut(KODEX path),validation,141.2486,139.2486
2024-04-25,2024-04-26,long KODEX200,validation,53.7200,48.7200
2024-04-26,2024-04-29,short mini-fut(KODEX path),validation,-92.3407,-94.3407
2024-04-29,2024-05-03,long KODEX200,validation,119.5491,114.5491
2024-05-03,2024-05-08,short mini-fut(KODEX path),validation,-114.4695,-116.4695
2024-05-08,2024-05-10,long KODEX200,validation,12.7963,7.7963
2024-05-10,2024-06-14,short mini-fut(KODEX path),validation,-73.5748,-75.5748
2024-06-14,2024-06-18,long KODEX200,validation,42.2897,37.2897
2024-06-18,2024-06-20,short mini-fut(KODEX path),validation,-174.3904,-176.3904
2024-06-20,2024-06-24,long KODEX200,validation,-110.6243,-115.6243
2024-06-24,2024-07-05,short mini-fut(KODEX path),validation,-331.0419,-333.0419
2024-07-05,2024-07-12,long KODEX200,validation,52.9227,47.9227
2024-07-18,2024-08-06,short mini-fut(KODEX path),validation,1096.1321,1094.1321
2024-08-06,2024-08-13,long KODEX200,validation,322.2335,317.2335
2024-08-19,2024-08-27,long KODEX200,validation,-127.4099,-132.4099
2024-09-05,2024-09-23,short mini-fut(KODEX path),validation,59.4002,57.4002
2024-09-27,2024-10-02,long KODEX200,validation,-448.6197,-453.6197
2024-10-02,2024-10-08,short mini-fut(KODEX path),validation,-131.3631,-133.3631
2024-10-08,2024-10-22,long KODEX200,validation,-56.1647,-61.1647
2024-10-24,2024-10-25,long KODEX200,validation,-11.6359,-16.6359
2024-10-25,2024-10-29,short mini-fut(KODEX path),validation,-69.4747,-71.4747
2024-10-29,2024-10-31,long KODEX200,validation,-148.0273,-153.0273
2024-10-31,2024-11-05,short mini-fut(KODEX path),validation,33.4891,31.4891
2024-11-05,2024-11-14,long KODEX200,validation,-655.8269,-660.8269
2024-11-15,2024-11-29,long KODEX200,validation,241.8130,236.8130
2024-12-04,2024-12-20,long KODEX200,validation,-122.9534,-127.9534
2024-12-20,2024-12-24,short mini-fut(KODEX path),validation,-110.2632,-112.2632
2024-12-24,2025-01-02,long KODEX200,validation,-170.6290,-175.6290
2025-01-03,2025-01-06,short mini-fut(KODEX path),validation,-233.6002,-235.6002
2025-01-06,2025-01-10,long KODEX200,validation,276.3700,271.3700
2025-01-13,2025-01-14,long KODEX200,validation,-19.4049,-24.4049
2025-01-14,2025-01-17,short mini-fut(KODEX path),validation,-74.1828,-76.1828
2025-01-17,2025-01-21,long KODEX200,validation,64.0377,59.0377
2025-01-21,2025-01-23,short mini-fut(KODEX path),validation,-49.4414,-51.4414
2025-01-23,2025-01-24,long KODEX200,validation,-45.4463,-50.4463
2025-01-24,2025-01-31,short mini-fut(KODEX path),validation,98.9943,96.9943
2025-01-31,2025-02-03,long KODEX200,validation,-201.9674,-206.9674
2025-02-03,2025-02-05,short mini-fut(KODEX path),validation,-171.1123,-173.1123
2025-02-05,2025-02-18,long KODEX200,validation,474.7363,469.7363
2025-02-19,2025-02-21,long KODEX200,validation,99.7536,94.7536
2025-02-21,2025-03-10,short mini-fut(KODEX path),validation,322.2396,320.2396
2025-03-12,2025-03-18,short mini-fut(KODEX path),validation,-423.7305,-425.7305
2025-03-18,2025-03-28,long KODEX200,validation,-50.9820,-55.9820
2025-03-28,2025-04-11,short mini-fut(KODEX path),validation,800.1028,798.1028
2025-04-11,2025-04-25,long KODEX200,validation,556.0313,551.0313
2025-04-28,2025-05-09,long KODEX200,validation,134.9811,129.9811
2025-05-15,2025-05-21,long KODEX200,validation,-39.7568,-44.7568
2025-05-23,2025-05-29,short mini-fut(KODEX path),validation,-494.3341,-496.3341
2025-06-05,2025-06-12,long KODEX200,validation,471.9716,466.9716
2025-06-17,2025-07-03,short mini-fut(KODEX path),validation,-625.6431,-627.6431
2025-07-07,2025-07-09,short mini-fut(KODEX path),validation,-253.1222,-255.1222
2025-07-09,2025-07-10,long KODEX200,validation,54.6095,49.6095
2025-07-10,2025-07-22,short mini-fut(KODEX path),validation,-253.9766,-255.9766
2025-07-22,2025-07-23,long KODEX200,validation,-62.0166,-67.0166
2025-07-23,2025-07-28,short mini-fut(KODEX path),validation,-75.5928,-77.5928
2025-07-28,2025-08-01,long KODEX200,validation,-56.3766,-61.3766
2025-08-01,2025-08-08,short mini-fut(KODEX path),validation,-47.0603,-49.0603
2025-08-11,2025-08-14,short mini-fut(KODEX path),validation,-84.3159,-86.3159
2025-08-14,2025-08-18,long KODEX200,validation,-85.4170,-90.4170
2025-08-18,2025-08-25,short mini-fut(KODEX path),validation,32.6205,30.6205
2025-08-25,2025-08-27,long KODEX200,validation,-49.6446,-54.6446
2025-08-27,2025-08-29,short mini-fut(KODEX path),validation,-87.5102,-89.5102
2025-08-29,2025-09-01,long KODEX200,validation,-157.4437,-162.4437
2025-09-01,2025-09-03,short mini-fut(KODEX path),validation,-30.5107,-32.5107
2025-09-03,2025-09-09,long KODEX200,validation,303.9356,298.9356
2025-09-10,2025-09-18,long KODEX200,validation,623.7631,618.7631
2025-09-18,2025-09-30,short mini-fut(KODEX path),validation,-127.7444,-129.7444
2025-09-30,2025-10-14,long KODEX200,validation,601.4385,596.4385
2025-10-14,2025-10-16,short mini-fut(KODEX path),validation,-144.9611,-146.9611
2025-10-16,2025-10-22,long KODEX200,validation,604.9871,599.9871
2025-10-23,2025-10-27,short mini-fut(KODEX path),validation,-457.5516,-459.5516
2025-10-27,2025-10-28,long KODEX200,validation,32.5545,27.5545
2025-10-28,2025-11-11,short mini-fut(KODEX path),validation,-427.0506,-429.0506
2025-11-11,2025-11-17,long KODEX200,validation,-179.6180,-184.6180
2025-11-17,2025-11-25,short mini-fut(KODEX path),validation,456.3257,454.3257
2025-12-01,2025-12-03,short mini-fut(KODEX path),validation,-124.1721,-126.1721
2025-12-03,2025-12-12,long KODEX200,validation,369.2291,364.2291
2025-12-15,2025-12-19,long KODEX200,validation,15.7527,10.7527
2025-12-19,2025-12-23,short mini-fut(KODEX path),validation,-186.1107,-188.1107
2025-12-23,2026-01-02,long KODEX200,validation,374.9464,369.9464
2026-01-02,2026-01-08,short mini-fut(KODEX path),validation,-876.4705,-878.4705
2026-01-23,2026-02-04,short mini-fut(KODEX path),validation,-672.0307,-674.0307
2026-02-04,2026-02-06,long KODEX200,validation,-513.2560,-518.2560
2026-02-06,2026-02-10,short mini-fut(KODEX path),validation,-734.5096,-736.5096
2026-02-10,2026-02-24,long KODEX200,validation,974.1084,969.1084
2026-02-24,2026-03-05,short mini-fut(KODEX path),validation,75.7810,73.7810
2026-03-05,2026-03-06,long KODEX200,validation,-268.9460,-273.9460
2026-03-06,2026-03-18,short mini-fut(KODEX path),validation,-689.9437,-691.9437
2026-03-18,2026-03-20,long KODEX200,validation,79.6905,74.6905
2026-03-20,2026-03-26,short mini-fut(KODEX path),validation,390.8063,388.8063
2026-03-26,2026-03-27,long KODEX200,validation,-563.9161,-568.9161
2026-03-27,2026-04-02,short mini-fut(KODEX path),validation,-605.8662,-607.8662
2026-04-02,2026-04-28,long KODEX200,validation,2101.2337,2096.2337
2026-05-06,2026-05-11,long KODEX200,validation,822.6653,817.6653
2026-05-11,2026-05-27,short mini-fut(KODEX path),validation,-900.3763,-902.3763
2026-06-01,2026-06-08,long KODEX200,validation,-1143.7118,-1148.7118
2026-06-09,2026-06-15,long KODEX200,validation,922.4357,917.4357
2026-06-16,2026-06-23,long KODEX200,validation,-478.8140,-483.8140
2026-06-25,2026-07-01,short mini-fut(KODEX path),validation,808.3547,806.3547
2026-07-03,2026-07-28,long KODEX200,validation,-1835.5017,-1840.5017
2026-07-28,2026-07-29,short mini-fut(KODEX path),validation,475.0575,473.0575
2026-07-29,2026-08-04,long KODEX200,validation,445.9656,440.9656
2026-08-04,2026-08-10,short mini-fut(KODEX path),validation,207.1871,205.1871
2026-08-11,2026-08-13,short mini-fut(KODEX path),validation,-906.9166,-908.9166
2026-08-13,2026-08-21,long KODEX200,validation,-18.2192,-23.2192
2026-08-21,2026-09-01,short mini-fut(KODEX path),validation,-169.1713,-171.1713
2026-09-03,2026-09-07,short mini-fut(KODEX path),validation,-434.1840,-436.1840
2026-09-07,2026-09-11,long KODEX200,validation,-162.5571,-167.5571
2026-09-11,2026-09-17,short mini-fut(KODEX path),validation,7.0153,5.0153
2026-09-17,2026-09-18,long KODEX200,validation,160.1043,155.1043
2026-09-18,2026-09-21,short mini-fut(KODEX path),validation,-94.6199,-96.6199
2026-09-21,2026-09-23,long KODEX200,validation,372.5552,367.5552
2026-09-23,2026-09-29,short mini-fut(KODEX path),validation,380.7155,378.7155
