key,family,days,n,gross,t_gross,delta,t_delta,med,hit,net5,net7,A1,A2,n_A1,yrs_pos5,n_yrs,drop5,drop10,g,noise,draws,gross_p5,gross_p95,t,t_p5,b_const,b_zi,t_const,t_zi,b_ze,t_ze,b_zd,t_zd,expo,pnl_day,t_pnl,sharpe,gross_unit,net_unit,A1_pnl,A2_pnl
idx|spx|W250|k1.00|>=|069500|oc,S0_repro,2466.0,320.0,22.46406685957787,5.321837109742487,28.856999608238283,6.323038838591212,23.95298724828132,0.615625,17.46406685957787,15.46406685957787,31.277944428219406,13.974626502051967,157.0,9.0,10.0,18.495519596997376,15.669635753943627,,,,,,,,,,,,,,,,,,,,,,,
idx|spx|W250|k1.00|<=|114800|oc,S0_repro,2466.0,322.0,14.97449381642961,2.987843924209928,17.069198518796053,3.409930590150641,9.789917233269385,0.531055900621118,9.97449381642961,7.97449381642961,23.481275338959485,6.980169012124428,156.0,8.0,10.0,10.76086778143241,7.627122050295512,,,,,,,,,,,,,,,,,,,,,,,
etf|spx|W120|k0.75|>=|069500|oc,S1_grid,2466.0,474.0,10.257338954601101,2.975413589056461,15.976571358236344,3.945154324397281,11.59462917657228,0.5485232067510548,5.257338954601102,3.2573389546011016,10.76685148639039,9.768880659662614,232.0,7.0,10.0,7.530950839629968,5.553890599203,,,,,,,,,,,,,,,,,,,,,,,
etf|spx|W120|k1.00|>=|069500|oc,S1_grid,2466.0,333.0,10.543841822627257,2.2442279061990176,15.251685990698029,3.1900267226333785,11.115742670557704,0.5435435435435435,5.543841822627257,3.5438418226272574,11.61262562701082,9.494143443321972,165.0,6.0,10.0,6.649806726342708,3.9284825563973436,,,,,,,,,,,,,,,,,,,,,,,
etf|spx|W120|k1.25|>=|069500|oc,S1_grid,2466.0,227.0,11.792499142793915,1.9898893126000747,15.904883952519095,2.71697391516387,13.00717492552339,0.5682819383259912,6.792499142793914,4.792499142793914,10.404550393828375,13.12062251464887,111.0,7.0,10.0,6.830380564973191,3.0747492182175242,,,,,,,,,,,,,,,,,,,,,,,
etf|spx|W120|k1.50|>=|069500|oc,S1_grid,2466.0,157.0,9.692588978029997,1.3998343976029741,13.180015895791144,1.9100620163076658,13.00717492552339,0.5605095541401274,4.692588978029997,2.6925889780299976,12.841894062245137,6.3360927698533365,81.0,7.0,10.0,3.0947090833194064,-2.293698740130804,,,,,,,,,,,,,,,,,,,,,,,
etf|spx|W250|k0.75|>=|069500|oc,S1_grid,2466.0,456.0,7.883046749806239,2.1596553034207493,12.920559984369376,3.194759056821044,9.663799951555863,0.5394736842105263,2.8830467498062387,0.883046749806239,9.349716764494088,6.574606695209195,215.0,6.0,10.0,5.021522388508152,2.9950041792622093,,,,,,,,,,,,,,,,,,,,,,,
etf|spx|W250|k1.00|>=|069500|oc,S1_grid,2466.0,315.0,10.447668971934593,2.2498330321883597,15.013800078266316,2.900018642995987,11.128112393934408,0.5365079365079365,5.447668971934594,3.4476689719345943,10.935127205158434,10.004525123549287,150.0,7.0,10.0,6.325977436983641,3.423992019396681,,,,,,,,,,,,,,,,,,,,,,,
etf|spx|W250|k1.25|>=|069500|oc,S1_grid,2466.0,218.0,11.122102350219233,1.866895455771173,15.105799234519967,2.466231502587008,12.653964173334753,0.555045871559633,6.122102350219233,4.122102350219233,13.127084462279289,9.391305826133202,101.0,7.0,10.0,5.769150376040004,1.7159997751859584,,,,,,,,,,,,,,,,,,,,,,,
etf|spx|W250|k1.50|>=|069500|oc,S1_grid,2466.0,137.0,15.536466371123247,1.7656470745671498,19.25446902307856,2.29499541770323,17.903803348495728,0.5985401459854015,10.536466371123247,8.536466371123247,17.658654286904486,13.505229366018341,67.0,8.0,10.0,7.332902067073592,0.9355839982903048,,,,,,,,,,,,,,,,,,,,,,,
etf|spx|W500|k0.75|>=|069500|oc,S1_grid,2466.0,404.0,8.819215177947324,2.1964622892684074,13.714314700474432,3.2021399059348274,10.832302545465966,0.5470297029702971,3.8192151779473233,1.8192151779473236,10.455565171415914,7.701042682410453,164.0,8.0,10.0,5.596491757384085,3.309810857690403,,,,,,,,,,,,,,,,,,,,,,,
etf|spx|W500|k1.00|>=|069500|oc,S1_grid,2466.0,277.0,10.347781189019493,2.046051940390101,14.64063987925191,2.6681231467609248,11.822153687996995,0.555956678700361,5.347781189019494,3.3477811890194937,10.857678003071277,10.011921012099158,110.0,7.0,10.0,5.648428928911512,2.275048447182397,,,,,,,,,,,,,,,,,,,,,,,
etf|spx|W500|k1.25|>=|069500|oc,S1_grid,2466.0,196.0,16.928540220141524,2.568981719647348,21.267186108559024,3.2156754390205764,17.652461331869596,0.5918367346938775,11.928540220141523,9.928540220141523,23.310889794324485,12.240619736449611,83.0,8.0,10.0,11.111018852861083,6.722061957196909,,,,,,,,,,,,,,,,,,,,,,,
etf|spx|W500|k1.50|>=|069500|oc,S1_grid,2466.0,130.0,18.06075156008836,1.9678854153727494,21.861534944665028,2.5007303416849904,19.14332315599232,0.5923076923076923,13.06075156008836,11.060751560088358,28.67663565431476,10.275769890988995,55.0,8.0,10.0,9.21686736448172,2.487260377875287,,,,,,,,,,,,,,,,,,,,,,,
etf|es|W120|k0.75|>=|069500|oc,S1_grid,2466.0,475.0,8.48295697404211,2.5624021227184532,13.786893109768023,3.6130611542892437,7.196833393305901,0.5305263157894737,3.4829569740421107,1.482956974042111,5.276019718157532,11.493551132627632,230.0,6.0,10.0,6.02896868174198,4.113327869015905,,,,,,,,,,,,,,,,,,,,,,,
etf|es|W120|k1.00|>=|069500|oc,S1_grid,2466.0,328.0,10.351285998164963,2.3828734819039963,14.993921213767605,3.3449744697421684,11.740756911156058,0.5457317073170732,5.351285998164963,3.3512859981649634,6.18431189052479,14.417851091163206,162.0,8.0,10.0,6.8853142986654525,4.251746671733018,,,,,,,,,,,,,,,,,,,,,,,
etf|es|W120|k1.25|>=|069500|oc,S1_grid,2466.0,224.0,13.42235433211628,2.5655891957607295,17.676297085887146,3.20731890606184,15.12529064103485,0.5714285714285714,8.42235433211628,6.422354332116281,11.010758472309366,15.708127799237614,109.0,7.0,10.0,8.380557449611326,4.502060769191769,,,,,,,,,,,,,,,,,,,,,,,
etf|es|W120|k1.50|>=|069500|oc,S1_grid,2466.0,151.0,11.572420090791391,1.7956928537621215,15.148302474061227,2.2315119471799596,13.00717492552339,0.5894039735099338,6.572420090791391,4.572420090791391,12.943191085638691,10.289519031511224,73.0,7.0,10.0,4.767772224817398,-0.17615361884829414,,,,,,,,,,,,,,,,,,,,,,,
etf|es|W250|k0.75|>=|069500|oc,S1_grid,2466.0,456.0,9.295090686131648,2.5419857676335003,14.652948216696993,3.650063637994658,9.989775145722302,0.5372807017543859,4.295090686131648,2.2950906861316476,8.501370766233638,9.990820492462001,213.0,5.0,10.0,6.449220913928072,4.380241987500672,,,,,,,,,,,,,,,,,,,,,,,
etf|es|W250|k1.00|>=|069500|oc,S1_grid,2466.0,316.0,10.816120407114804,2.463044305205931,15.443388468606999,3.1493304027075566,12.040092626214305,0.5506329113924051,5.816120407114804,3.8161204071148043,7.580194376500358,13.666817148370388,148.0,7.0,10.0,7.145031403205808,4.2522449185316065,,,,,,,,,,,,,,,,,,,,,,,
etf|es|W250|k1.25|>=|069500|oc,S1_grid,2466.0,216.0,11.619446722360465,1.894218847990629,15.637461289289263,2.581179652376953,11.958695849373369,0.5509259259259259,6.619446722360464,4.619446722360464,14.37856490625273,9.49356877739429,94.0,7.0,10.0,6.2275412785715085,2.1461656937900324,,,,,,,,,,,,,,,,,,,,,,,
etf|es|W250|k1.50|>=|069500|oc,S1_grid,2466.0,143.0,15.76503070110886,1.9445360849868691,19.5468351237601,2.420345089379022,20.382842963488912,0.6013986013986014,10.76503070110886,8.76503070110886,19.8464194737583,12.550937042647426,63.0,8.0,10.0,7.9264244222347555,1.8400200390793304,,,,,,,,,,,,,,,,,,,,,,,
etf|es|W500|k0.75|>=|069500|oc,S1_grid,2466.0,406.0,11.149622682493455,3.01312448311464,16.51733097989746,3.9682295310394813,11.740756911156058,0.5566502463054187,6.149622682493454,4.149622682493455,10.43994859118255,11.640480595650164,166.0,9.0,10.0,7.972030145630607,5.661043895559623,,,,,,,,,,,,,,,,,,,,,,,
etf|es|W500|k1.00|>=|069500|oc,S1_grid,2466.0,275.0,12.534115459601404,2.4819299900689216,17.088024193033974,3.1966046333340143,14.39992055216166,0.5709090909090909,7.534115459601404,5.534115459601405,8.340115060156315,15.246403143074874,108.0,7.0,10.0,8.337379515330053,5.139303786031161,,,,,,,,,,,,,,,,,,,,,,,
etf|es|W500|k1.25|>=|069500|oc,S1_grid,2466.0,195.0,17.04194038272271,2.786186336260638,21.38095872626764,3.231360093463186,20.382842963488912,0.5897435897435898,12.04194038272271,10.04194038272271,22.569466535286676,13.356922947680067,78.0,8.0,10.0,11.196784696735035,6.786421705523325,,,,,,,,,,,,,,,,,,,,,,,
etf|es|W500|k1.50|>=|069500|oc,S1_grid,2466.0,141.0,16.95955098532477,1.9871453627098647,20.796982801449886,2.5381902123699933,20.382842963488912,0.5886524822695035,11.959550985324771,9.959550985324771,29.527962628717756,8.67918566732469,56.0,6.0,10.0,8.790495637349421,2.600104183836959,,,,,,,,,,,,,,,,,,,,,,,
etf|spx+ixic|W120|k0.75|>=|069500|oc,S1_grid,2466.0,476.0,10.947091406281377,3.064185550945686,16.847366679120544,4.182571272544701,11.082733213731988,0.5441176470588235,5.947091406281377,3.9470914062813773,10.745272426652052,11.13107899012016,227.0,8.0,10.0,8.239602523769571,6.27863107926868,,,,,,,,,,,,,,,,,,,,,,,
etf|spx+ixic|W120|k1.00|>=|069500|oc,S1_grid,2466.0,339.0,11.143881051487172,2.3217332744589223,15.990382208052575,3.3552714873150244,11.128112393934408,0.5457227138643068,6.143881051487172,4.143881051487172,9.958962195182961,12.321829796871947,169.0,7.0,10.0,7.328781304669709,4.66740490953075,,,,,,,,,,,,,,,,,,,,,,,
etf|spx+ixic|W120|k1.25|>=|069500|oc,S1_grid,2466.0,233.0,12.91891360597816,2.2032679361831575,17.191568847246813,3.006543518725966,13.377926421405117,0.575107296137339,7.91891360597816,5.91891360597816,13.172273788142519,12.68033276777339,113.0,7.0,10.0,8.112079167555882,4.486233834672176,,,,,,,,,,,,,,,,,,,,,,,
etf|spx+ixic|W120|k1.50|>=|069500|oc,S1_grid,2466.0,160.0,14.59373185874672,2.168383136578301,18.43836732316966,2.7191593773846052,17.322262835894886,0.5875,9.593731858746718,7.593731858746719,17.742964229006052,11.199104758337304,83.0,7.0,10.0,8.281654248473,3.1537729413911864,,,,,,,,,,,,,,,,,,,,,,,
etf|spx+ixic|W250|k0.75|>=|069500|oc,S1_grid,2466.0,460.0,9.409439939475945,2.5736872535052226,14.822737375028678,3.6983602010140424,11.044205864996215,0.5478260869565217,4.409439939475944,2.4094399394759445,10.14221387381177,8.75506980058346,217.0,9.0,10.0,6.589845387833992,4.598766484884968,,,,,,,,,,,,,,,,,,,,,,,
etf|spx+ixic|W250|k1.00|>=|069500|oc,S1_grid,2466.0,316.0,11.797616001790232,2.521123463141452,16.569141090220775,3.2200017293096734,11.329005306381923,0.5474683544303798,6.797616001790231,4.797616001790231,13.314110860837124,10.511699308446374,145.0,8.0,10.0,7.7108808227371215,4.841008157916024,,,,,,,,,,,,,,,,,,,,,,,
etf|spx+ixic|W250|k1.25|>=|069500|oc,S1_grid,2466.0,220.0,14.31041828585209,2.2760482712018053,18.619868110628648,3.0284314479421766,17.652461331869596,0.5818181818181818,9.310418285852089,7.31041828585209,14.771286764364598,13.904696462888088,103.0,7.0,10.0,9.08140809598227,5.145722208468317,,,,,,,,,,,,,,,,,,,,,,,
etf|spx+ixic|W250|k1.50|>=|069500|oc,S1_grid,2466.0,139.0,14.346791937866287,1.692982385668103,18.010279846299348,2.173184189460945,17.401119315243463,0.5899280575539568,9.346791937866287,7.346791937866288,18.000632149998573,10.946690629354302,67.0,8.0,10.0,6.221278055024206,-0.11994298990388962,,,,,,,,,,,,,,,,,,,,,,,
etf|spx+ixic|W500|k0.75|>=|069500|oc,S1_grid,2466.0,416.0,9.741124744408221,2.5117544271094623,14.903583367449148,3.5621456190400447,11.329005306381923,0.5552884615384616,4.7411247444082205,2.741124744408221,10.09919983400323,9.48871115666092,172.0,7.0,10.0,6.623710883161442,4.417267092889461,,,,,,,,,,,,,,,,,,,,,,,
etf|spx+ixic|W500|k1.00|>=|069500|oc,S1_grid,2466.0,285.0,10.722233652044332,2.2118287164867056,15.117726029115525,2.8199578597736417,12.258031564431615,0.5684210526315789,5.722233652044332,3.722233652044333,9.217306318117565,11.710935912124127,113.0,7.0,10.0,6.16383525049345,2.8979604977161264,,,,,,,,,,,,,,,,,,,,,,,
etf|spx+ixic|W500|k1.25|>=|069500|oc,S1_grid,2466.0,194.0,15.764272703446487,2.3407889467570877,19.98478378972696,2.983483121056155,17.261012033564782,0.5927835051546392,10.764272703446487,8.764272703446487,23.896195616204373,9.810543428034464,82.0,8.0,10.0,9.854389535541518,5.383579050866875,,,,,,,,,,,,,,,,,,,,,,,
etf|spx+ixic|W500|k1.50|>=|069500|oc,S1_grid,2466.0,131.0,21.219921484210076,2.2223141207090724,25.207305637525526,2.8346481034422237,24.398922380928223,0.6183206106870229,16.219921484210076,14.219921484210076,36.160488115207954,10.064298399731664,56.0,8.0,10.0,12.571590731589275,6.011258554745528,,,,,,,,,,,,,,,,,,,,,,,
etf|es+nq|W120|k0.75|>=|069500|oc,S1_grid,2466.0,486.0,8.865722689490651,2.751846569176084,14.34020426052722,3.8801033939884864,9.3303855905158,0.5370370370370371,3.865722689490651,1.8657226894906513,5.294211281618174,12.378923707030516,241.0,7.0,10.0,6.471833565158389,4.60511370486313,,,,,,,,,,,,,,,,,,,,,,,
etf|es+nq|W120|k1.00|>=|069500|oc,S1_grid,2466.0,336.0,11.151337919262405,2.586279713350644,15.976493705380742,3.4699140399119615,12.279392492788865,0.5505952380952381,6.151337919262405,4.151337919262405,6.557708744725014,15.583787122763395,165.0,8.0,10.0,7.7812213049637515,5.226022009463681,,,,,,,,,,,,,,,,,,,,,,,
etf|es+nq|W120|k1.25|>=|069500|oc,S1_grid,2466.0,230.0,15.333630778803377,2.8864738235816607,19.83160366014731,3.6974628668066543,17.652461331869596,0.5826086956521739,10.333630778803377,8.333630778803377,12.827577989615888,17.71225715498133,112.0,7.0,10.0,10.4687546230916,6.743494151535311,,,,,,,,,,,,,,,,,,,,,,,
etf|es+nq|W120|k1.50|>=|069500|oc,S1_grid,2466.0,159.0,14.156803931977786,2.104344646587843,17.963333671355564,2.6095846855923073,17.903803348495728,0.5974842767295597,9.156803931977784,7.156803931977785,18.1847748517249,10.179182648727512,79.0,8.0,10.0,7.789552833105896,2.6249938942563857,,,,,,,,,,,,,,,,,,,,,,,
etf|es+nq|W250|k0.75|>=|069500|oc,S1_grid,2466.0,454.0,9.286514075754194,2.5820039753221984,14.627870772549587,3.674623820159154,10.837820437376022,0.5440528634361234,4.286514075754194,2.2865140757541944,7.281941036248111,11.042586325238862,212.0,6.0,10.0,6.4278723155856,4.3493332521208865,,,,,,,,,,,,,,,,,,,,,,,
etf|es+nq|W250|k1.00|>=|069500|oc,S1_grid,2466.0,316.0,11.647628177829395,2.549339258386263,16.397108544226633,3.3074734411555764,12.040092626214305,0.5537974683544303,6.647628177829394,4.647628177829394,8.286876587277483,14.461280672244946,144.0,8.0,10.0,7.989907466054073,5.1109261458054975,,,,,,,,,,,,,,,,,,,,,,,
etf|es+nq|W250|k1.25|>=|069500|oc,S1_grid,2466.0,213.0,13.409468270113349,2.0729996688779107,17.57589038511305,2.837171388324668,17.24340635654631,0.5727699530516432,8.409468270113349,6.409468270113348,15.391958205837296,11.782809861314211,96.0,7.0,10.0,7.982824323475344,3.884366415886847,,,,,,,,,,,,,,,,,,,,,,,
etf|es+nq|W250|k1.50|>=|069500|oc,S1_grid,2466.0,147.0,13.831657778772287,1.7160657623359703,17.52462284002262,2.1889274944819173,19.01140684410718,0.5850340136054422,8.831657778772287,6.831657778772287,17.95049667516318,10.475566826157486,66.0,7.0,10.0,6.145780799220817,0.17209465998912798,,,,,,,,,,,,,,,,,,,,,,,
etf|es+nq|W500|k0.75|>=|069500|oc,S1_grid,2466.0,407.0,11.405049535235396,3.0430154935630194,16.831269760782153,4.045056365868141,11.659360134315122,0.5601965601965602,6.405049535235395,4.4050495352353956,10.600003005434955,11.953944896462966,165.0,8.0,10.0,8.23853840832422,5.936729809546786,,,,,,,,,,,,,,,,,,,,,,,
etf|es+nq|W500|k1.00|>=|069500|oc,S1_grid,2466.0,278.0,11.244547708739898,2.2348633511477094,15.658037903707891,2.98208248084629,12.040092626214305,0.564748201438849,6.244547708739899,4.244547708739899,7.952602040189252,13.367755270112802,109.0,7.0,10.0,7.070311284902638,3.8843955781252375,,,,,,,,,,,,,,,,,,,,,,,
etf|es+nq|W500|k1.25|>=|069500|oc,S1_grid,2466.0,195.0,14.977815672829657,2.317219392012421,19.139597416449824,2.851841490206621,19.01140684410718,0.5948717948717949,9.977815672829657,7.977815672829657,19.10978500727205,12.103402222782774,80.0,8.0,10.0,9.078340915529008,4.610722686987403,,,,,,,,,,,,,,,,,,,,,,,
etf|es+nq|W500|k1.50|>=|069500|oc,S1_grid,2466.0,135.0,18.098051158096784,1.9590489502096013,21.94788779040174,2.581292745782431,23.50705211563442,0.6074074074074074,13.098051158096785,11.098051158096784,31.191273361890683,9.635358758083653,53.0,6.0,10.0,9.595750954552264,3.1404309239593164,,,,,,,,,,,,,,,,,,,,,,,
etf|spx+krprev|W120|k0.75|>=|069500|oc,S1_grid,2466.0,465.0,9.738253874129096,2.7288027217359287,15.265000668247122,3.8233583979352885,9.375266342794841,0.535483870967742,4.738253874129096,2.738253874129096,7.372208200957505,12.014449711610627,228.0,9.0,10.0,7.149133186992811,5.203699878440347,,,,,,,,,,,,,,,,,,,,,,,
etf|spx+krprev|W120|k1.00|>=|069500|oc,S1_grid,2466.0,326.0,9.113444475189404,2.444994240935631,13.55349829877437,3.011200940927252,11.590626904619539,0.5552147239263804,4.113444475189405,2.1134444751894046,9.00923279095922,9.213889472037776,160.0,8.0,10.0,5.87042289023204,3.368704341970974,,,,,,,,,,,,,,,,,,,,,,,
etf|spx+krprev|W120|k1.25|>=|069500|oc,S1_grid,2466.0,218.0,11.083054008535834,2.149705866116755,15.062964176427833,2.697517030747117,12.926337285582568,0.5779816513761468,6.083054008535834,4.083054008535834,10.553521149316202,11.575097815775313,105.0,7.0,10.0,6.479476941435153,2.8203419897309967,,,,,,,,,,,,,,,,,,,,,,,
etf|spx+krprev|W120|k1.50|>=|069500|oc,S1_grid,2466.0,150.0,12.140590633113295,2.3194140797864473,15.746730908815756,2.2509898434066082,18.066205770322917,0.5866666666666667,7.140590633113295,5.140590633113295,12.743249575287358,11.553791136785916,74.0,8.0,10.0,5.864458297779787,1.2199860914081888,,,,,,,,,,,,,,,,,,,,,,,
etf|spx+krprev|W250|k0.75|>=|069500|oc,S1_grid,2466.0,455.0,8.00698145624651,2.3892559907418436,13.066110668654405,3.2891052179049027,10.269953051642577,0.5472527472527473,3.0069814562465096,1.0069814562465098,6.524968752122934,9.26608981056288,209.0,6.0,10.0,5.140475204217099,3.110739569958339,,,,,,,,,,,,,,,,,,,,,,,
etf|spx+krprev|W250|k1.00|>=|069500|oc,S1_grid,2466.0,315.0,9.414939282180509,2.284639757704002,13.82983382306708,2.758821398116967,12.258031564431615,0.5523809523809524,4.414939282180509,2.4149392821805087,6.63527701429194,11.909937341911814,149.0,6.0,10.0,5.709408360114803,2.887670904245023,,,,,,,,,,,,,,,,,,,,,,,
etf|spx+krprev|W250|k1.25|>=|069500|oc,S1_grid,2466.0,207.0,9.604014221091386,1.6438952386195183,13.375047079580156,2.0472101962261164,13.00717492552339,0.5603864734299517,4.604014221091387,2.6040142210913872,13.498359604034777,6.427048250795464,93.0,6.0,10.0,4.461618701161737,0.2645841246894697,,,,,,,,,,,,,,,,,,,,,,,
etf|spx+krprev|W250|k1.50|>=|069500|oc,S1_grid,2466.0,136.0,16.45682366170312,2.333624468207537,20.220283018592472,2.6599242252006765,16.046497200116193,0.5882352941176471,11.456823661703119,9.456823661703119,24.625307885349127,9.407309879652454,63.0,7.0,10.0,8.788885892063954,2.4514168202834106,,,,,,,,,,,,,,,,,,,,,,,
etf|spx+krprev|W500|k0.75|>=|069500|oc,S1_grid,2466.0,420.0,6.950437266350592,1.8752107011710424,11.569164507517472,2.7826799135390017,8.817400029746958,0.5357142857142857,1.950437266350592,-0.04956273364940789,8.024262184449515,6.21299123825856,171.0,6.0,10.0,3.8294480269223587,1.6104541412354825,,,,,,,,,,,,,,,,,,,,,,,
etf|spx+krprev|W500|k1.00|>=|069500|oc,S1_grid,2466.0,283.0,7.129656168704944,1.6292003011551126,11.045563167927828,2.0988979022829284,10.02721673112772,0.5512367491166078,2.1296561687049445,0.12965616870494445,7.105454299860469,7.14622292416396,115.0,7.0,10.0,2.956487098892905,-0.22355594546642027,,,,,,,,,,,,,,,,,,,,,,,
etf|spx+krprev|W500|k1.25|>=|069500|oc,S1_grid,2466.0,187.0,7.08199522745497,1.1322645746072695,10.52871106382802,1.5903290708750197,11.529898218829437,0.5508021390374331,2.081995227454969,0.0819952274549692,7.0561721231471095,7.099287484803983,75.0,6.0,10.0,1.3052150626529284,-3.375721598112287,,,,,,,,,,,,,,,,,,,,,,,
etf|spx+krprev|W500|k1.50|>=|069500|oc,S1_grid,2466.0,131.0,14.45363641772954,1.94753850884598,18.06141314333234,2.2071537637881127,13.00717492552339,0.5725190839694656,9.45363641772954,7.453636417729538,24.363914465419818,7.7197295391707605,53.0,6.0,10.0,6.401923845962885,-0.2098222135250012,,,,,,,,,,,,,,,,,,,,,,,
idx|spx|W120|k0.75|>=|069500|oc,S1_grid,2466.0,482.0,18.7139704150003,5.667441874518481,26.55210853172933,7.200294975771668,16.474713502914184,0.58298755186722,13.713970415000299,11.713970415000297,24.60076111984971,12.264095381860946,252.0,9.0,10.0,16.053922469642348,14.172075060779132,,,,,,,,,,,,,,,,,,,,,,,
idx|spx|W120|k1.00|>=|069500|oc,S1_grid,2466.0,327.0,23.191652505771724,5.926966972402441,29.790251221502228,6.801165808916225,23.50705211563442,0.6116207951070336,18.191652505771724,16.191652505771724,30.50460498516138,15.833835287244714,164.0,10.0,10.0,19.320675923529844,16.570208384999876,,,,,,,,,,,,,,,,,,,,,,,
idx|spx|W120|k1.25|>=|069500|oc,S1_grid,2466.0,220.0,19.082295366174918,3.999412947613621,23.85915968679794,4.60513323207949,22.0417394215211,0.6045454545454545,14.08229536617492,12.082295366174922,28.100604603451984,10.84818693213934,105.0,8.0,10.0,14.128149584038662,10.465395066164222,,,,,,,,,,,,,,,,,,,,,,,
idx|spx|W120|k1.50|>=|069500|oc,S1_grid,2466.0,150.0,18.861801145832246,2.6656812445563753,22.903252983239256,3.270147058526684,23.95298724828132,0.5866666666666667,13.861801145832247,11.861801145832246,26.969555453779975,11.767516126377982,70.0,7.0,10.0,11.50839553023908,5.923377080148982,,,,,,,,,,,,,,,,,,,,,,,
idx|spx|W250|k0.75|>=|069500|oc,S1_grid,2466.0,460.0,19.12655391116348,5.60625424104619,26.768102805826985,7.129423834601859,16.474713502914184,0.5891304347826087,14.126553911163482,12.12655391116348,25.821597790950868,12.314053121204383,232.0,8.0,10.0,16.34242214752628,14.371778861761795,,,,,,,,,,,,,,,,,,,,,,,
idx|spx|W250|k1.25|>=|069500|oc,S1_grid,2466.0,211.0,19.219105785839467,3.678694923288843,23.913546408620725,4.4061344493526615,22.87457110179192,0.5971563981042654,14.219105785839465,12.219105785839465,30.929175381654645,9.063470207167892,98.0,7.0,10.0,13.880786594955609,9.888263491059769,,,,,,,,,,,,,,,,,,,,,,,
idx|spx|W250|k1.50|>=|069500|oc,S1_grid,2466.0,139.0,21.526447552181793,3.0813565988622074,25.618801868173897,3.580635977522341,24.706609017912662,0.5899280575539568,16.526447552181793,14.526447552181791,34.63333787968827,11.2761871678498,61.0,8.0,10.0,13.405872593298486,7.1665569817376396,,,,,,,,,,,,,,,,,,,,,,,
idx|spx|W500|k0.75|>=|069500|oc,S1_grid,2466.0,419.0,19.241012805371216,5.088827994964891,26.36984360606026,6.550105573884798,15.358838313319634,0.5823389021479713,14.241012805371216,12.241012805371218,28.45935652846792,11.3687104223727,193.0,9.0,10.0,16.147388013090744,13.832578933442578,,,,,,,,,,,,,,,,,,,,,,,
idx|spx|W500|k1.00|>=|069500|oc,S1_grid,2466.0,273.0,19.129051419132008,4.100355199779113,24.488359819033334,4.98227376935826,19.755227907873874,0.6043956043956044,14.12905141913201,12.12905141913201,30.087497180626197,10.786492710381596,118.0,9.0,10.0,14.523389241524514,11.330918540701536,,,,,,,,,,,,,,,,,,,,,,,
idx|spx|W500|k1.25|>=|069500|oc,S1_grid,2466.0,177.0,17.992300439114217,3.288765671750886,22.236673292449193,3.6494255879494832,21.208907741250282,0.5932203389830508,12.992300439114215,10.992300439114215,29.758563905415443,10.65187919408226,68.0,8.0,10.0,11.563069159720607,6.688304303078461,,,,,,,,,,,,,,,,,,,,,,,
idx|spx|W500|k1.50|>=|069500|oc,S1_grid,2466.0,126.0,20.67856271631581,2.5717190761720894,24.582935017946713,3.151629381285843,24.55276569942044,0.5952380952380952,15.678562716315808,13.678562716315808,40.2326183236548,8.235072784372814,49.0,5.0,10.0,11.650492727310084,4.7728014862756565,,,,,,,,,,,,,,,,,,,,,,,
idx|es|W120|k0.75|>=|069500|oc,S1_grid,2466.0,487.0,18.404070713473526,5.344116455420259,26.233032169270167,7.00867541167098,15.96980255516911,0.5811088295687885,13.404070713473526,11.404070713473525,24.177434600827528,12.05834747521805,255.0,10.0,10.0,15.768401899275649,13.848620867147133,,,,,,,,,,,,,,,,,,,,,,,
idx|es|W120|k1.00|>=|069500|oc,S1_grid,2466.0,324.0,21.865871467355458,5.683150016068657,28.22220883382766,6.53187626718077,25.299374007892173,0.6172839506172839,16.865871467355458,14.865871467355458,27.341441422822193,16.52385199860742,160.0,9.0,10.0,18.30657050305145,15.692863853341867,,,,,,,,,,,,,,,,,,,,,,,
idx|es|W120|k1.25|>=|069500|oc,S1_grid,2466.0,217.0,21.358278365576496,4.530084673643408,26.32291984574106,5.154574443229083,27.368319969269805,0.6359447004608295,16.358278365576496,14.358278365576494,26.180163042818887,17.15991325866717,101.0,9.0,10.0,16.38770559122608,12.72825615785565,,,,,,,,,,,,,,,,,,,,,,,
idx|es|W120|k1.50|>=|069500|oc,S1_grid,2466.0,148.0,21.111210161034165,2.991583617132111,25.276521372161877,3.689353371062464,24.80234184890073,0.6148648648648649,16.111210161034165,14.111210161034164,26.5832941208237,15.785048440172345,73.0,7.0,10.0,13.733610376523675,8.148273356370119,,,,,,,,,,,,,,,,,,,,,,,
idx|es|W250|k0.75|>=|069500|oc,S1_grid,2466.0,474.0,18.48050083864585,5.355871148705004,26.15644947372497,6.948112680383611,17.111515403602784,0.5843881856540084,13.480500838645847,11.480500838645849,25.567669812292586,11.570511089340277,234.0,9.0,10.0,15.772589926454986,13.85526527193047,,,,,,,,,,,,,,,,,,,,,,,
idx|es|W250|k1.00|>=|069500|oc,S1_grid,2466.0,314.0,24.132203461317385,5.831606075495678,30.68807900519012,6.922736994319348,25.299374007892173,0.6305732484076433,19.132203461317385,17.132203461317385,30.510200630069065,18.07112540654095,153.0,10.0,10.0,20.494386802278004,17.81588842879922,,,,,,,,,,,,,,,,,,,,,,,
idx|es|W250|k1.25|>=|069500|oc,S1_grid,2466.0,208.0,19.6744929762432,3.7641018094154552,24.379110701052007,4.260653111736379,24.55276569942044,0.6057692307692307,14.6744929762432,12.6744929762432,25.90189459237015,14.018412609302215,99.0,9.0,10.0,14.268498802006476,10.225273636108449,,,,,,,,,,,,,,,,,,,,,,,
idx|es|W250|k1.50|>=|069500|oc,S1_grid,2466.0,140.0,21.817936483750564,3.0621227521375425,25.93884937768217,3.473291494775998,25.90086357156074,0.6,16.817936483750564,14.817936483750563,27.004142799227306,17.45060484966488,64.0,8.0,10.0,13.768309818324497,7.590928835507425,,,,,,,,,,,,,,,,,,,,,,,
idx|es|W500|k0.75|>=|069500|oc,S1_grid,2466.0,412.0,18.167535569090294,4.907170165755952,24.99117575313386,6.14299274019583,18.082744179553913,0.5825242718446602,13.167535569090294,11.167535569090296,27.247850977584598,11.260287095962147,178.0,9.0,10.0,15.043272561313161,12.821170007768178,,,,,,,,,,,,,,,,,,,,,,,
idx|es|W500|k1.00|>=|069500|oc,S1_grid,2466.0,272.0,19.06790126021331,4.400731434871932,24.408467088079238,4.940925421871412,23.701207788344725,0.6102941176470589,14.067901260213311,12.067901260213311,23.3263317278029,15.901376040723619,116.0,9.0,10.0,14.946366518826775,11.88435949772207,,,,,,,,,,,,,,,,,,,,,,,
idx|es|W500|k1.25|>=|069500|oc,S1_grid,2466.0,179.0,19.917380039945847,3.3005121935589385,24.331872086605436,3.822296427371697,23.50705211563442,0.6145251396648045,14.917380039945849,12.917380039945847,27.3717087925503,14.901383122305468,72.0,8.0,10.0,13.617366349994455,8.861069041663866,,,,,,,,,,,,,,,,,,,,,,,
idx|es|W500|k1.50|>=|069500|oc,S1_grid,2466.0,129.0,24.257575400281144,3.2533336125799224,28.391062567673753,3.8283090075348776,27.417746759721418,0.6124031007751938,19.257575400281144,17.257575400281144,38.875771758560184,15.005552388712129,50.0,6.0,10.0,15.592241486975773,9.180924246684896,,,,,,,,,,,,,,,,,,,,,,,
idx|spx+ixic|W120|k0.75|>=|069500|oc,S1_grid,2466.0,487.0,18.31547790901574,5.3331294061859476,26.12263810368509,7.116487708132323,15.358838313319634,0.5749486652977412,13.31547790901574,11.315477909015739,24.45077203448394,11.682018875924058,253.0,9.0,10.0,15.67889008232349,13.812837380185057,,,,,,,,,,,,,,,,,,,,,,,
idx|spx+ixic|W120|k1.00|>=|069500|oc,S1_grid,2466.0,333.0,23.93880935714809,5.798224291357746,30.737850988414085,6.939443232190272,25.205761316873243,0.6216216216216216,18.93880935714809,16.93880935714809,29.830815228702626,17.64424407822027,172.0,10.0,10.0,20.150032908291376,17.46349598943629,,,,,,,,,,,,,,,,,,,,,,,
idx|spx+ixic|W120|k1.25|>=|069500|oc,S1_grid,2466.0,219.0,19.32906659514041,3.954859784408469,24.11936382161844,4.583334741912387,23.50705211563442,0.6118721461187214,14.32906659514041,12.329066595140413,27.970388290199562,11.073518190039255,107.0,9.0,10.0,14.35753628198869,10.670082448999576,,,,,,,,,,,,,,,,,,,,,,,
idx|spx+ixic|W120|k1.50|>=|069500|oc,S1_grid,2466.0,155.0,22.265319123915468,3.1876582994512783,26.584599412866986,3.88174204897574,25.205761316873243,0.6129032258064516,17.265319123915468,15.265319123915466,29.44511302228542,15.706001241454027,74.0,7.0,10.0,15.27047762811151,10.007772990020122,,,,,,,,,,,,,,,,,,,,,,,
idx|spx+ixic|W250|k0.75|>=|069500|oc,S1_grid,2466.0,469.0,19.486157478699244,5.743863574791453,27.332797509280073,7.345488601927655,15.358838313319634,0.5863539445628998,14.486157478699242,12.486157478699242,26.110787869956393,13.165155980374713,229.0,9.0,10.0,16.75990330926552,14.832447813001203,,,,,,,,,,,,,,,,,,,,,,,
idx|spx+ixic|W250|k1.00|>=|069500|oc,S1_grid,2466.0,325.0,22.205914693694034,5.151624224783367,28.627051806730126,6.308625147790628,21.208907741250282,0.6061538461538462,17.205914693694034,15.205914693694032,30.8134658671383,13.859198404293524,160.0,9.0,10.0,18.295342354499425,15.51113639399418,,,,,,,,,,,,,,,,,,,,,,,
idx|spx+ixic|W250|k1.25|>=|069500|oc,S1_grid,2466.0,209.0,23.202946474873265,4.202242088353536,28.245103363136153,5.26172606644001,27.095118125208817,0.6124401913875598,18.202946474873265,16.202946474873265,34.790316851108166,11.943520543248782,103.0,9.0,10.0,17.90993397547667,13.978519870047231,,,,,,,,,,,,,,,,,,,,,,,
idx|spx+ixic|W250|k1.50|>=|069500|oc,S1_grid,2466.0,140.0,24.090797196842026,3.3388727111971908,28.3485116814154,3.9677428544964704,27.451860691130037,0.6142857142857143,19.090797196842026,17.090797196842026,34.35653244237212,16.164090235103597,61.0,8.0,10.0,16.125350557826753,10.038624988067463,,,,,,,,,,,,,,,,,,,,,,,
idx|spx+ixic|W500|k0.75|>=|069500|oc,S1_grid,2466.0,427.0,19.8331594715645,5.254407691425358,27.189457351857868,6.778424797604734,17.401119315243463,0.5925058548009368,14.833159471564498,12.833159471564498,29.977722212358692,11.544835870575199,192.0,9.0,10.0,16.805197550538075,14.542684682699079,,,,,,,,,,,,,,,,,,,,,,,
idx|spx+ixic|W500|k1.00|>=|069500|oc,S1_grid,2466.0,279.0,20.020159493127867,4.32085520154447,25.56033177577211,5.2809564784929055,20.16406214197408,0.6093189964157706,15.020159493127865,13.020159493127865,31.055367253371752,11.445029895995669,122.0,9.0,10.0,15.531612328059145,12.429089358231003,,,,,,,,,,,,,,,,,,,,,,,
idx|spx+ixic|W500|k1.25|>=|069500|oc,S1_grid,2466.0,177.0,20.28506172738704,3.57942851303236,24.706725427390563,4.00152757426636,24.398922380928223,0.6101694915254238,15.285061727387038,13.285061727387037,30.967011044963357,13.460482996713278,69.0,8.0,10.0,13.92248048544322,9.118356686457437,,,,,,,,,,,,,,,,,,,,,,,
idx|spx+ixic|W500|k1.50|>=|069500|oc,S1_grid,2466.0,128.0,23.880961263187334,3.087669445788338,27.98168638091553,3.6124100673419193,28.592591171501258,0.625,18.880961263187334,16.880961263187334,41.69138272347317,12.464024429670772,50.0,5.0,10.0,15.129867962900057,8.516178913899688,,,,,,,,,,,,,,,,,,,,,,,
idx|es+nq|W120|k0.75|>=|069500|oc,S1_grid,2466.0,501.0,18.76967251607869,5.58185076473304,26.878750487638953,7.342618109610315,17.401119315243463,0.5828343313373253,13.769672516078689,11.769672516078687,23.23960690511891,13.985734471610021,259.0,9.0,10.0,16.212083081743305,14.3515593619613,,,,,,,,,,,,,,,,,,,,,,,
idx|es+nq|W120|k1.00|>=|069500|oc,S1_grid,2466.0,336.0,23.331028324655797,5.741472286484948,30.07748738599139,6.9695372464239576,26.930492420133014,0.6309523809523809,18.331028324655797,16.331028324655794,29.517778058799973,17.070185779324262,169.0,9.0,10.0,19.92289774058789,17.430191446658053,,,,,,,,,,,,,,,,,,,,,,,
idx|es+nq|W120|k1.25|>=|069500|oc,S1_grid,2466.0,220.0,20.19952945205926,4.215159095418915,25.085828990355722,4.913505845555871,25.732569833142314,0.6318181818181818,15.19952945205926,13.199529452059258,25.654550466386898,15.569637666789578,101.0,9.0,10.0,15.271365857966819,11.623229175991419,,,,,,,,,,,,,,,,,,,,,,,
idx|es+nq|W120|k1.50|>=|069500|oc,S1_grid,2466.0,153.0,21.907887046946097,3.049643834829493,26.18053685314691,3.8025707496657692,25.205761316873243,0.6143790849673203,16.907887046946097,14.907887046946097,29.2065739961237,15.420165314343787,72.0,7.0,10.0,14.806445258057993,9.453911451250168,,,,,,,,,,,,,,,,,,,,,,,
idx|es+nq|W250|k0.75|>=|069500|oc,S1_grid,2466.0,483.0,17.908879389727236,5.26394547054385,25.5643110734381,6.921470973979817,16.97962445065926,0.5838509316770186,12.908879389727234,10.908879389727234,22.93931852395597,12.981523024642533,239.0,9.0,10.0,15.245974943990607,13.359565399356997,,,,,,,,,,,,,,,,,,,,,,,
idx|es+nq|W250|k1.00|>=|069500|oc,S1_grid,2466.0,320.0,23.90077100394799,5.684816426485198,30.507937362206924,6.886019392867427,25.299374007892173,0.625,18.90077100394799,16.90077100394799,29.27935794234922,18.784554160102925,156.0,10.0,10.0,20.32857255972572,17.699241666982775,,,,,,,,,,,,,,,,,,,,,,,
idx|es+nq|W250|k1.25|>=|069500|oc,S1_grid,2466.0,206.0,18.398701944363406,3.5242611078679964,22.965456317858454,4.0617081745405,22.0417394215211,0.5970873786407767,13.398701944363404,11.398701944363406,21.88063659209119,15.418667786398187,95.0,8.0,10.0,12.90718068799796,8.78797061953953,,,,,,,,,,,,,,,,,,,,,,,
idx|es+nq|W250|k1.50|>=|069500|oc,S1_grid,2466.0,138.0,24.04030444179142,3.042179129116876,28.2706714076538,3.703692645358699,28.0334127262416,0.6231884057971014,19.04030444179142,17.04030444179142,30.803426499236092,18.35928191353789,63.0,8.0,10.0,15.953178426435668,9.764622295766424,,,,,,,,,,,,,,,,,,,,,,,
idx|es+nq|W500|k0.75|>=|069500|oc,S1_grid,2466.0,414.0,18.122988327679234,4.924241081881032,24.96199878148974,6.144836105147277,18.082744179553913,0.5893719806763285,13.122988327679236,11.122988327679234,26.809887260153907,11.374796453095906,181.0,9.0,10.0,15.013458302318972,12.801987268110915,,,,,,,,,,,,,,,,,,,,,,,
idx|es+nq|W500|k1.00|>=|069500|oc,S1_grid,2466.0,277.0,19.143366028220456,4.240982236005976,24.54923385525455,4.948971288835915,22.87457110179192,0.6101083032490975,14.143366028220456,12.143366028220456,24.510043985761868,15.041446570227015,120.0,9.0,10.0,15.098982013109538,12.09717391551396,,,,,,,,,,,,,,,,,,,,,,,
idx|es+nq|W500|k1.25|>=|069500|oc,S1_grid,2466.0,179.0,20.98824693889645,3.5246757291640103,25.486554103576243,3.9845033106169314,24.706609017912662,0.6256983240223464,15.988246938896449,13.988246938896449,25.92543648802004,17.666025933878704,72.0,8.0,10.0,14.719005286271221,9.995300845877814,,,,,,,,,,,,,,,,,,,,,,,
idx|es+nq|W500|k1.50|>=|069500|oc,S1_grid,2466.0,131.0,24.31394967078753,3.1858937907966256,28.474917418296375,3.9139374046729776,27.485974622538656,0.6259541984732825,19.31394967078753,17.31394967078753,37.95380682773011,15.894284759094576,50.0,7.0,10.0,15.78839781445948,9.491158393325628,,,,,,,,,,,,,,,,,,,,,,,
idx|spx+krprev|W120|k0.75|>=|069500|oc,S1_grid,2466.0,483.0,18.480068709491622,5.5416992700023835,26.274625174567134,6.902459463321241,15.96980255516911,0.5817805383022774,13.480068709491624,11.480068709491622,22.97793100743818,13.925983132820733,243.0,9.0,10.0,15.943116832363934,14.265827944396309,,,,,,,,,,,,,,,,,,,,,,,
idx|spx+krprev|W120|k1.00|>=|069500|oc,S1_grid,2466.0,339.0,19.71495388658439,5.276529053851281,25.927507554244226,6.131114930028281,18.822393822393035,0.5988200589970502,14.71495388658439,12.71495388658439,24.277711645030394,15.070718311023278,171.0,9.0,10.0,16.56050552712486,14.251499433297978,,,,,,,,,,,,,,,,,,,,,,,
idx|spx+krprev|W120|k1.25|>=|069500|oc,S1_grid,2466.0,209.0,18.16956139689697,3.7312541536143633,22.745622812719795,3.7990532188723134,22.87457110179192,0.5980861244019139,13.16956139689697,11.16956139689697,22.411441335249247,13.886894151445155,105.0,9.0,10.0,12.968061889426703,9.220573658986988,,,,,,,,,,,,,,,,,,,,,,,
idx|spx+krprev|W120|k1.50|>=|069500|oc,S1_grid,2466.0,141.0,19.81630863431483,3.262112897476721,23.826988978830414,3.641284970404065,21.208907741250282,0.6099290780141844,14.816308634314828,12.816308634314828,25.89343563475975,13.992395258888445,69.0,9.0,10.0,13.402790289769236,8.040651116409828,,,,,,,,,,,,,,,,,,,,,,,
idx|spx+krprev|W250|k0.75|>=|069500|oc,S1_grid,2466.0,478.0,17.312789197022756,5.106519828915958,24.760598814596655,6.395777776842319,13.192550673464254,0.5669456066945606,12.312789197022754,10.312789197022754,22.419508687117645,12.206069706927867,239.0,9.0,10.0,14.684039144783105,12.856016628667044,,,,,,,,,,,,,,,,,,,,,,,
idx|spx+krprev|W250|k1.00|>=|069500|oc,S1_grid,2466.0,326.0,17.659227579679296,4.340543224290223,23.4011156518921,5.1615362217801115,15.520199302591076,0.5828220858895705,12.659227579679296,10.659227579679298,23.16301733587455,12.288863029694834,161.0,8.0,10.0,14.209093173595571,11.67473997426056,,,,,,,,,,,,,,,,,,,,,,,
idx|spx+krprev|W250|k1.25|>=|069500|oc,S1_grid,2466.0,208.0,19.711967917851922,3.97941859694315,24.420037718769944,4.318499450907198,22.0417394215211,0.5769230769230769,14.711967917851922,12.711967917851922,29.86597485219409,9.751370639401987,103.0,8.0,10.0,14.5218167754719,10.633652893515793,,,,,,,,,,,,,,,,,,,,,,,
idx|spx+krprev|W250|k1.50|>=|069500|oc,S1_grid,2466.0,141.0,22.375145279024935,3.353235403854431,26.541006684574565,3.700909365495619,24.706609017912662,0.5957446808510638,17.375145279024935,15.375145279024933,31.69446291862425,13.937384713441771,67.0,7.0,10.0,14.725992373897878,8.85701855225529,,,,,,,,,,,,,,,,,,,,,,,
idx|spx+krprev|W500|k0.75|>=|069500|oc,S1_grid,2466.0,425.0,15.138559280635885,4.214470354853983,21.49065138148361,5.477761947336946,13.00717492552339,0.5670588235294117,10.138559280635885,8.138559280635885,22.671614459047365,8.871836653767716,193.0,8.0,10.0,12.377728633616137,10.328697073722195,,,,,,,,,,,,,,,,,,,,,,,
idx|spx+krprev|W500|k1.00|>=|069500|oc,S1_grid,2466.0,288.0,15.8966379547368,3.4844674679366427,20.997172396667057,4.389632075530151,15.408759733489541,0.5729166666666666,10.8966379547368,8.8966379547368,24.787176661142798,8.581637753263513,130.0,8.0,10.0,11.952093458349564,9.05739223054333,,,,,,,,,,,,,,,,,,,,,,,
idx|spx+krprev|W500|k1.25|>=|069500|oc,S1_grid,2466.0,179.0,20.767154677451316,3.505395774507739,25.248157288218238,3.9960153664648383,20.382842963488912,0.5977653631284916,15.767154677451314,13.767154677451314,30.63677614564853,12.970153717575517,79.0,8.0,10.0,14.491559798922493,9.844392715720769,,,,,,,,,,,,,,,,,,,,,,,
idx|spx+krprev|W500|k1.50|>=|069500|oc,S1_grid,2466.0,124.0,16.679982724239412,2.643159979937634,20.351652297836953,2.649048081041075,19.14332315599232,0.5887096774193549,11.679982724239412,9.679982724239412,22.7311755326122,12.85817674000397,48.0,6.0,10.0,7.332172903818616,0.6435341779273553,,,,,,,,,,,,,,,,,,,,,,,
noise|etf|N5|W250|k1.00|069500|oc,S2_noise,,315.14,10.65,,15.25,,,,,,,,,,,,3.62,etf,N5bp,100.0,8.29,13.17,2.96,2.43,,,,,,,,,,,,,,,,
noise|etf|N10|W250|k1.00|069500|oc,S2_noise,,322.7,10.0,,14.56,,,,,,,,,,,,3.22,etf,N10bp,100.0,6.29,13.28,2.94,2.12,,,,,,,,,,,,,,,,
noise|etf|U5|W250|k1.00|069500|oc,S2_noise,,312.62,11.13,,15.78,,,,,,,,,,,,4.06,etf,U5bp,100.0,9.27,13.13,3.04,2.63,,,,,,,,,,,,,,,,
noise|etf|U10|W250|k1.00|069500|oc,S2_noise,,317.13,10.17,,14.72,,,,,,,,,,,,3.19,etf,U10bp,100.0,7.42,13.0,2.89,2.31,,,,,,,,,,,,,,,,
noise|etf|N20|W250|k1.00|069500|oc,S2_noise,,340.95,8.95,,13.46,,,,,,,,,,,,2.67,etf,N20bp,100.0,4.94,13.54,2.86,1.88,,,,,,,,,,,,,,,,
noise|idx|N5|W250|k1.00|069500|oc,S2_noise,,319.16,21.71,,27.98,,,,,,,,,,,,14.99,idx,N5bp,100.0,19.01,23.84,6.19,5.42,,,,,,,,,,,,,,,,
noise|idx|N10|W250|k1.00|069500|oc,S2_noise,,324.63,20.24,,26.36,,,,,,,,,,,,13.66,idx,N10bp,100.0,17.75,22.81,5.88,5.17,,,,,,,,,,,,,,,,
noise|idx|U5|W250|k1.00|069500|oc,S2_noise,,319.79,22.27,,28.63,,,,,,,,,,,,15.52,idx,U5bp,100.0,20.69,23.53,6.32,5.86,,,,,,,,,,,,,,,,
noise|idx|U10|W250|k1.00|069500|oc,S2_noise,,318.9,21.66,,27.91,,,,,,,,,,,,14.93,idx,U10bp,100.0,19.4,23.36,6.21,5.61,,,,,,,,,,,,,,,,
noise|idx|N20|W250|k1.00|069500|oc,S2_noise,,339.52,17.9,,23.83,,,,,,,,,,,,11.67,idx,N20bp,100.0,14.1,21.62,5.43,4.35,,,,,,,,,,,,,,,,
reg|r_oc~zi|A,S3_mech,2466.0,,,,,,,,,,,,,,,,,,,,,,,,-2.5927897942950517,11.495409856757494,-1.8563557592891888,6.850457410906621,,,,,,,,,,,,
reg|r_oc~ze|A,S3_mech,2466.0,,,,,,,,,,,,,,,,,,,,,,,,-2.592521444591197,,-1.8463954475282327,,6.248376936510062,2.765960308047069,,,,,,,,,,
reg|r_oc~zd|A,S3_mech,2466.0,,,,,,,,,,,,,,,,,,,,,,,,-2.699796858503903,,-1.960045835931245,,,,-10.389821343123572,-5.263852517408762,,,,,,,,
reg|r_oc~zi+zd|A,S3_mech,2466.0,,,,,,,,,,,,,,,,,,,,,,,,-2.636835897782819,8.477522042322516,-1.9017548310999592,4.053445530189341,,,-5.946991313365706,-2.4671266769508446,,,,,,,,
reg|r_oc~ze+zd|A,S3_mech,2466.0,,,,,,,,,,,,,,,,,,,,,,,,-2.6472199635675575,,-1.915954802637649,,5.704424519463344,2.5669581720856804,-10.057852467510129,-5.040737625199644,,,,,,,,
reg|r_oc~zi+ze|A,S3_mech,2466.0,,,,,,,,,,,,,,,,,,,,,,,,-2.6557062804941665,23.32418309395879,-1.9045132112279468,4.921391920322602,-13.445372600745012,-2.555033083900516,,,,,,,,,,
reg|ri_oc~zi|A,S3_mech,2466.0,,,,,,,,,,,,,,,,,,,,,,,,-3.952385324441768,4.883551463925365,-2.83007253241994,3.1320625647136358,,,,,,,,,,,,
reg|ri_oc~ze|A,S3_mech,2466.0,,,,,,,,,,,,,,,,,,,,,,,,-3.92774000884406,,-2.824136717863058,,5.402010799267544,2.5570463300626525,,,,,,,,,,
reg|ri_oc~zd|A,S3_mech,2466.0,,,,,,,,,,,,,,,,,,,,,,,,-3.9608712595716025,,-2.8592260689563243,,,,3.047204796640644,1.8007366314090416,,,,,,,,
reg|ri_oc~zi+zd|A,S3_mech,2466.0,,,,,,,,,,,,,,,,,,,,,,,,-3.8958163976076596,8.759460147101747,-2.794103244229451,4.384898052548461,,,7.637790629591101,3.6168216825472084,,,,,,,,
reg|ri_oc~ze+zd|A,S3_mech,2466.0,,,,,,,,,,,,,,,,,,,,,,,,-3.9094007367262362,,-2.8160313806568755,,5.584386695033209,2.5988121738562233,3.3721880733613085,1.9801919219800939,,,,,,,,
reg|ri_oc~zi+ze|A,S3_mech,2466.0,,,,,,,,,,,,,,,,,,,,,,,,-3.929120455019814,0.509580802015579,-2.8212313032502485,0.11737478228403002,4.971746783440646,0.9702000130313945,,,,,,,,,,
reg|spread~zi|A,S3_mech,2466.0,,,,,,,,,,,,,,,,,,,,,,,,1.3595955301467149,6.611858392832121,3.1875190075851236,10.307078911252534,,,,,,,,,,,,
reg|spread~ze|A,S3_mech,2466.0,,,,,,,,,,,,,,,,,,,,,,,,1.3352185642528618,,2.870786615665668,,0.8463661372425159,1.4079946812590207,,,,,,,,,,
reg|spread~zd|A,S3_mech,2466.0,,,,,,,,,,,,,,,,,,,,,,,,1.2610744010676989,,4.226695050679859,,,,-13.437026139764212,-15.818735252497635,,,,,,,,
reg|spread~zi+zd|A,S3_mech,2466.0,,,,,,,,,,,,,,,,,,,,,,,,1.2589804998248386,-0.2819381047792433,4.219268244626846,-0.5654308551586595,,,-13.584781942956813,-16.062557834737454,,,,,,,,
reg|spread~ze+zd|A,S3_mech,2466.0,,,,,,,,,,,,,,,,,,,,,,,,1.262180773158678,,4.228256589736071,,0.12003782443013478,0.29053884606060754,-13.430040540871435,-15.828734539592896,,,,,,,,
reg|spread~zi+ze|A,S3_mech,2466.0,,,,,,,,,,,,,,,,,,,,,,,,1.2734141745256478,22.814602291943196,3.918452585837503,13.060821519568131,-18.417119384185654,-12.353352584589176,,,,,,,,,,
reg|rf_oc~zi|2014-07~,S3_mech,1345.0,,,,,,,,,,,,,,,,,,,,,,,,0.12124059427897167,4.24174300817991,0.07117598037368332,2.406125162178669,,,,,,,,,,,,
reg|rf_oc~ze|2014-07~,S3_mech,1345.0,,,,,,,,,,,,,,,,,,,,,,,,0.10285778197557742,,0.06062913603608724,,3.7757724228478295,1.952887635176908,,,,,,,,,,
reg|rf_oc~zi+zd|2014-07~,S3_mech,1345.0,,,,,,,,,,,,,,,,,,,,,,,,0.09005516230073195,5.358480432782407,0.0528337744420924,2.5211991688484363,,,2.419625010291771,1.108969391513398,,,,,,,,
reg|ri_oc~zi|2014-07~,S3_mech,1345.0,,,,,,,,,,,,,,,,,,,,,,,,-3.720565459332136,2.771754965395228,-2.167837102698671,1.6800665301597713,,,,,,,,,,,,
reg|ri_oc~ze|2014-07~,S3_mech,1345.0,,,,,,,,,,,,,,,,,,,,,,,,-3.745957230496733,,-2.199023892578329,,5.048622665705873,2.774035384250466,,,,,,,,,,
reg|ri_oc~zi+zd|2014-07~,S3_mech,1345.0,,,,,,,,,,,,,,,,,,,,,,,,-3.8382055352469764,6.984397442140429,-2.2712468101520638,3.6023819236118695,,,9.127494853840311,4.550402890570819,,,,,,,,
reg|r_oc~zi|2014-07~,S3_mech,1345.0,,,,,,,,,,,,,,,,,,,,,,,,-1.5020040389431322,6.428804023163949,-0.9369348114969074,4.060348156527113,,,,,,,,,,,,
reg|r_oc~ze|2014-07~,S3_mech,1345.0,,,,,,,,,,,,,,,,,,,,,,,,-1.5231362155415622,,-0.952891744869407,,4.4243547654616036,2.529578334327097,,,,,,,,,,
reg|r_oc~zi+zd|2014-07~,S3_mech,1345.0,,,,,,,,,,,,,,,,,,,,,,,,-1.4876641384084848,5.915298114273811,-0.9266744918122279,3.1052428371737077,,,-1.1126086694241968,-0.521922296861176,,,,,,,,
reg|r_on~zi|A,S3_mech,2465.0,,,,,,,,,,,,,,,,,,,,,,,,4.846331649878783,0.7243497189799135,4.491795552150325,0.5103170280798496,,,,,,,,,,,,
reg|r_on~ze|A,S3_mech,2465.0,,,,,,,,,,,,,,,,,,,,,,,,4.838809541215406,,4.444057147703631,,-0.4497019932289936,-0.3114031463828548,,,,,,,,,,
reg|r_on~zi+zd|A,S3_mech,2465.0,,,,,,,,,,,,,,,,,,,,,,,,4.8299552527038605,-0.26711644998322126,4.45908818931868,-0.16424277922286604,,,-1.9555158793300844,-1.259831537796991,,,,,,,,
reg|r_oo~zi|A,S3_mech,2465.0,,,,,,,,,,,,,,,,,,,,,,,,2.2858180346789982,12.217073507364852,1.2419102989938062,5.014844299227915,,,,,,,,,,,,
reg|r_oo~ze|A,S3_mech,2465.0,,,,,,,,,,,,,,,,,,,,,,,,2.2834870896457145,,1.2248397330489447,,5.847484024981164,1.9085831804749935,,,,,,,,,,
reg|r_oo~zi+zd|A,S3_mech,2465.0,,,,,,,,,,,,,,,,,,,,,,,,2.220281495153336,8.24933499464074,1.2087422702953825,2.951918708890627,,,-7.825759374902104,-2.8982969573262496,,,,,,,,
decile|zi|A,S3_mech,2466.0,,,,,,,,,,,,,,,,,,,,,,,,,,,,,,,,,,,,,,,
decile|ze|A,S3_mech,2466.0,,,,,,,,,,,,,,,,,,,,,,,,,,,,,,,,,,,,,,,
idx|spx|W250|k1.00|>=|KPI200|oc,S3_mech,2466.0,320.0,11.111184206487858,2.8423503718765115,17.336871643319913,4.017578514694907,10.744029754848894,0.55625,6.111184206487857,4.111184206487857,17.27214792222711,5.177004431205265,157.0,9.0,10.0,7.271576071853933,4.632545542794679,,,,,,,,,,,,,,,,,,,,,,,
etf|spx|W250|k1.00|>=|KPI200|oc,S3_mech,2466.0,315.0,8.64884999721744,2.0974002679988004,14.47364499605,3.022290182294052,7.548752358985666,0.5333333333333333,3.6488499972174395,1.64884999721744,6.838945519989936,10.294217703787899,150.0,6.0,10.0,4.707597631230219,2.081421854295452,,,,,,,,,,,,,,,,,,,,,,,
idx|spx|W250|k1.00|>=|069500|oo,S4_exit,2465.0,320.0,30.945823179200012,5.231444633752117,33.00060605867576,5.449988833753491,25.749675677357864,0.625,25.945823179200012,23.945823179200012,46.955016608676424,15.525925213385316,157.0,10.0,10.0,26.149104916053876,22.209640324037277,,,,,,,,,,,,,,,,,,,,,,,
idx|spx|W250|k1.00|>=|069500|on,S4_exit,2465.0,320.0,8.476337612176897,2.384974401210956,4.1753981186262985,1.0743474027898536,1.7166690872705281,0.50625,3.4763376121768967,1.4763376121768967,15.693798058594565,1.5245505564249082,157.0,4.0,10.0,3.8480693716832475,1.4145416729575433,,,,,,,,,,,,,,,,,,,,,,,
etf|spx|W250|k1.00|>=|069500|oo,S4_exit,2465.0,315.0,18.78748123542713,2.8864112828550077,18.984180048585863,2.8265749561636304,20.164246957032894,0.5777777777777777,13.78748123542713,11.787481235427128,24.801372356607022,13.320307488899957,150.0,9.0,10.0,13.717294259266172,9.673835727226514,,,,,,,,,,,,,,,,,,,,,,,
etf|spx|W250|k1.00|>=|069500|on,S4_exit,2465.0,315.0,8.282130064198903,2.3434182176189675,3.9430266784593733,1.027248646502507,0.0,0.49523809523809526,3.2821300641989026,1.2821300641989029,13.753311623686486,3.308328646482918,150.0,5.0,10.0,3.8579140519323794,1.6196907523624826,,,,,,,,,,,,,,,,,,,,,,,
etf|es+nq|W250|k1.00|>=|069500|oo,S4_exit,2465.0,315.0,18.69093010505117,2.985400446974272,18.87348305492228,2.944393737106359,20.85604588330181,0.5682539682539682,13.690930105051168,11.690930105051168,22.88234196173896,15.161320120471977,144.0,9.0,10.0,13.777725977622795,9.917249746471589,,,,,,,,,,,,,,,,,,,,,,,
etf|es+nq|W250|k1.00|>=|069500|on,S4_exit,2465.0,315.0,6.754261799969126,1.8519308562131336,2.1913079476098978,0.5699611082552211,0.0,0.4857142857142857,1.7542617999691257,-0.24573820003087415,14.482751637674191,0.2460598313753872,144.0,3.0,10.0,2.3054027511827675,0.04172844668254931,,,,,,,,,,,,,,,,,,,,,,,
etf|spx+ixic|W250|k1.00|>=|069500|oo,S4_exit,2465.0,316.0,18.752904576715974,2.7826891227555164,18.953353020352292,2.7986559418392516,21.43116938835732,0.5791139240506329,13.752904576715974,11.752904576715975,27.062862202739844,11.70644927979515,145.0,8.0,10.0,13.69846455773381,9.667912267603885,,,,,,,,,,,,,,,,,,,,,,,
etf|spx+ixic|W250|k1.00|>=|069500|on,S4_exit,2465.0,316.0,6.888803249680792,1.8700699580200022,2.3466527505354087,0.6035906486217034,0.0,0.4936708860759494,1.8888032496807914,-0.11119675031920849,13.623430633726105,1.1781542982973385,145.0,4.0,10.0,2.45641225972834,0.20420858218020188,,,,,,,,,,,,,,,,,,,,,,,
idx|spx|W250|이진 k1|069500|oc|sized,S5_size_bin,2466.0,320.0,,,,,,,,,,,,,,,,,,,,,,,,,,,,,,,0.129764801297648,2.2662211658819613,4.093590525020712,1.166302158930776,22.46406685957787,17.464066859577866,3.329812167256212,1.1922282965236104
idx|spx|W250|이진 k0.75|069500|oc|sized,S5_size_bin,2466.0,460.0,,,,,,,,,,,,,,,,,,,,,,,,,,,,,,,0.18653690186536903,2.635123600622546,4.2880641934013495,1.2175096718429939,19.12655391116348,14.126553911163477,3.898797972155448,1.3590905555294202
idx|spx|W250|선형 0→2|069500|oc|sized,S5_size,2466.0,1250.0,,,,,,,,,,,,,,,,,,,,,,,,,,,,,,,0.17519519929409966,1.7395057067282786,3.663754915843524,1.0179566105548892,14.928957606927208,9.928957606927206,2.8803088016892793,0.5875456132835521
idx|spx|W250|선형 0.5→2|069500|oc|sized,S5_size,2466.0,685.0,,,,,,,,,,,,,,,,,,,,,,,,,,,,,,,0.10700926022761233,1.6111256663770102,3.950730337117233,1.0699095274709773,20.055946213907944,15.055946213907946,2.46843263230669,0.7454342802426389
idx|spx|W250|선형 0.5→1.5|069500|oc|sized,S5_size,2466.0,685.0,,,,,,,,,,,,,,,,,,,,,,,,,,,,,,,0.14110795533335538,2.022755818001508,4.161405745780645,1.1427879745269265,19.33481062937183,14.334810629371827,3.134472170178314,0.9001669342630696
idx|spx|W250|선형 1→2|069500|oc|sized,S5_size,2466.0,320.0,,,,,,,,,,,,,,,,,,,,,,,,,,,,,,,0.06336356085406498,1.1264757913776537,3.188910245131549,0.8400334317278406,22.7779748516988,17.777974851698797,1.738800443649236,0.5081626339493814
etf|spx|W250|이진 k1|069500|oc|sized,S5_size_bin,2466.0,315.0,,,,,,,,,,,,,,,,,,,,,,,,,,,,,,,0.12773722627737227,0.6958701241522287,1.1264142011913405,0.3492584331926217,10.447668971934593,5.447668971934591,0.7185384025615533,0.6729801510885343
etf|spx|W250|이진 k0.75|069500|oc|sized,S5_size_bin,2466.0,456.0,,,,,,,,,,,,,,,,,,,,,,,,,,,,,,,0.18491484184914841,0.5331181337841213,0.7915559102416024,0.23433672539451292,7.883046749806239,2.883046749806235,0.7547934659937272,0.30927482766537495
etf|spx|W250|선형 0→2|069500|oc|sized,S5_size,2466.0,1218.0,,,,,,,,,,,,,,,,,,,,,,,,,,,,,,,0.17195925491898706,0.43515004380489214,0.8411339904496146,0.2495294744140666,7.530541575153362,2.5305415751533626,0.6882651893722378,0.17955944449116656
etf|spx|W250|선형 0.5→2|069500|oc|sized,S5_size,2466.0,632.0,,,,,,,,,,,,,,,,,,,,,,,,,,,,,,,0.1051726432979871,0.5994242913361922,1.2849537418097055,0.3872819037926403,10.699431644385273,5.699431644385272,0.7972869755117806,0.39962651978480335
etf|spx|W250|선형 0.5→1.5|069500|oc|sized,S5_size,2466.0,632.0,,,,,,,,,,,,,,,,,,,,,,,,,,,,,,,0.13763664293046593,0.7020574569553399,1.2886350206718296,0.38706247131032195,10.10080340531133,5.100803405311328,0.8642773499591868,0.5382510613304284
etf|spx|W250|선형 1→2|069500|oc|sized,S5_size,2466.0,315.0,,,,,,,,,,,,,,,,,,,,,,,,,,,,,,,0.06431476620787671,0.504493665205949,1.1840281903540029,0.36656503064903834,12.844134324850629,7.844134324850629,0.7304565989105108,0.27632082505928873
etf|es+nq|W250|이진 k1|069500|oc|sized,S5_size_bin,2466.0,316.0,,,,,,,,,,,,,,,,,,,,,,,,,,,,,,,0.1281427412814274,0.8518452977267182,1.4270360337026422,0.4348738001346438,11.647628177829395,6.6476281778293895,0.3820098697077941,1.3262756932568296
etf|es+nq|W250|이진 k0.75|069500|oc|sized,S5_size_bin,2466.0,454.0,,,,,,,,,,,,,,,,,,,,,,,,,,,,,,,0.1841038118410381,0.7891635808566109,1.1787574063720592,0.347998573058656,9.286514075754194,4.28651407575419,0.39045318780032184,1.1917733420601495
etf|es+nq|W250|선형 0→2|069500|oc|sized,S5_size,2466.0,1233.0,,,,,,,,,,,,,,,,,,,,,,,,,,,,,,,0.17319858363869944,0.4413707784457379,0.8550840992976101,0.2512777852245256,7.548350969003642,2.5483509690036414,0.43775831459441583,0.4450185720168774
etf|es+nq|W250|선형 0.5→2|069500|oc|sized,S5_size,2466.0,637.0,,,,,,,,,,,,,,,,,,,,,,,,,,,,,,,0.10626630370486084,0.6948004154925645,1.5027765087636547,0.44602472924702635,11.538294748844107,6.538294748844106,0.6270172579558332,0.7632464889954258
etf|es+nq|W250|선형 0.5→1.5|069500|oc|sized,S5_size,2466.0,637.0,,,,,,,,,,,,,,,,,,,,,,,,,,,,,,,0.13784399657308805,0.7314472998730382,1.3528813423316501,0.40293022793513283,10.30634135731264,5.306341357312637,0.4835717918818402,0.9817470182113388
etf|es+nq|W250|선형 1→2|069500|oc|sized,S5_size,2466.0,316.0,,,,,,,,,,,,,,,,,,,,,,,,,,,,,,,0.0658826871092758,0.652877094995651,1.552850579153504,0.46828655687401244,14.909691356589049,9.909691356589047,0.765388097922925,0.539265739961509
etf|spx+ixic|W250|이진 k1|069500|oc|sized,S5_size_bin,2466.0,316.0,,,,,,,,,,,,,,,,,,,,,,,,,,,,,,,0.1281427412814274,0.8710651486478961,1.415945087358795,0.439631670956972,11.797616001790232,6.797616001790228,0.9729992532860231,0.7681341334509612
etf|spx+ixic|W250|이진 k0.75|069500|oc|sized,S5_size_bin,2466.0,460.0,,,,,,,,,,,,,,,,,,,,,,,,,,,,,,,0.18653690186536903,0.8225232652712621,1.2229507067399785,0.3609765688331511,9.409439939475945,4.40943993947594,0.9006137293116647,0.7436690803111488
etf|spx+ixic|W250|선형 0→2|069500|oc|sized,S5_size,2466.0,1224.0,,,,,,,,,,,,,,,,,,,,,,,,,,,,,,,0.17272349892690264,0.5111488925612004,0.9831309531419248,0.2917747220866225,7.959347718966258,2.9593477189662587,0.6861537595232198,0.33443248655798785
etf|spx+ixic|W250|선형 0.5→2|069500|oc|sized,S5_size,2466.0,638.0,,,,,,,,,,,,,,,,,,,,,,,,,,,,,,,0.10616804612508547,0.6950051891865282,1.4784089314967683,0.44599794083619326,11.54627465186356,6.54627465186356,0.8146942071186274,0.5741456185118169
etf|spx+ixic|W250|선형 0.5→1.5|069500|oc|sized,S5_size,2466.0,638.0,,,,,,,,,,,,,,,,,,,,,,,,,,,,,,,0.13874978217947034,0.8168560785063529,1.4973888372572592,0.44940349036437804,10.887260258540547,5.887260258540545,0.8767752719422369,0.7563508782886996
etf|spx+ixic|W250|선형 1→2|069500|oc|sized,S5_size,2466.0,316.0,,,,,,,,,,,,,,,,,,,,,,,,,,,,,,,0.0648333881323404,0.612637515898845,1.418613123294907,0.44023887094278735,14.449413852139054,9.449413852139052,0.7899567777060317,0.4335840803820525
etf|spx|W250|k1.00|>=|102110|oc,S6_cross_etf,2466.0,315.0,17.79652991809707,3.11006742007984,25.236321931779326,3.6181213924942988,13.49918040690401,0.5619047619047619,12.796529918097072,10.796529918097072,25.839218068678342,10.484995235750464,150.0,9.0,10.0,10.158408941929638,6.671911449462985,,,,,,,,,,,,,,,,,,,,,,,
tiger|spx|W250|k1.00|>=|069500|oc,S6_cross_etf,2466.0,274.0,6.138128381796242,1.5065910961870694,9.884743099028029,1.9815670780818895,8.886286613070116,0.5255474452554745,1.1381283817962415,-0.8618716182037583,1.707636326477665,8.84854705093231,104.0,5.0,10.0,2.0082920166724056,-1.0441164432457808,,,,,,,,,,,,,,,,,,,,,,,
tiger|spx|W250|k1.00|>=|102110|oc,S6_cross_etf,2466.0,274.0,-14.38192032020567,-1.62304712597626,-11.436464330473136,-1.6831282161330134,-4.682886916418938,0.4744525547445255,-19.38192032020567,-21.38192032020567,-42.97712312518728,3.1116155134301406,104.0,1.0,10.0,-19.355534629107773,-22.597588516004503,,,,,,,,,,,,,,,,,,,,,,,
etfavg|spx|W250|k1.00|>=|069500|oc,S6_cross_etf,2466.0,283.0,9.271396065755862,2.239389742821749,13.464954183103046,2.715961347812605,10.02721673112772,0.5371024734982333,4.271396065755862,2.2713960657558623,6.907382200512664,10.687133182794163,106.0,7.0,10.0,5.136747497689343,2.0370502838820355,,,,,,,,,,,,,,,,,,,,,,,
etfavg|spx|W250|k1.00|>=|102110|oc,S6_cross_etf,2466.0,283.0,-2.8421560356080295,-0.35282650134487736,1.5521433410079972,0.23563927223999098,3.852245002782251,0.5159010600706714,-7.842156035608029,-9.84215603560803,-20.042705940141843,7.458738257502618,106.0,4.0,10.0,-7.520068344797324,-11.276697242967195,,,,,,,,,,,,,,,,,,,,,,,
idx|spx|W250|k1.00|>=|102110|oc,S6_cross_etf,2466.0,320.0,24.79903996353736,4.51233857878474,33.341807198188874,5.151329820939255,20.14738494297008,0.615625,19.79903996353736,17.799039963537357,38.23211670113931,11.860432308301128,157.0,9.0,10.0,17.393309955966874,14.079738245863187,,,,,,,,,,,,,,,,,,,,,,,
fut|spx|W250|k1.00|>=|069500|oc,S6_futures,1049.0,136.0,10.551458761223714,2.2904485002828205,12.080505577127001,2.0796283768915993,12.926337285582568,0.5514705882352942,5.5514587612237145,3.5514587612237145,,10.551458761223714,0.0,3.0,5.0,5.004901814790516,0.6332719748353937,,,,,,,,,,,,,,,,,,,,,,,
fut|spx|W250|k1.00|>=|FUT|oc,S6_futures,1049.0,136.0,7.155881288434407,1.4422000544928282,6.545010636912032,1.0292097584451931,12.042859884326962,0.5661764705882353,2.1558812884344065,0.15588128843440663,,7.155881288434407,0.0,3.0,5.0,1.4161281749200205,-3.3154385588165334,,,,,,,,,,,,,,,,,,,,,,,
idx|spx|W250|k1.00|>=|FUT|oc|2015-06~,S6_futures,1123.0,146.0,14.738638517267932,3.1680106610192733,16.06375287262596,2.771778320161042,14.918890546720132,0.5958904109589042,9.738638517267932,7.738638517267932,,14.738638517267932,0.0,5.0,5.0,9.680728627799526,5.600916817605347,,,,,,,,,,,,,,,,,,,,,,,
idx|spx|W250|k1.00|>=|069500|oc|2015-06~,S6_futures,1123.0,146.0,15.751507779913021,3.5679416062756966,19.265770021911212,3.5558346059207064,12.109179591576202,0.5547945205479452,10.751507779913021,8.751507779913023,,15.751507779913021,0.0,5.0,5.0,10.782326130030452,6.902484935427805,,,,,,,,,,,,,,,,,,,,,,,
etf|spx|W250|k1.00|>=|069500|oc|2015-06~,S6_futures,1123.0,150.0,12.801288649870122,3.2607914605145756,15.939939597501512,3.0012445611595973,10.778557474978578,0.5333333333333333,7.801288649870121,5.801288649870121,,12.801288649870122,0.0,5.0,5.0,7.8674561789483475,3.9913739358279754,,,,,,,,,,,,,,,,,,,,,,,
dev_z|W250|k0.75|<=|069500|oc,S6_dev,2466.0,511.0,12.41304689017791,4.006361586123273,18.99811044232149,5.229387272562252,9.32423811159655,0.5577299412915852,7.413046890177909,5.413046890177909,17.812192303982382,5.971148070273857,278.0,6.0,10.0,10.077514084303887,8.410319087272324,,,,,,,,,,,,,,,,,,,,,,,
dev_z|W250|k1.00|<=|069500|oc,S6_dev,2466.0,319.0,16.04957302098819,3.510454261004846,21.47600342492631,4.428927131000671,16.75224880731241,0.5924764890282131,11.04957302098819,9.04957302098819,19.71042644609236,11.428070115537539,178.0,8.0,10.0,12.595750447722603,10.07060384430919,,,,,,,,,,,,,,,,,,,,,,,
dev_z|W250|k1.50|<=|069500|oc,S6_dev,2466.0,134.0,23.391844740567226,2.6420814287704686,27.53645858224618,3.3973961527718006,34.88905225594641,0.6417910447761194,18.391844740567226,16.391844740567223,44.12083806384902,-1.414983334835581,73.0,6.0,10.0,15.883482135281008,10.721492149848254,,,,,,,,,,,,,,,,,,,,,,,
mis_z|W250|k1.00|<=|069500|oc,S6_combo,2466.0,262.0,19.106979424709287,3.5953017385055874,24.341444439607066,4.621360984517217,12.884256054273013,0.5572519083969466,14.106979424709287,12.106979424709287,26.919442470212047,4.670906405845501,170.0,7.0,10.0,14.775954230785185,11.757874900247426,,,,,,,,,,,,,,,,,,,,,,,
dev_z<=-1 & zi<1|069500|oc,S6_combo,2466.0,194.0,6.670124525021293,1.1527445507417415,10.114110634798799,1.5864100072602847,6.533622371022174,0.5360824742268041,1.6701245250212922,-0.32987547497870773,7.5860313700058954,5.519915928994115,108.0,5.0,10.0,1.9760308654277683,-1.6910721107187603,,,,,,,,,,,,,,,,,,,,,,,
zi>=1 & dev_z<=0|069500|oc,S6_combo,2466.0,262.0,25.89088523555003,5.324934713489438,31.93178551471293,6.8927257009714955,27.451860691130037,0.6335877862595419,20.89088523555003,18.89088523555003,39.0871830565902,12.285399885175277,133.0,9.0,10.0,21.708247017086258,18.74381459948789,,,,,,,,,,,,,,,,,,,,,,,
zi>=1 & dev_z>0|069500|oc,S6_combo,2466.0,58.0,6.984301092255357,0.5845189022515814,9.864625737982552,0.6579970235256279,10.577664562531064,0.5344827586206896,1.9843010922553561,-0.015698907744643747,-11.998252970668727,20.383751019025297,24.0,5.0,9.0,-12.146791517603898,-22.562173241844086,,,,,,,,,,,,,,,,,,,,,,,
zi>=1 & |dev_z|<=1|069500|oc,S6_combo,2466.0,182.0,21.206494387395587,3.812401543885964,25.755668757827255,4.17829840016568,18.457605096301457,0.5824175824175825,16.206494387395587,14.206494387395585,34.60885106165054,10.458069727844586,81.0,9.0,10.0,14.80166775735967,10.599243769568664,,,,,,,,,,,,,,,,,,,,,,,
(zi-dev_z)/sqrt2>=1.00|069500|oc,S6_combo,2466.0,447.0,19.294039842608413,5.074968128934897,26.80031428203703,6.8107248118667005,17.607075587584564,0.5906040268456376,14.294039842608411,12.294039842608413,29.77004517835261,8.090534136326418,231.0,8.0,10.0,16.644217511715407,14.618460398067308,,,,,,,,,,,,,,,,,,,,,,,
(zi-dev_z)/sqrt2>=1.25|069500|oc,S6_combo,2466.0,332.0,22.812377449306094,4.847036417957933,29.4217690129095,6.573455469049832,23.19081160871317,0.6204819277108434,17.812377449306094,15.812377449306094,34.15634493337011,10.16782770592264,175.0,8.0,10.0,19.478033225830835,17.07279636986862,,,,,,,,,,,,,,,,,,,,,,,
ze>=1 & dev_z<=0|069500|oc,S6_combo,2466.0,172.0,25.659633316652204,4.492469221186315,30.430421988851087,5.284701569836653,24.80234184890073,0.5813953488372093,20.659633316652204,18.659633316652204,37.15750284550134,12.742273722513055,91.0,8.0,10.0,19.621263148015665,15.12721164044179,,,,,,,,,,,,,,,,,,,,,,,
ze>=1 & dev_z>0|069500|oc,S6_combo,2466.0,143.0,-7.849239190942528,-0.8938667001177115,-5.521089781017767,-0.64758849151009,-3.902058335771841,0.4825174825174825,-12.849239190942528,-14.84923919094253,-29.509553867234857,7.364553260262797,59.0,3.0,10.0,-15.734134913685498,-20.264182124422817,,,,,,,,,,,,,,,,,,,,,,,
zi>=1 & dev<=0|069500|oc,S6_combo,2466.0,266.0,25.490792117426995,5.257301630193987,31.541375293243682,6.909435504963419,27.39303336449561,0.6240601503759399,20.490792117426995,18.49079211742699,38.12271635981347,12.473160264585974,135.0,9.0,10.0,21.364591014990964,18.439765822626644,,,,,,,,,,,,,,,,,,,,,,,
zi>=1 & mis5<=0|069500|oc,S6_combo,2466.0,235.0,31.27399073482446,5.866097063097391,37.495469939774395,7.722030000641979,28.58085082994455,0.6425531914893617,26.27399073482446,24.273990734824455,44.82945281544294,16.88617571943115,121.0,9.0,10.0,26.03032652466523,22.376872817239892,,,,,,,,,,,,,,,,,,,,,,,
zi>=0.75 & mis5<=0|069500|oc,S7_neighbor,2466.0,324.0,25.619140706724412,5.904964226144874,32.54319947074822,7.7218185607190994,21.15821597641121,0.6080246913580247,20.619140706724412,18.619140706724412,37.162284381328355,13.033390506672369,169.0,8.0,10.0,21.749808360401143,19.06372659291063,,,,,,,,,,,,,,,,,,,,,,,
zi>=1.25 & mis5<=0|069500|oc,S7_neighbor,2466.0,154.0,28.987858925888567,5.059551533962468,33.74342231609027,5.987928687664069,28.0334127262416,0.6233766233766234,23.987858925888567,21.987858925888567,43.2752382104029,15.06682269995153,76.0,9.0,10.0,21.935174445205153,16.857173842403295,,,,,,,,,,,,,,,,,,,,,,,
zi>=1 & mis10<=0|069500|oc,S7_neighbor,2466.0,218.0,31.3798361832829,5.990582693812076,37.32802860833467,7.302350619655072,30.367984134326285,0.6467889908256881,26.3798361832829,24.3798361832829,44.00000907824042,18.045313879176835,112.0,10.0,10.0,25.72014819692454,22.031142778646558,,,,,,,,,,,,,,,,,,,,,,,
zi>=1 & mis5<=0|069500|oo,S7_extra,2465.0,235.0,42.30134378117964,5.651554737787992,44.29491402678863,6.61697680294954,34.83386923901488,0.6382978723404256,37.30134378117964,35.30134378117964,64.05024004277813,19.216988977202305,121.0,10.0,10.0,35.978784433870366,30.986610080111653,,,,,,,,,,,,,,,,,,,,,,,
zi>=1 & mis5<=0|102110|oc,S7_extra,2466.0,235.0,35.201908674733446,4.808349700726095,43.570144549135854,6.105248243471207,25.46053616893751,0.6340425531914894,30.201908674733442,28.201908674733442,55.46227611361292,13.697483586098203,121.0,9.0,10.0,25.405006710111973,21.451354069743697,,,,,,,,,,,,,,,,,,,,,,,
zi>=1 & mis5<=0|KPI200|oc,S7_extra,2466.0,235.0,12.965564528211427,2.7767545962579008,18.726054872225234,4.024687442743448,10.6511396719422,0.5446808510638298,7.965564528211427,5.965564528211427,22.634708143787172,2.70270156781963,121.0,6.0,10.0,7.942475273086761,4.521753298347934,,,,,,,,,,,,,,,,,,,,,,,
noise|C3|N5,S7_noise,,231.6,28.63,,34.52,,,,,,,,,,,,19.67,,N5bp(지수·ETF 각각),100.0,25.44,,7.05,,,,,,,,,,,,,,,,,
noise|C3|N10,S7_noise,,238.53,25.16,,30.79,,,,,,,,,,,,16.59,,N10bp(지수·ETF 각각),100.0,20.62,,6.28,,,,,,,,,,,,,,,,,
