year,period,days,etf_rows,vol0,idx_open_na_or_0,idx_open_eq_prevclose,etf_gap0_ratio,etf_gap0_idx_move,sd_etf_gap_bp,sd_idx_gap_bp,sd_dev_bp,mad_dev_bp,corr_gaps,dev_gt60,dev_gt100,idx_lag_cand,adj_px_median,round_err_bp,tick5_bp,us_nan,us_zero_days,us_multi_days,us_max_gap_days,exclude
2003,H0,247,247,0,0,2,0.049,3,96.0,110.2,41.5,24.6,0.928,30,6,1,5781.0,0.86,5.71,0,7,10,4,
2004,H0,249,249,0,0,0,0.088,11,70.6,79.4,44.6,24.0,0.83,25,4,5,7408.0,0.67,4.56,0,9,8,4,
2005,H0,249,249,0,0,1,0.08,6,49.6,59.8,29.8,19.6,0.868,8,0,0,8968.0,0.56,3.81,0,8,9,4,
2006,H0,247,247,0,0,2,0.077,7,63.2,70.2,34.4,19.8,0.872,19,4,3,12426.0,0.4,2.84,0,8,11,4,
2007,H0,246,246,0,0,1,0.045,2,88.5,99.2,36.3,23.3,0.931,26,4,0,16052.0,0.31,2.23,0,7,10,5,
2008,H0,248,248,0,0,0,0.044,2,167.3,176.2,43.9,28.0,0.969,31,4,2,15119.0,0.33,2.45,0,7,10,4,
2009,H0,253,253,0,0,0,0.055,5,91.6,104.3,30.3,16.9,0.96,17,1,0,13693.0,0.37,2.74,0,7,5,4,
2010,A,251,251,0,0,0,0.104,2,59.9,73.9,27.1,14.0,0.939,8,2,0,17275.0,0.29,2.2,0,7,6,4,
2011,A,248,248,0,0,0,0.113,8,109.1,125.6,34.5,20.7,0.967,22,3,0,20467.5,0.24,1.89,0,8,9,4,
2012,A,248,248,0,0,0,0.06,3,65.9,76.5,22.1,13.9,0.963,4,0,0,19966.0,0.25,1.96,0,9,10,5,
2013,A,247,247,0,0,1,0.053,2,41.5,49.9,19.4,13.2,0.926,2,0,0,20377.0,0.25,1.93,0,7,10,4,
2014,A,245,245,0,0,0,0.061,3,36.5,46.2,20.0,11.6,0.91,2,0,0,20382.0,0.25,1.95,0,7,10,4,
2015,A,248,248,0,0,0,0.048,1,45.3,54.0,22.2,13.2,0.915,2,1,0,20022.0,0.25,2.01,0,6,7,4,
2016,A,246,246,0,0,0,0.065,0,46.5,53.3,18.0,11.2,0.944,1,0,0,20316.0,0.25,2.01,0,8,9,4,
2017,A,243,243,0,0,0,0.025,0,35.3,39.6,13.5,7.9,0.942,0,0,0,25767.0,0.19,1.62,0,8,10,4,
2018,A,244,244,0,0,2,0.016,0,58.1,64.7,19.5,9.0,0.955,1,1,1,25616.0,0.2,1.66,0,8,12,4,
2019,A,246,246,0,0,0,0.045,2,46.6,52.7,17.1,9.8,0.948,0,0,0,23953.5,0.21,1.81,0,7,10,4,
