date,ret_1500_1530,rv_1500_1530,volume_1500_1530,n_1m
2021-12-20,-0.0002528764711920382,0.0026156825270568763,10045,31
2021-12-21,0.0014973798655035597,0.001320129862364685,8470,31
2021-12-22,0.001234720492708421,0.0008193337720139061,6060,31
2021-12-23,-0.0002435163776796909,0.0007303317868181983,8540,31
2021-12-24,0.00024180873047344864,0.0015844699430712017,4955,31
2021-12-27,-0.0009654840238280508,0.0006825561960160117,1125,31
2021-12-28,-0.000238123587266419,0.0014481511648190867,9115,31
2021-12-29,0.0,0.0006735753721272282,40,31
2021-12-30,0.00023914863201382434,0.0011961780445612557,3050,31
2022-01-03,0.0,0.0013161556986356954,3205,31
2022-01-04,0.00023835061488135294,0.0008591648524884995,5260,31
2022-01-05,0.0004868549268511563,0.0013774109510829627,13855,31
2022-01-06,-0.0002512247218338182,0.0029550331588363422,20905,31
2022-01-07,0.0007495315778761298,0.0006609539484072352,3525,31
2022-01-10,0.0010080646014948202,0.0015943825134682053,6095,31
2022-01-11,-0.00025274864282154747,0.0011584354566861962,2355,31
2022-01-12,0.0,0.0016084381415304308,11210,31
2022-01-13,0.0014925375905060505,0.0014512612002819496,965,31
2022-01-14,0.001270486767261275,0.001778543219609588,13565,31
2022-01-17,0.0015212984678434267,0.001965558380161302,915,31
2022-01-18,0.001021711455418847,0.0006256679342340043,4955,31
2022-01-19,0.0015669890905530269,0.0024372329133444865,13515,31
2022-01-20,0.0010430248663972153,0.0011661981271563256,500,31
2022-01-21,-0.0002683483177246225,0.0021308841344863405,17415,31
2022-01-24,0.0008128980260671349,0.0014594560133476709,5520,31
2022-01-25,-0.0005512679301679629,0.0036984909042122433,9925,31
2022-01-26,0.001386001607877153,0.002433238824169965,2935,31
2022-01-27,-0.000566572253116362,0.003430078217552704,11735,31
2022-01-28,0.0022290340797979586,0.0019301874915166925,9425,31
2022-02-03,-0.00026698705271392453,0.0014374781870657425,23810,31
2022-02-04,-0.0002662052458154079,0.0011601505567842626,1895,31
2022-02-07,-0.0002680605832966431,0.0010383427346479254,4130,31
2022-02-08,0.0018941962097112535,0.0014062314474104112,5390,31
2022-02-09,0.0010649628269565903,0.0011907915184506354,8500,31
2022-02-10,0.0015756305780740393,0.002017130381661135,7615,31
2022-02-11,0.001355197388598209,0.0019164659139491833,18810,31
2022-02-14,0.0008297607999241735,0.0013834248695523065,11965,31
2022-02-15,0.0019350386134673102,0.0018133302336599496,425,31
2022-02-16,0.0013518996245811723,0.0013518557764955702,12010,31
2022-02-17,0.0005428881783717613,0.001629610994186364,3085,31
2022-02-18,-0.00027612867771751784,0.0019938289723852747,10545,31
2022-02-21,0.0025199509345131947,0.0017027793813063792,7550,31
2022-02-22,0.00028739761657788077,0.0028351365175177884,15940,31
2022-02-23,0.0005644933821928088,0.0015450135822595884,10025,31
2022-02-24,-0.0017926506145198283,0.005500655742077575,29580,31
2022-02-25,-0.001137333076819919,0.0015826146529826404,26965,31
2022-02-28,0.0008526361181603274,0.0016069899994403114,795,31
2022-03-02,-0.001121390641764047,0.0015855664551267703,7480,31
2022-03-03,-0.00027658691920200607,0.0014365845540856006,8105,31
2022-03-04,0.001691570744489833,0.0030634155172568657,10475,31
2022-03-07,0.00028947749514635014,0.0024060044450117586,15185,31
2022-03-08,-0.005977304108459414,0.004098756895714987,15905,31
2022-03-10,-0.0005742176442591075,0.0014065403239440749,22835,31
2022-03-11,0.0017401396502443821,0.0021708885028799045,5215,31
2022-03-14,0.0029455102297567446,0.0036471413891784542,9785,31
2022-03-15,0.000902120043137929,0.002188706417709879,11435,31
2022-03-16,0.0008704483358248393,0.003423749814489021,18370,31
2022-03-17,0.0011273958353081857,0.0017833361282999678,15155,31
2022-03-18,0.003650151462558715,0.0019247307552885114,1800,31
2022-03-21,-0.0005503577464178254,0.0020942694665871298,10795,31
2022-03-22,0.0013753268568656954,0.0017175040856416718,530,31
2022-03-23,0.0,0.000930918263431779,12825,31
2022-03-24,0.0,0.0021187311796919965,5460,31
2022-03-25,0.0013335113324279724,0.0014855104743211126,9525,31
2022-03-28,0.0021493828801443507,0.0016998189897471198,4890,31
2022-03-29,-0.0005252100961066888,0.001575894873361692,12825,31
2022-03-30,-0.0002585649658878659,0.0012935071914115088,9160,31
2022-03-31,0.0002605863206927411,0.0013023615451311589,4385,31
2022-04-01,0.0013201322049228162,0.0025483360026537544,8415,31
2022-04-04,0.0002645852641443156,0.0019626042026886234,1700,31
2022-04-05,0.0,0.0012196581379093291,10150,31
2022-04-06,0.0013292571410923467,0.0012471195840797625,13140,31
2022-04-07,0.002718131600126474,0.0023387762293533725,13425,31
2022-04-08,0.002703435006884703,0.002196786397895849,1905,31
2022-04-11,0.002212390282940642,0.002247794770008136,13505,31
2022-04-12,0.001129305597151487,0.0023975940436707878,12380,31
2022-04-13,-0.0022396425935047983,0.0022406812899812127,4080,31
2022-04-14,0.0,0.0015634905070282304,7845,31
2022-04-15,0.000564812214958742,0.0023653276162056962,12520,31
2022-04-18,0.0002859185151715291,0.0011070411873920878,6850,31
2022-04-19,0.0019732212181162705,0.0016689942794288065,7605,31
2022-04-20,-0.0019594128032444434,0.0013422346106804941,3420,31
2022-04-21,-0.0008392782699949775,0.0025520682882386597,505,31
2022-04-22,0.001436575451772744,0.002244700524616044,14735,31
2022-04-25,-0.0014856636219477766,0.0026427344613608027,18815,31
2022-04-26,-0.002036956909751939,0.0020777353880374913,11005,31
2022-04-27,0.0024118190768506968,0.002319220864612856,18335,31
2022-04-28,0.0020898649194592365,0.0019121686578352933,3930,31
2022-04-29,0.003242449414105618,0.002871466612714149,6245,31
2022-05-02,0.0036596564175303517,0.002811781847381355,18240,31
2022-05-03,-0.0006016847353602301,0.0021504442807105235,5440,31
2022-05-04,0.0015030815996860804,0.002146399801774342,595,31
2022-05-06,0.0,0.002529537301639936,10405,31
2022-05-09,0.0006277464110727835,0.003914897285757479,10235,31
2022-05-10,0.0028731065254764296,0.0027278486696556696,8420,31
2022-05-11,0.00158353160564422,0.002350897645015626,2830,31
2022-05-12,0.002313668194552464,0.00344506143185147,20190,31
2022-05-13,-0.000977995187976737,0.004245910575122732,6050,31
2022-05-16,-0.0022453898768357876,0.0034265361596093414,7635,31
2022-05-17,0.0003197442073603844,0.0035739994787149583,2310,31
2022-05-18,0.0003150102404376798,0.0021132568331683594,7195,31
2022-05-19,0.0009955202415016197,0.0033336174091161013,24770,31
2022-05-20,-0.0019717390548397024,0.0021288394054042956,4640,31
2022-05-23,0.002296965735093276,0.0025652145005355853,960,31
2022-05-24,0.0016680571006970134,0.00281121820561616,8275,31
2022-05-25,-0.001664170795121795,0.0019124713387886475,480,31
2022-05-26,0.0009968434120033727,0.0013705663309412483,1100,31
2022-05-27,0.0,0.0015785341129480625,14525,31
2022-05-30,0.0006133088202058488,0.0022968293767001323,24320,31
2022-05-31,-0.0012399257633205472,0.0028968022071534207,6535,31
2022-06-02,0.0,0.0018857714392852434,6680,31
2022-06-03,0.0,0.0047776160923052625,13345,31
2022-06-07,0.0031575649853212867,0.0026235362228373706,15435,31
2022-06-08,0.0009361835603401357,0.003433160733451233,5020,31
2022-06-09,0.0003138239473424696,0.002010762317364969,3485,31
2022-06-10,0.0009604610951245502,0.003327905786692758,9875,31
2022-06-13,-0.0020449904877275966,0.003308314539230091,30170,31
2022-06-14,0.0010332358418783509,0.0020350260997588293,3655,31
2022-06-15,0.0020840577185301874,0.004412866470003656,4765,31
2022-06-16,-0.00206044028939109,0.0039418744313936835,4930,31
2022-06-17,-0.0010583878215016202,0.00454347017493976,13005,31
2022-06-20,0.0010476690324436838,0.002638176696651853,4260,31
2022-06-21,0.00034656039161628664,0.002793300669136025,3395,31
2022-06-22,0.0,0.0021412646358291093,1285,31
2022-06-23,-0.002751033371889871,0.00291625429608555,4870,31
2022-06-24,0.00033540164661237945,0.0023239908564363556,12040,31
2022-06-27,-0.0013101868890260738,0.002535726937357459,11480,31
2022-06-28,0.0055948804822942965,0.003703252856637384,1490,31
2022-06-29,-0.001358234504221905,0.002717667239624642,16245,31
2022-06-30,-0.006532600161075451,0.005513684173726441,5030,31
2022-07-01,0.002782610491111982,0.004760853366552202,4645,31
2022-07-04,0.002407567800936445,0.0023339074502904456,4275,31
2022-07-05,0.0010212766845111544,0.0005896343914962448,4095,31
2022-07-06,-0.00033800912946451285,0.0030285075465315155,2265,31
2022-07-07,0.0010001667778240567,0.002027049220003736,6675,31
2022-07-08,0.0,0.0023961642287675523,5475,31
2022-07-11,-0.0006609385567767875,0.0029228252801108234,2340,31
2022-07-12,0.0006731740409044118,0.003959228593226204,9200,31
2022-07-13,-0.00033687047648873586,0.00175204844929324,970,31
2022-07-14,0.0,0.001518242913248112,3360,31
2022-07-15,0.0003361909596297075,0.0025814497167002165,4540,31
2022-07-18,0.0009853835581361047,0.0026490493143442946,10435,31
2022-07-19,0.0,0.0056341270269485615,6905,31
2022-07-20,0.00032294526358498613,0.002213453880994971,14470,31
2022-07-21,-0.0006377551236570651,0.002065292934686603,6290,31
2022-07-22,0.0025380724284710925,0.0025186032294887187,2470,31
2022-07-25,-0.0006404098841991698,0.0013950477011518646,4910,31
2022-07-26,0.0003227368109342872,0.0018815236975066462,3655,31
2022-07-27,0.0009710309874495231,0.0024219531921615884,1375,31
2022-07-28,0.003476066069241183,0.0026053924858691346,11005,31
2022-07-29,0.0012307693861326667,0.003956723828863725,11640,31
2022-08-01,0.0006153846348050324,0.002132835392607858,490,31
2022-08-02,0.0015396461855928362,0.002519849468231985,300,31
2022-08-03,0.0012292564547296896,0.0015668339550088367,605,31
2022-08-04,0.0,0.0011628835194474204,11490,31
2022-08-05,-0.00029739777170873476,0.0009865168844744759,4850,31
2022-08-08,0.0008994154406347662,0.0012364554036006577,4180,31
2022-08-09,-0.0012040940648045638,0.0019516247655438535,2500,31
2022-08-10,0.00030585716708836635,0.002007110833189926,8405,31
2022-08-11,0.002069475978790752,0.0024570078834618603,17260,31
2022-08-12,0.0017830613936565222,0.0029436608036670915,3700,31
2022-08-16,0.0,0.0012333062754687157,11005,31
2022-08-17,-0.001745708910023176,0.0012349823641440588,615,31
2022-08-18,0.000591016565666947,0.001592180311534834,7850,31
2022-08-19,0.0008840430810028907,0.0021057823947351075,830,31
2022-08-22,-0.0009045681304269385,0.002648362495767229,12850,31
2022-08-23,-0.004012970349103453,0.002329855396255855,12085,31
2022-08-24,0.0,0.0015129064639619705,800,31
2022-08-25,0.005805975056715494,0.007649678500735949,5365,31
2022-08-26,0.0009092287336487981,0.003223639018433212,2260,31
2022-08-29,0.00287494208559912,0.0023912228109364653,26105,31
2022-08-30,0.0009516257657090132,0.001649310853006623,2435,31
2022-08-31,0.0003198464764192637,0.0018368621441331773,4155,31
2022-09-01,-0.0006555228028903288,0.0017964601647814634,12150,31
2022-09-02,0.0035673785197571986,0.0030273663629913016,4890,31
2022-09-05,0.002959068409358328,0.002526194869512508,7160,31
2022-09-06,0.0022864618813041694,0.002239921309410055,1925,31
2022-09-07,0.001326700028759918,0.0025287400597040007,8305,31
2022-09-08,0.0025873235649509544,0.002396834285044592,11990,31
2022-09-13,0.00311139018895125,0.0016460649611038736,18215,31
2022-09-14,0.003632165129019473,0.004179080786625995,30285,31
2022-09-15,0.0016396134186385028,0.0016400874217496226,2135,31
2022-09-16,0.0,0.0022324100779185676,12380,31
2022-09-19,0.0,0.002789389972098752,2580,31
2022-09-20,0.0,0.0016954564265482719,7290,31
2022-09-21,-0.0010085729548847744,0.00487128203132087,5270,31
2022-09-22,0.00034453058049663,0.0008439242148222233,10895,31
2022-09-23,0.0003474031648627086,0.0025276602810443637,3475,31
2022-09-26,0.0003558085787403956,0.0031198609008305424,10425,31
2022-09-27,0.004557413672514203,0.0023513493296199945,6225,31
2022-09-28,0.00178221398091337,0.004094103038381947,8270,31
2022-09-29,-0.004900254817840067,0.00370543779417568,7080,31
2022-09-30,0.003563795646423423,0.0039045105275301592,7215,31
2022-10-04,0.0010524470362781994,0.0020163335319995984,5845,31
2022-10-05,-0.0010375238696572796,0.0013393758330818867,6125,31
2022-10-06,-0.003429358642117699,0.0025457491769382895,3410,31
2022-10-07,-0.00279134863727053,0.004842639603080103,5975,31
2022-10-11,0.0018318378450921915,0.0037940661407145143,20960,31
2022-10-12,0.0021986084342028576,0.0027196844132154857,905,31
2022-10-13,-0.0007410152247192192,0.002512804144293138,4970,31
2022-10-14,0.0014393669271652843,0.0022776018958717914,12180,31
2022-10-17,0.0,0.002025551549007727,11850,31
2022-10-18,0.0017739937240632071,0.0032733666849713793,17485,31
2022-10-19,-0.00035568202402368713,0.003123783959930277,1745,31
2022-10-20,-0.0018099552452395303,0.0022879625942339556,7505,31
2022-10-21,0.0014571951576706297,0.0024139871617537257,2055,31
2022-10-24,0.004231318019762624,0.003114872781650862,13445,31
2022-10-25,0.0027932979056126536,0.0024434995371375307,3465,31
2022-10-26,0.0003497114915865492,0.0028157394559444795,730,31
2022-10-27,-0.0010473032900021621,0.001674687651784044,635,31
2022-10-28,0.0,0.002197605583986891,14775,31
2022-10-31,-0.0003475238957651775,0.0011524973979018275,16635,31
2022-11-01,0.0010443865179062505,0.0014778718121260014,765,31
2022-11-02,0.0,0.002368410057081788,6415,31
2022-11-03,-0.0003659652373873571,0.002536915922152936,16120,31
2022-11-04,0.0014875421114145782,0.0017840636054541905,6720,31
2022-11-07,0.0,0.0013814137409100095,2770,31
2022-11-08,0.000729660740143868,0.0015043149492654714,4980,31
2022-11-09,0.00036172906887455854,0.0026354967293257666,3080,31
2022-11-10,0.0,0.0012782663584229974,8520,31
2022-11-11,0.0013698632279139041,0.0022956457321983404,32645,31
2022-11-14,0.0,0.0016023411331355251,865,31
2022-11-15,0.0010198879007453808,0.0017339749740909666,2105,31
2022-11-16,0.0,0.0019964890086062006,3025,31
2022-11-17,0.0010251154152453505,0.0011841740226125332,5815,31
2022-11-18,0.0010303967938964016,0.0020898601466555022,3595,31
2022-11-21,0.001377885164607514,0.001578371569694436,1490,31
2022-11-22,0.0003468007664374897,0.0007754700884014269,3310,31
2022-11-23,-0.0006846970483173513,0.0008384836079871458,39082,31
2022-11-24,0.001013684830846201,0.0015490525441821913,10412,31
2022-11-25,-0.0010123166040817398,0.0011689225000127042,88686,31
2022-11-28,0.0010328801055983466,0.0008432946387826633,56366,31
2022-11-29,0.00034417484421671573,0.0009107354139195335,10888,31
2022-11-30,0.0,0.0017758290580214106,8478,31
2022-12-01,0.0,0.0010530746330641215,19940,31
2022-12-02,-0.001004184184802165,0.0012067859431961676,23650,31
2022-12-05,-0.0006706908366770322,0.0005807379777074662,9827,31
2022-12-06,-0.00034077355926975247,0.0013204403602989651,16525,31
2022-12-07,-0.0010418476372153287,0.0019034679805181223,59741,31
2022-12-08,0.0010495015831252018,0.0007823618008518378,5723,31
2022-12-09,0.0006884681855414845,0.0008431978918485666,5483,31
2022-12-12,0.0003480076596807506,0.0014350780299771755,10049,31
2022-12-13,0.0003432297957154304,0.0010298858072917423,19434,31
2022-12-14,-0.0013545548972591806,0.0016585631112984122,44999,31
2022-12-15,0.0,0.0009675625572361745,344876,31
2022-12-16,0.0,0.0013251842491946273,16139,31
2022-12-19,0.0021459235702766762,0.001823558855242835,12551,31
2022-12-20,0.002201835751941272,0.0024883734875629183,8516,31
2022-12-21,0.0007230658304907043,0.0016966320956606413,19696,31
2022-12-22,-0.0007140307336570628,0.0013359315006246215,623211,31
2022-12-23,0.0,0.0011620894491210603,10909,31
2022-12-26,0.0003659652373873093,0.0035153632428883415,6995,31
2022-12-27,-0.0003640997673574868,0.0012080222790058278,110059,31
2022-12-28,0.0014886493258996056,0.0017458028319642372,3099,31
2022-12-29,0.001128456015931205,0.0014080751429021302,11267,31
2023-01-02,-0.0007407407746109131,0.0009071624670525688,6206,31
2023-01-03,0.0014689683140982136,0.002649774113355642,22743,31
2023-01-04,0.000369617450151546,0.001109216905914984,3866,31
2023-01-05,0.00036975411772720214,0.0018480874375960013,3827,31
2023-01-06,-0.0003741814823826544,0.0016307945145414885,34917,31
2023-01-09,0.0,0.0024121908457825528,36801,31
2023-01-10,0.0007272727593287346,0.0011503377517469275,4562,31
2023-01-11,-0.0003599064282145911,0.00108015133137253,4674,31
2023-01-12,-0.0014149277210259098,0.0012253634083969837,10378,31
2023-01-13,-0.000353294474616286,0.0018357000114452575,5068,31
2023-01-16,-0.00034983383249905615,0.002449694404056857,21032,31
2023-01-17,-0.0007034822660855775,0.0018611223043065123,6032,31
2023-01-18,0.0017430717329466987,0.0021207780420782704,20458,31
2023-01-19,0.00035404496740864226,0.0019078485166968595,2814,31
2023-01-20,0.0017790433441551784,0.0016305202070162259,8677,31
2023-01-25,0.0003433476428581242,0.0014156300939307182,244824,31
2023-01-26,0.0010191949243041705,0.0016979436380135415,14856,31
2023-01-27,0.0,0.0010110277621537826,60385,31
2023-01-30,-0.0010008341118989687,0.0012026368513609043,17371,31
2023-01-31,0.0016998134298495523,0.0014022632947949456,12631,31
2023-02-01,-0.0003350645030510007,0.0010053058212758181,4692,31
2023-02-02,0.0006470398155215375,0.0013729489265823865,51075,31
2023-02-03,0.0009616926530576789,0.0015027255153137837,13269,31
2023-02-06,0.0,0.0019885715070183407,24881,31
2023-02-07,0.0006468305529532651,0.0026685885690451473,10714,31
2023-02-08,-0.00031700745232980773,0.0020547691540414408,22795,31
2023-02-09,0.000643707778905692,0.0017039527566301035,13974,31
2023-02-10,0.0013071897286214247,0.0016668912381885288,7530,31
2023-02-13,-0.0009889567313364105,0.0023543401700026924,28783,31
2023-02-14,0.0019423767842065226,0.0021959647170129086,5050,31
2023-02-15,0.0,0.00120893619513737,4171,31
2023-02-16,-0.0015895727397262404,0.0015245382055282181,33502,31
2023-02-17,-0.0003271716044234116,0.0012666882346130596,7643,31
2023-02-20,0.0,0.001266909147436641,3919,31
2023-02-21,0.0009847366625395598,0.0010888297905466845,9349,31
2023-02-22,-0.0010035123772401337,0.0015326218980339474,9545,31
2023-02-23,0.000665336019221158,0.0014114169238415456,24989,31
2023-02-24,-0.0006657789859777211,0.0009418280553411598,4713,31
2023-02-27,0.0006747638582605389,0.001653036366769639,6337,31
2023-02-28,0.0013413818242013111,0.0009485400426398115,14416,31
2023-03-02,0.0006816632847458644,0.0010783189222062265,142178,31
2023-03-03,0.0006731740409044118,0.0014282582442409876,2932,31
2023-03-06,-0.0003284611624209649,0.000869026551110984,13330,31
2023-03-07,-0.001642306166470913,0.001137511905480156,252055,31
2023-03-08,-0.0003336113458798256,0.0010006486128431296,10021,31
2023-03-09,0.000664231176862766,0.0010504510732174898,2167,31
2023-03-10,-0.0006786562866516955,0.0010175434662354566,89451,31
2023-03-13,-0.00033619095962979505,0.0017459865570640708,1896,31
2023-03-14,0.0220966472775903,0.02428876156536324,67164,31
2023-03-15,0.002324424091555341,0.002504639891374893,5059,31
2023-03-16,-0.0006587615521501745,0.0011413533105681076,4365,31
2023-03-17,-0.00032159511452598135,0.0010667664251888952,61899,31
2023-03-20,-0.000971030987449567,0.0017127971409284797,79210,31
2023-03-21,0.001289906660631859,0.0017662963242641631,4878,31
2023-03-22,0.0009540468206556134,0.0010548910128244137,183221,31
2023-03-23,0.0009595394946998982,0.0016631737197732473,49145,31
2023-03-24,0.0009540468206556134,0.0011465093675708264,149189,31
2023-03-27,0.0003158060976823809,0.0018945374827035219,78034,31
2023-03-28,0.0015971892869900458,0.0011516647315026145,1279,31
2023-03-29,-0.00031943779220678926,0.0011521457690806093,2265,31
2023-03-30,0.0006303183316156856,0.000996966597137917,8173,31
2023-03-31,-0.0012492194004319278,0.0012490245068710697,8931,31
2023-04-03,-0.00030964545842699043,0.0011585872802811733,52475,31
2023-04-04,0.0009266409929469703,0.001346947703816721,3470,31
2023-04-05,0.0009280743125538113,0.001198880996437978,20469,31
2023-04-06,0.0012550990037938628,0.0009923051196812239,20542,31
2023-04-07,0.000621504059781909,0.0007613022469031113,22078,31
2023-04-10,-0.0012468829545632637,0.0008817824666936512,11665,31
2023-04-11,0.00031051079274478714,0.0006945821068854046,16911,31
2023-04-12,-0.0018779348242002089,0.0008854056588950898,32036,31
2023-04-13,0.00031530821639134336,0.0014105017864596717,9948,31
2023-04-14,-0.00030993336680761534,0.001486628776476784,10698,31
2023-04-17,0.0,0.0011594848196326028,7877,31
2023-04-18,0.0009300884254428527,0.002126297208502232,25979,31
2023-04-19,-0.003425194069528044,0.0017338561030159334,36330,31
2023-04-20,0.0006232471376564235,0.0017073655965267678,34184,31
2023-04-21,-0.0006250000203450813,0.0007653859134445068,22285,31
2023-04-24,0.0,0.0012559117989090782,27345,31
2023-04-25,-0.0009426552151295073,0.0011328210253913182,3703,31
2023-04-26,-0.0006301197435964494,0.0008911942452755794,7535,31
2023-04-27,0.0009450307838307757,0.0008334013325248333,2526,31
2023-04-28,-0.0009275004529492059,0.001025621029811946,718,31
2023-05-02,0.0003069838857569999,0.0009210773587162931,2776,31
2023-05-03,-0.0003097413684357805,0.00097942761491817,3869,31
2023-05-04,-0.001242622092172449,0.0009825317914956024,9549,31
2023-05-08,-0.0006136851987628849,0.001147798101308821,23043,31
2023-05-09,-0.0006125574464128071,0.0011460903780966482,15594,31
2023-05-10,0.001230390804251141,0.0009727991711242332,11455,31
2023-05-11,0.00030399757036070574,0.0012539074539033444,1790,31
2023-05-12,-0.0003032600478131568,0.0015158038723268872,8467,31
2023-05-15,0.0006090134171182637,0.0008609474161095163,3939,31
2023-05-16,-0.0003036283612213747,0.0008589863244544656,3124,31
2023-05-17,-0.000302251778030246,0.0010900377839069017,21586,31
2023-05-18,0.0,0.0005990714437480449,5201,31
2023-05-19,0.00029347028823974977,0.0012103015939985602,11916,31
2023-05-22,0.0008835223664123714,0.001530907005923511,18505,31
2023-05-23,-0.00029321214108329777,0.0007760590151457228,39237,31
2023-05-24,-0.0002974862434552333,0.0012973829096191295,37186,31
2023-05-25,0.0017699119664584136,0.0023605574795471976,25326,31
2023-05-26,0.0017528488274143868,0.0018937545634409958,23687,31
2023-05-30,-0.0002836477114465044,0.001770465274320769,65119,31
2023-05-31,-0.001991749129071251,0.0013649394964312968,15446,31
2023-06-01,0.0014271445265141341,0.0014271935425083555,45302,31
2023-06-02,0.0005624297111139256,0.0022514209298450092,47481,31
2023-06-05,-0.0002807805718292191,0.0010876417341308497,22099,31
2023-06-07,0.0005599104289613909,0.001481635643278049,24681,31
2023-06-08,-0.0005717553043122124,0.0010703120361831543,24663,31
2023-06-09,0.00028141269356950097,0.001227231267552491,12094,31
2023-06-12,0.000558971507008081,0.0008842070199050805,6240,31
2023-06-13,0.0019212301778938723,0.0012575760862584,22932,31
2023-06-14,0.0002737850804234787,0.0009871669866168282,33742,31
2023-06-15,-0.0010887317351965606,0.0018468434244776116,9528,31
2023-06-16,0.0008069939913409674,0.0018259710596321224,9954,31
2023-06-19,0.0005408328958221015,0.0013789592589539379,25451,31
2023-06-20,0.0010851873012869833,0.001461696096462494,10930,31
2023-06-21,-0.0005422993625311492,0.0017578979100840494,59019,31
2023-06-22,0.0016528929382995943,0.002434628091521166,33009,31
2023-06-23,0.0002728140788985085,0.0013643833443865883,8337,31
2023-06-26,-0.0002740852422256295,0.0009883951258176343,12823,31
2023-06-27,0.0008313704233875971,0.001208623334527239,65137,31
2023-06-28,-0.0008231582300445543,0.0015272305229792871,2763,31
2023-06-29,-0.00027296301520650856,0.000818764902302193,3461,31
2023-06-30,-0.0008184422773051053,0.0008185167082166734,3220,31
2023-07-03,0.0,0.0007120849085252887,10699,31
2023-07-04,0.000269142781869579,0.0004662526429705601,7161,31
2023-07-05,-0.0010775863111702484,0.0010772236534910937,4428,31
2023-07-06,0.0013511689665425843,0.0010465169192230585,15242,31
2023-07-07,0.0,0.0008584981311358992,15064,31
2023-07-10,0.000821580218745299,0.0011939521216281818,8582,31
2023-07-11,0.002442666433699102,0.0017379818404971805,13880,31
2023-07-12,0.00027023375384027133,0.0007148333406967868,6140,31
2023-07-13,0.0005326231816993347,0.0012497779439625003,29134,31
2023-07-14,0.00026270852640248373,0.0012041529163944276,101853,31
2023-07-17,0.0005265929558232736,0.0009123861152444511,44967,31
2023-07-18,0.0005220569160595142,0.0010443183064045521,11043,31
2023-07-19,0.0012924908093718776,0.0015722950508497676,22541,31
2023-07-20,-0.0010403121874512074,0.000900702871901113,32930,31
2023-07-21,0.000529240552178492,0.0009904555383993075,44049,31
2023-07-24,0.0005313496405565997,0.00112777878845521,17468,31
2023-07-25,0.0018570107472126892,0.001215545557235442,11797,31
2023-07-26,0.0010554090689434672,0.0014933866977579005,4179,31
2023-07-27,0.001314924581309022,0.0013908408456441152,22906,31
2023-07-28,-0.000528122536700658,0.0012097081369868156,6820,31
2023-07-31,0.0007825747106055026,0.000903934361719018,10378,31
2023-08-01,-0.0005205622189391021,0.0008231882847553198,14162,31
2023-08-02,-0.0005257623675266026,0.0008314564483651718,25509,31
2023-08-03,0.0,0.0015800592552560147,14348,31
2023-08-04,0.0,0.0011582684138257062,10014,31
2023-08-07,-0.0013381508754457432,0.0012264667785909658,2198,31
2023-08-08,0.0,0.001002357567931694,5734,31
2023-08-09,-0.0002683483177246225,0.0010394760547919053,6527,31
2023-08-10,0.0010828371388318981,0.0006632493405702317,11355,31
2023-08-11,-0.0010851873012869635,0.0011829862913885646,2587,31
2023-08-14,0.0002737101426696164,0.0013128084324814967,6596,31
2023-08-16,0.0002730375443582586,0.0017067802252201262,3794,31
2023-08-17,0.0013814064912607202,0.0013251260456488122,10452,31
2023-08-18,0.0011179431013412459,0.0017001804623870442,8224,31
2023-08-21,0.000840218506229355,0.0012212414234962898,7275,31
2023-08-22,0.002203857641320031,0.001169058758468948,7483,31
2023-08-23,-0.00027453672101053267,0.0006140851160846344,6288,31
2023-08-24,-0.0008041817884136879,0.0013935896142989435,13483,31
2023-08-25,-0.002224076535356469,0.0024231440431516983,13963,31
2023-08-28,0.00027483853409217106,0.0006144901075479051,1836,31
2023-08-29,-0.00027259097892657036,0.0012488608775164396,5433,31
2023-08-30,-0.00026741543146387804,0.0011026689161869351,15925,31
2023-08-31,-0.0005320564105295891,0.0013303322115373979,9080,31
2023-09-01,-0.0013281978310653519,0.0010623819142234821,9742,31
2023-09-04,0.00026528717492104185,0.0009569362045848123,13096,31
2023-09-05,-0.0013310264177238392,0.0012199213262112506,2269,31
2023-09-06,-0.0005314908442945303,0.0011276121980720233,2505,31
2023-09-07,0.0,0.001742291020660409,5412,31
2023-09-08,0.0008072111295297331,0.0010759016458731787,10528,31
2023-09-11,0.00026827632622347425,0.0008898804505191365,13894,31
2023-09-12,0.0007992540721197766,0.0007993014275804896,7510,31
2023-09-13,-0.000269578111890036,0.0009339299319217697,2381,31
2023-09-14,-0.0005341880468908926,0.0009254468417046937,3444,31
2023-09-15,-0.00026563952872374276,0.0009581686047569389,14450,31
2023-09-18,0.0002708192298203996,0.0006055702607891656,4826,31
2023-09-19,-0.0008137800530474539,0.0010501867999874795,11050,31
2023-09-20,0.0013577734604602887,0.0011521437685162118,26537,31
2023-09-21,0.0011058889708773707,0.001326002015289416,11485,31
2023-09-22,0.00027991602702011456,0.0016084454972932053,4294,31
2023-09-25,0.0002797594087346738,0.0007399077229386481,1642,31
2023-09-26,-0.0014050866439825691,0.001461197918076632,2235,31
2023-09-27,0.00028268551424991405,0.0012955673129689987,14411,31
2023-10-04,-0.0014255169912210611,0.0013960368530689232,3931,31
2023-10-05,-0.0011176307394149233,0.001425134264491037,4010,31
2023-10-06,0.001123280095643448,0.0013169442523148635,2611,31
2023-10-10,-0.0005483959556136762,0.0016466054286122889,4619,31
2023-10-11,0.0,0.0010210953008863443,8072,31
2023-10-12,0.00027016074728675204,0.0010800412466491164,4211,31
2023-10-13,-0.00027214587186613035,0.001981516570609485,843,31
2023-10-16,0.001924928409584418,0.0013471689945735524,42692,31
2023-10-17,-0.0008191126737846613,0.0007224459314138726,6684,31
2023-10-18,-0.0010961908469566289,0.0010254528519967599,1028,31
2023-10-19,0.0011123471669739848,0.0012439533425631156,2964,31
2023-10-20,-0.0014062722047533443,0.0010893550091257938,2488,31
2023-10-23,0.0,0.0012032826490780922,2130,31
2023-10-24,0.0,0.00079710496628464,3122,31
2023-10-25,0.0014106364308428781,0.0013532840688769876,2293,31
2023-10-26,0.0005819028386484659,0.0014847303891325592,4650,31
2023-10-27,-0.0008729812863448423,0.0008229049914450555,2700,31
2023-10-30,0.0011621151801772967,0.001232668994506839,938,31
2023-10-31,0.0008724735176100548,0.0015667351929259288,2043,31
2023-11-01,0.0014407148436414786,0.0009557877481008302,6387,31
2023-11-02,-0.00028157116897280004,0.000745057215507124,12188,31
2023-11-03,0.0,0.0013642382657238015,44092,31
2023-11-06,0.0002743860629096034,0.0009893130706588192,4170,31
2023-11-07,-0.001097694951055126,0.001399070585315253,70,31
2023-11-08,-0.00027184994050801365,0.00047094327119784335,1361,31
2023-11-09,-0.0002711129201911443,0.0004696662522605994,4882,31
2023-11-10,0.0002733360683958681,0.0013671138760637718,1786,31
2023-11-13,0.0005373455260944802,0.001005455107400923,2955,31
2023-11-14,0.0,0.0006555572748307342,1414,31
2023-11-15,0.0002615404748792028,0.001308332083942388,6938,31
2023-11-16,0.0002627775603086693,0.0011453099707208895,5182,31
2023-11-17,0.000262226302800618,0.0007868393983038163,13546,31
2023-11-20,0.0007889546760320998,0.0012052689175593274,3437,31
2023-11-21,0.0,0.0008964487235786049,9536,31
2023-11-22,-0.000783392127804156,0.0011076912265071466,22511,31
2023-11-23,0.0007777058071825193,0.0017002371218626318,82453,31
2023-11-24,-0.00025930247779157637,0.0005799984738924025,11204,31
2023-11-27,0.001304972128295292,0.001630171461954177,2130,31
2023-11-28,0.0010408535938396075,0.0007359706852391785,1087,31
2023-11-29,0.00025910092125779207,0.0011878626454785211,15711,31
2023-11-30,0.0,0.0003665190022768737,5496,31
2023-12-01,-0.00026092628980396156,0.0005218525796095719,5050,31
2023-12-04,0.0,0.001277037015169159,7355,31
2023-12-05,-0.001052631676143262,0.0013415623244671382,2905,31
2023-12-06,-0.00026045058097481927,0.0011355268615452817,3608,31
2023-12-07,0.00026319252685147855,0.001368122063955896,10255,31
2023-12-08,-0.00025970653307901004,0.0006870679328457033,1651,31
2023-12-11,0.0012944985626457955,0.0009334761887131781,1647,31
2023-12-12,-0.0007675579243408721,0.0012270125159542869,10357,31
2023-12-13,-0.0007615179959328381,0.0008418509731180579,11486,31
2023-12-14,-0.00024971906734841447,0.0008279989151260727,60549,31
2023-12-15,0.000251287851554792,0.0010956282389879583,6759,31
2023-12-18,-0.0002499687552073415,0.0007499895995351582,2377,31
2023-12-19,-0.0004977600899189493,0.0010559086313116875,23254,31
2023-12-20,-0.00024718823509876236,0.000819738540340444,9043,31
2023-12-21,0.0005002501354949281,0.0009020036382117179,15475,31
2023-12-22,-0.0004982561139452804,0.0006591895637327968,1632,31
2023-12-26,-0.0002473104995912193,0.0008203468099863957,1133,31
2023-12-27,0.00024639645313760406,0.0007392905727516746,11207,31
2023-12-28,0.0004910385563923954,0.0004910686990255052,7123,31
2024-01-02,0.0,0.0008565675192912669,28347,31
2024-01-03,0.0010067959571807808,0.0011808837684496695,78487,31
2024-01-04,0.0007630675685026486,0.000917236717338035,13866,31
2024-01-05,-0.000512426349926634,0.0006273772809848997,20861,31
2024-01-08,0.0005120327812843453,0.0011158518858053385,4689,31
2024-01-09,0.0005015045240515228,0.001064133456192377,61542,31
2024-01-10,-0.00025003125520928253,0.0010001875774974728,7087,31
2024-01-11,0.0004950495150609004,0.0006064344628540961,17543,31
2024-01-12,0.00024816974938133185,0.0008950792622981983,30568,31
2024-01-15,0.0014851487878299958,0.001078984895924718,16228,31
2024-01-16,-0.00024928331177330584,0.0007883817046126215,5164,31
2024-01-17,-0.002991774856822558,0.0021457403058422336,81407,31
2024-01-18,0.0009967606108090739,0.0009651334361629704,7701,31
2024-01-19,0.000735384271405283,0.0006483890663960381,14349,31
2024-01-22,0.0009590027107557426,0.0014176413023541288,12613,31
2024-01-23,0.00024070285349098378,0.0008679307736648898,6085,31
2024-01-24,0.00047755492789152104,0.00128554379258159,7657,31
2024-01-25,-0.0002385211698845776,0.0008602371015147601,9566,31
2024-01-26,-0.0007207207519181792,0.0008992055434082011,27660,31
2024-01-29,0.0007191657987054193,0.0006782190047021325,13747,31
2024-01-30,-0.0011863804926937637,0.0007870576545433806,21389,31
2024-01-31,0.0002409348282948052,0.0004173113639190788,7990,31
2024-02-01,-0.0007289515570022205,0.0008415504023717494,14098,31
2024-02-02,-0.00023869196914853694,0.0008607900293302625,20890,31
2024-02-05,0.00047494657743897605,0.0009498226837378488,4871,31
2024-02-06,-0.0004739336581600257,0.0011609988307530706,9945,31
2024-02-07,-0.0009523810243674802,0.0008247534951723584,6832,31
2024-02-08,0.000706131605191405,0.0018387449517666592,30650,31
2024-02-13,0.0016383853869738913,0.0008758270371926706,22712,31
2024-02-14,0.0011869437595286225,0.001363763252233099,62859,31
2024-02-15,0.00046992482067777783,0.00046995242677659637,2318,31
2024-02-16,0.0004682744173606188,0.0004683566822165162,10030,31
2024-02-19,0.0,0.0014560673137841414,6751,31
2024-02-20,0.0014241635447712463,0.0006712775234772205,7791,31
2024-02-21,0.0,0.0007932008039363729,21291,31
2024-02-22,0.0004719207260778209,0.001055545750288534,39802,31
2024-02-23,-0.00023269342746061241,0.0007356016260343654,3028,31
2024-02-26,0.0,0.0007395757471896246,2341,31
2024-02-27,-0.0004682744173605029,0.0005734719327203325,2056,31
2024-02-28,0.0,0.0007379189322974344,5219,31
2024-02-29,-0.00023438415670412767,0.0008120733420938749,11873,31
2024-03-04,0.00022891152669490757,0.0019422368080848984,13596,31
2024-03-05,-0.000692440881677667,0.0013457535860182223,8918,31
2024-03-06,-0.00023345395226840796,0.0005719098460714888,31162,31
2024-03-07,0.0006998717187576492,0.001212559217692133,22947,31
2024-03-08,0.00022943673382738567,0.001192228800062709,29143,31
2024-03-11,0.0,0.0010923417413253006,4525,31
2024-03-12,-0.00023209933955880765,0.0010115864725825194,12079,31
2024-03-13,-0.0009203866273286727,0.0016753799001034456,4302,31
2024-03-14,0.0004627487356985036,0.0006944177187261964,11936,31
2024-03-15,-0.00023361756910363722,0.0022882071018738366,1356,31
2024-03-18,0.0,0.0003310037609884801,15380,31
2024-03-19,-0.0004676174974151025,0.000874350448123713,5742,31
2024-03-20,0.0002329644739716103,0.000616468652646455,513,31
2024-03-21,0.0011419437120813803,0.000942012802481275,2387,31
2024-03-22,-0.0006868918415466718,0.001049015944437235,5863,31
2024-03-25,-0.0009165903483148773,0.0022229472442860023,8667,31
2024-03-26,0.00022917382935172206,0.001356290272116541,10908,31
2024-03-27,0.0,0.000607410816086092,5834,31
2024-03-28,-0.00045945325871423614,0.0007263926559400555,299,31
2024-03-29,-0.0004581901569277868,0.008013914523841969,11042,31
2024-04-01,0.0004573519402840779,0.000723153450847405,29319,31
2024-04-02,0.001379310563505569,0.0013005852302495873,28467,31
2024-04-03,0.0006974311569458821,0.001524635398217101,3467,31
2024-04-04,-0.0004609357076308659,0.0007985021089745454,1048,31
2024-04-05,0.00046893318561547833,0.0013261005803958227,1980,31
2024-04-08,0.00046425256172750426,0.0017968399482648325,2492,31
2024-04-09,0.00046371436026864266,0.000695634270018104,4951,31
2024-04-11,0.00023312740518220833,0.0011661917724921753,3622,31
2024-04-12,0.001147973952267589,0.001000949965707199,4181,31
2024-04-15,0.0009293680966330201,0.0014883181309617208,4405,31
2024-04-16,-0.0004750593913570923,0.00106222726329586,6034,31
2024-04-17,-0.0009517012376664004,0.0029373099978968666,69748,31
2024-04-18,0.0011946005482289614,0.001492010145403687,26595,31
2024-04-19,0.0019512201312617493,0.001380806008073254,3793,31
2024-04-22,0.0007359254594374421,0.0019474778376555103,12319,31
2024-04-23,0.0002447680834640325,0.0008825571403137841,1681,31
2024-04-24,-0.0002390343025604018,0.0010423198390392145,5440,31
2024-04-25,0.00024351637767970662,0.0010608922988578756,1297,31
2024-04-26,0.0004770992456911782,0.0012623827761717933,627,31
2024-04-29,-0.00047348485733063133,0.0009471379053665834,4825,31
2024-04-30,0.0014221381870677026,0.0008865587118735391,4900,31
2024-05-02,0.00024163344324413296,0.0011078262403648666,3852,31
2024-05-03,0.0,0.0012648076191589031,5171,31
2024-05-07,0.0002331817662426024,0.0006994184574249284,2190,31
2024-05-08,0.0,0.0006598646335562841,274,31
2024-05-09,-0.0004673989334915442,0.000618444878742031,188,31
2024-05-10,0.0006979179066586421,0.000771642587137973,6064,31
2024-05-13,-0.0004636068696851956,0.0007329079096017065,1952,31
2024-05-14,0.0004639294910396024,0.0003280476913123109,29264,31
2024-05-16,-0.0002264749188708377,0.001086681376205467,9724,31
2024-05-17,0.0004544421800544764,0.0010413198405755855,5872,31
2024-05-20,-0.00022709208681672772,0.0007533659037873132,7217,31
2024-05-21,0.00022616759114831782,0.0003917337588932567,11647,31
2024-05-22,-0.0013525700889816731,0.000712979569042183,5583,31
2024-05-23,-0.0004476275813328171,0.0006330409983940381,15943,31
2024-05-24,0.00022668026845339582,0.0011334733112920027,13791,31
2024-05-27,0.0004490345832073373,0.0020219196134894503,2361,31
2024-05-28,-0.0002239390895037893,0.0009766574893152725,2738,31
2024-05-29,-0.00022474435424416414,0.0005945413267518428,17527,31
2024-05-30,0.00045382347046209334,0.0008491498515941128,2414,31
2024-05-31,-0.00045724737879417233,0.0011652956969787822,2709,31
2024-06-03,0.00022724690473889265,0.0010165216991586895,8084,31
2024-06-04,-0.0009092976302812424,0.0009091426143444787,1742,31
2024-06-05,-0.0011300713147494319,0.0006779918237249069,7876,31
2024-06-07,0.00044365573043580835,0.0012355407068102328,14298,31
2024-06-10,-0.0015581527915948994,0.0011988946018802213,8075,31
2024-06-11,0.0008867214059169554,0.0007678381562893373,4150,31
2024-06-12,-0.0002198043749919901,0.0004914975242317941,3155,31
2024-06-13,0.0008629989748124209,0.0014313043724906134,27623,31
2024-06-14,0.00021544759320653566,0.0009394125793070237,4785,31
2024-06-17,0.00021498441445802306,0.0011974727312883762,16902,31
2024-06-18,-0.00021256244101710545,0.0007048264430934517,5561,31
2024-06-19,0.0008485363258388641,0.000793793238505365,6039,31
2024-06-20,-0.00042229730357315975,0.000790224696176447,7646,31
2024-06-21,-0.0004276245521652586,0.000955962552605636,4888,31
2024-06-24,0.000643569688629347,0.0008846359172055966,846,31
2024-06-25,-0.000866551180741645,0.0007507807207143213,3552,31
2024-06-26,0.00042854082507130933,0.000524871921775016,3171,31
2024-06-27,0.000214707461909031,0.0007122014550446728,1338,31
2024-06-28,0.00021324235073867984,0.0006395603795034562,595,31
2024-07-01,0.00042863266837130104,0.0009586983763198137,4648,31
2024-07-02,-0.0004286326683714024,0.0010722022376699492,9957,31
2024-07-03,-0.0006353913165160485,0.0010586986144499615,2507,31
2024-07-04,0.0012597104332217396,0.0014847576331586052,7965,31
2024-07-05,0.0008391022099218722,0.0005933815997609285,13707,31
2024-07-08,0.0010404745502192111,0.0010813262193834824,12678,31
2024-07-09,0.0006204115595547847,0.000852777895736659,14086,31
2024-07-10,0.000621053741108951,0.0006866265919996753,4336,31
2024-07-11,0.0006157003786088368,0.000680784019918477,14732,31
2024-07-12,0.0012589174973640183,0.0013272803503139475,16570,31
2024-07-15,0.0002077922085397942,0.0006892599814664964,8129,31
2024-07-16,-0.00041511001011193457,0.001137266261826104,8984,31
2024-07-17,-0.003346583336712808,0.0015369994155664567,7498,31
2024-07-18,0.0023446669592540547,0.0012610839304465062,11713,31
2024-07-19,0.0010721562086343053,0.001028222816055356,9030,31
2024-07-22,0.0006487188031591277,0.0018222685438647008,32417,31
2024-07-23,-0.0010739985996377802,0.0013070993769394238,3294,31
2024-07-24,-0.0013003903002833642,0.0012257375179090496,4484,31
2024-07-25,0.00044493882825260287,0.0039995867337655885,95585,31
2024-07-26,0.0006728720675539234,0.00139942402600186,22906,31
2024-07-29,0.00044316419958617096,0.000700688600128411,452,31
2024-07-30,0.0008908686558016329,0.001044953606548977,7063,31
2024-07-31,-0.0008904720089745496,0.0021018754785774,31416,31
2024-08-01,-0.0032633554469397356,0.0018593752717784699,33811,31
2024-08-02,-0.003427399676415569,0.0035614129270585913,9590,31
2024-08-05,-0.002679334205479271,0.005870102231584936,128746,31
2024-08-06,-0.00023307306946201975,0.004543991906774494,12804,31
2024-08-07,-0.0004671805737856531,0.002560730704865722,42546,31
2024-08-08,0.004280624847946617,0.003120624501776452,3863,31
2024-08-09,-0.0006926007433738563,0.0013663861421614864,2249,31
2024-08-12,-0.0006881523382012745,0.0012141349278679862,21060,31
2024-08-13,-0.0011435107020789379,0.000758519202945841,1098,31
2024-08-14,0.0006709158252336917,0.0007417857056993299,8999,31
2024-08-16,0.00021736767828212737,0.0007211265477938387,7638,31
2024-08-19,-0.0006550933742301113,0.001431751724640582,641,31
2024-08-20,0.0,0.0006077247975446721,8987,31
2024-08-21,-0.00021558693626668737,0.00048210862715102976,991,31
2024-08-22,0.0008591065820491685,0.0006793147430675039,835,31
2024-08-23,0.0004344992464620286,0.0008128106102542382,5622,31
2024-08-26,0.0010795639610509612,0.001035627242097778,575,31
2024-08-27,-0.00043601483141157986,0.0005339099443699862,459,31
2024-08-28,0.0004353504639938795,0.0012697416451069809,1097,31
2024-08-29,0.0004423800116383839,0.0011706310037864415,4739,31
2024-08-30,0.001097574470847551,0.0015050449756013684,25515,31
2024-09-02,-0.0002182214956832252,0.0011341414452323267,3909,31
2024-09-03,-0.0008743169955868456,0.0009527155535922281,1197,31
2024-09-04,0.0020368910516451186,0.0026110369507771672,23580,31
2024-09-05,-0.0009027308218552797,0.0014619627814415775,4826,31
2024-09-06,-0.0009064129331206967,0.0008479129582038635,2568,31
2024-09-09,0.001841621146649554,0.0018980810804935663,514,31
2024-09-10,0.00045850528084308967,0.001297574161137485,182,31
2024-09-11,0.00204894778568925,0.0013848583091924432,156,31
2024-09-12,0.000663056715639608,0.0010595419631355073,16791,31
2024-09-13,-0.0006588338878918283,0.0007917262403208618,695,31
2024-09-19,0.0010856585584857828,0.002429278237451024,9762,31
2024-09-20,0.00021540118553946684,0.00037308579736388645,427,31
2024-09-23,0.00021479970010632063,0.0011166651670874931,11224,31
2024-09-24,0.000644260733118903,0.0007744841745594434,490,31
2024-09-25,-0.0006448146381400675,0.0014733064266338588,4314,31
2024-09-26,0.0012676950778628844,0.0009907937446365625,7138,31
2024-09-27,-0.0021285661506303243,0.002388588391504133,2328,31
2024-09-30,-0.0006423295371259443,0.0011917840067849207,293,31
2024-10-02,0.0017346058122083715,0.00218967413185777,14755,31
2024-10-04,0.00043112740482406615,0.0015551677056997834,3763,31
2024-10-07,0.00021360675078549438,0.0008274250227883086,8740,31
2024-10-08,-0.00021595940047222447,0.0003741065210210858,949,31
2024-10-10,0.00021094821299622794,0.001248505787727677,404,31
2024-10-11,0.0002111263599102077,0.0008178961206097335,7192,31
2024-10-14,0.00021099272153392713,0.000760992130964216,8618,31
2024-10-15,0.0004182350541935309,0.0005122848164637204,8613,31
2024-10-16,-0.00042301185063942445,0.0007915502031451745,5828,31
2024-10-17,0.003594464172444005,0.0017936207027909722,3672,31
2024-10-18,0.0008447730175037023,0.0007315949031125801,8743,31
2024-10-21,0.0004214963181474308,0.0006664441960994367,5759,31
2024-10-22,-0.0002107259516806615,0.0009186554492621489,1344,31
2024-10-23,0.0,0.0010295308526660526,2355,31
2024-10-24,0.0004239084421259153,0.001080829215139437,6858,31
2024-10-25,0.0008449514655643136,0.0010772985954585245,1481,31
2024-10-28,0.0008361204500485622,0.0010242484512223884,4109,31
2024-10-29,0.0012602396122877732,0.0011112684750815244,461,31
2024-10-30,0.0010391770653547074,0.001230097023828227,5968,31
2024-10-31,-0.0002112601676812297,0.0008448511261542478,151,31
2024-11-01,-0.0010712373814988035,0.0006059834411464359,9500,31
2024-11-04,0.0021281131674940135,0.0010422811538287858,15839,31
2024-11-05,0.00042844902112140754,0.0005247220065531441,767,31
2024-11-06,0.0010448229975667973,0.0014334049617247806,4847,31
2024-11-07,-0.00020557097410253518,0.0011071435087882382,3411,31
2024-11-08,-0.0014185836809987372,0.0006722043095655883,1013,31
2024-11-11,0.00020212228466992378,0.0007288982765638044,19594,31
2024-11-12,-0.0002029014920221159,0.0007858447508131257,14701,31
2024-11-13,0.0,0.0012226532370185376,5539,31
2024-11-14,0.0,0.0012884315189849267,8612,31
2024-11-15,-0.003505519622423463,0.002633235125777749,2136,31
2024-11-18,0.0,0.0007794423892292403,2798,31
2024-11-19,0.0008317738054929468,0.0007780531490608233,1937,31
2024-11-20,0.001652551501883455,0.0016000871317150606,1977,31
2024-11-21,0.0008312552432102847,0.0011193804423923807,2381,31
2024-11-22,0.0018616201467001076,0.0017424394903308741,2524,31
2024-11-25,-0.00020493903135566924,0.0004583703470988331,8444,31
2024-11-26,0.0018509002713363865,0.0012507663885992185,21619,31
2024-11-27,0.000819840177094998,0.0005797145608901224,2089,31
2024-11-28,0.00020595201390888345,0.00046057962266429764,47,31
2024-11-29,-0.0012335527879988582,0.0008961311325615863,805,31
2024-12-02,-0.00020502306581298983,0.0006150552059020492,2769,31
2024-12-03,0.0002023267584038934,0.0004523614753755531,4939,31
2024-12-04,-0.0016096582952380954,0.001272700240124537,30007,31
2024-12-05,-0.0003994407882149774,0.0004891967730288326,6898,31
2024-12-06,0.00019982016251927378,0.0009159786824656785,2137,31
2024-12-09,0.0005947071242777133,0.0008174421069214926,5539,31
2024-12-10,0.000800000042666763,0.0013567374474467765,4173,31
2024-12-11,0.0,0.000981046760280419,216,31
2024-12-12,-0.0007887990943406612,0.001308098770638776,4511,31
2024-12-13,0.00019741387883677838,0.0010631063027540875,317,31
2024-12-16,0.0009839615080995845,0.0008577621901440138,6022,31
2024-12-17,-0.0005822416467251516,0.0006435788220947306,2392,31
2024-12-18,0.00038918077938192725,0.0004766471658471082,1995,31
2024-12-19,0.0008102086730429756,0.0017419765204808567,13076,31
2024-12-20,0.0018406795257338842,0.0021939821047307693,4828,31
2024-12-23,0.0010009008942883444,0.0013128953973364815,3002,31
2024-12-24,0.0013995803544232636,0.0014556404753799032,5245,31
2024-12-26,0.0009845427594536986,0.0016829868801784146,2443,31
2024-12-27,-0.0015876169240625901,0.0015370864191896379,19746,31
2024-12-30,0.0020068238723898466,0.001315830518706525,1487,31
2025-01-02,0.0020345886977874567,0.0020544200173063165,10339,31
2025-01-03,0.0014325184072574693,0.000892086832226025,11812,31
2025-01-06,0.0,0.0007548882450305388,9390,31
2025-01-07,0.00020022024293543685,0.0012813719440944113,6894,31
2025-01-08,0.0,0.0004966524291459576,4434,31
2025-01-09,-0.00020376974089864739,0.0003528916100774852,2005,31
2025-01-10,-0.001428717459071201,0.0012415069828302172,594,31
2025-01-13,0.0010396092006088886,0.0012648671578775826,1183,31
2025-01-14,0.0004124561823784642,0.0009224038274729501,718,31
2025-01-15,0.0006220840013990587,0.000994461056699294,138,31
2025-01-16,0.004058447128986959,0.0024839300290151124,3384,31
2025-01-17,0.0006119327064997627,0.0007900339527690711,3347,31
2025-01-20,0.0004024144923520309,0.0007530325998248912,6268,31
2025-01-21,0.0024101236812000873,0.0019779107006432893,32545,31
2025-01-22,0.0,0.0005619345328162938,3540,31
2025-01-23,0.0001978043721216484,0.0006560429052184746,299,31
2025-01-24,0.0009864852333984553,0.0007642287337677116,5243,31
2025-01-31,0.0,0.0008925885005006608,1246,31
2025-02-03,-0.0006183654736872591,0.0010305159507584512,3666,31
2025-02-04,0.001422041885143436,0.0019165941859189512,15371,31
2025-02-05,0.00040281974361409175,0.0006977862548270722,154,31
2025-02-06,0.0,0.0015923717575924705,2182,31
2025-02-07,-0.0005958883878777986,0.0008660774962008295,5142,31
2025-02-10,-0.0009995003330834993,0.0006630658150553935,1054,31
2025-02-11,-0.001195695638669601,0.0011274953619982602,13161,31
2025-02-12,0.0003986446136109849,0.0004882055084731185,1505,31
2025-02-13,0.000594118247003473,0.0009501155770682572,250,31
2025-02-14,-0.0007852375747020856,0.0009205263601570301,6882,31
2025-02-17,0.00038933230003176993,0.0008260951085503931,12710,31
2025-02-18,0.0009747539518263854,0.0012175829238873033,1260,31
2025-02-19,0.001169134973390101,0.0008714132934308618,34920,31
2025-02-20,0.0,0.0012987158217930197,18949,31
2025-02-21,0.0007836990996723637,0.0012079669897033193,4093,31
2025-02-24,0.00019894558903772096,0.0004449089730982484,5248,31
2025-02-25,0.00020228583056730522,0.0005353063035301891,2022,31
2025-02-26,0.0,0.0008646980147766091,20589,31
2025-02-27,0.0022419249174308728,0.0013671714853428667,3037,31
2025-02-28,0.0008403361839050543,0.0014562826427695858,3721,31
2025-03-04,0.00042158516644644336,0.0020012593476963175,13841,31
2025-03-05,-0.0010554090689436032,0.0014155815551224055,26650,31
2025-03-06,0.001261034215028165,0.0014260646984009641,68193,31
2025-03-07,-0.00021535479786039666,0.0014130959766280222,7632,31
2025-03-10,0.0019419576714639832,0.0014783026968291293,18876,31
2025-03-11,0.0020020026706729687,0.002366150224885016,12849,31
2025-03-12,-0.0007572889419088022,0.0009440414033998556,5934,31
2025-03-13,-0.00022294058725709013,0.0023695985333220446,4123,31
2025-03-14,-0.00022343872286008782,0.0012441887428826755,2446,31
2025-03-17,-0.0011068069751911064,0.0007340840816696689,5200,31
2025-03-18,0.0017566978606335054,0.0012419940136189612,1870,31
2025-03-19,0.00044395117266353694,0.0008878284612125133,739,31
2025-03-20,-0.0008727908038231537,0.0006898813766866497,6196,31
2025-03-21,0.0006618864003361225,0.0014473911545915415,1257,31
2025-03-24,0.0004353504639938795,0.0008146941798737611,992,31
2025-03-25,0.0,0.001098061967678912,6079,31
2025-03-26,0.0,0.0013197204714307446,355,31
2025-03-27,0.001087547687398919,0.0013233858296471022,3522,31
2025-03-28,0.0013137729062840226,0.001385005010320786,10058,31
2025-03-31,-0.0013658094542949313,0.0017344942596956266,1084,31
2025-04-01,0.0009035464811682148,0.0009588974043763138,15470,31
2025-04-02,0.0011181931166233307,0.001073138589267705,19889,31
2025-04-03,0.00229515822579572,0.002547230249140874,11271,31
2025-04-04,0.000937207191374398,0.0025019937634179006,18224,31
2025-04-07,-0.00706346952472476,0.007434077943854201,9992,31
2025-04-08,-0.0007384615720200843,0.002104751783267233,20447,31
2025-04-09,0.0046475683965468756,0.00679583837682692,14286,31
2025-04-10,-0.0011416829645165484,0.0021799598283338975,2075,31
2025-04-11,0.004668542559633329,0.006168154465344471,7926,31
2025-04-14,0.0013711153884776847,0.0018001324754559065,1851,31
2025-04-15,0.0023110710540498835,0.0028307167875227966,2141,31
2025-04-16,0.0011763323318587583,0.0024811434157225054,2003,31
2025-04-17,0.003992958916484337,0.002827903736496803,36635,31
2025-04-18,0.0021253993123135366,0.003271964544430871,307,31
2025-04-21,-0.0002392058377629678,0.001569101402575866,2550,31
2025-04-22,0.0024218951048630304,0.0017802417481824605,998,31
2025-04-23,0.0013963232429274324,0.002508224161014282,20683,31
2025-04-24,0.0034920300879617274,0.002474250975434193,2889,31
2025-04-25,0.0017969456767016347,0.0018240061337540547,16083,31
2025-04-28,0.0024671987394444365,0.002645015331323289,1017,31
2025-04-29,0.0,0.002697897152645675,4475,31
2025-04-30,0.002453988961566787,0.0020325986518895467,2410,31
2025-05-02,-0.00131204917138349,0.0023566446678624886,5542,31
2025-05-07,-0.0006546645078333884,0.0016468745612459406,9951,31
2025-05-08,0.000648859112199514,0.001575701251572344,5000,31
2025-05-09,0.0006481581732802686,0.0009415807422710584,2578,31
2025-05-12,0.0014838370502102199,0.0017610923949905048,49697,31
2025-05-13,-0.0008364701449660591,0.0009351825376254987,3712,31
2025-05-14,-0.0010234367897709869,0.001841846497830069,29327,31
2025-05-15,0.0012259911629601736,0.0013556172160383046,15924,31
2025-05-16,-0.00020368673051371835,0.0011523584143924453,5203,31
2025-05-19,0.0006158267668707221,0.002774764645427722,10100,31
2025-05-20,0.0,0.0018212685944402089,4780,31
2025-05-21,-0.0006129329030384462,0.0007368969269145344,2557,31
2025-05-22,-0.0002056978306131877,0.0012519280680278922,2838,31
2025-05-23,-0.0014419613169012952,0.001472409825329637,2503,31
2025-05-26,0.002050021218154066,0.003914613186661277,11446,31
2025-05-27,0.0018455864974145774,0.0028660768477727673,425,31
2025-05-28,0.0006088280248945642,0.0014142298078741458,9811,31
2025-05-29,-0.0007988816082958455,0.0022959959916330312,4384,31
2025-05-30,-0.0014258073502135852,0.001787188092437699,524,31
2025-06-02,0.0,0.002151949619772273,1339,31
2025-06-04,0.0006019865738130664,0.0010803000163871243,3024,31
2025-06-05,-0.0010019037006822609,0.0014591414974785709,5995,31
2025-06-09,0.0,0.002139345721187439,1182,31
2025-06-10,0.0005980265303317085,0.0020634343526253324,3002,31
2025-06-11,0.0007958615621033534,0.0012268906510230436,115,31
2025-06-12,-0.0019940186068643953,0.00302440110511596,13573,31
2025-06-13,0.00040330712383724736,0.0036735968303788324,2049,31
2025-06-16,0.0008003201707691157,0.002564553266893165,4909,31
2025-06-17,0.00019918334893070653,0.0021305874181605892,3495,31
2025-06-18,0.004397368668975147,0.003936608396559662,2116,31
2025-06-19,-0.0006031969620913846,0.0030595699272388363,50,31
2025-06-20,0.002409155953429509,0.0017274736883934158,3141,31
2025-06-23,0.0018150655381358831,0.0033193224443949145,1246,31
2025-06-24,0.0051201372195523245,0.0035227259422838226,25587,31
2025-06-25,-0.0011773941705511598,0.0019621195643121214,5548,31
2025-06-26,-0.00039100684760134437,0.0009967259207957233,8169,31
2025-06-27,0.0009679605827886768,0.0012698915779189327,12953,31
2025-06-30,0.00019228920355365755,0.0015502716950029866,1199,31
2025-07-01,-0.0003855050163393894,0.0012780437061334841,9271,31
2025-07-02,0.0005797661772213256,0.0016054483708165433,4201,31
2025-07-03,0.00019232618580302034,0.0005146995943866025,4600,31
2025-07-04,0.0,0.0014321499132968674,1972,31
2025-07-07,-0.001918281808268613,0.0011507299216734425,25159,31
2025-07-08,0.0009592326874601342,0.001661448243373351,4085,31
2025-07-09,-0.00038454143907814804,0.0018053084110963083,2455,31
2025-07-10,-0.0009568463078138164,0.0009568463078135636,1693,31
2025-07-11,0.0013411248298097476,0.0020375859103267183,3429,31
2025-07-14,-0.000770564476579366,0.0010555796159041535,1283,31
2025-07-15,0.0007600228372685753,0.0010405591741577062,3905,31
2025-07-16,0.0005736686264986042,0.0014937325908081919,3470,31
2025-07-17,0.002093444479455853,0.0018542221277990964,1906,31
2025-07-18,-0.0003772161493238536,0.0003771983640787489,2392,31
2025-07-21,0.000943663370961977,0.0014500450941714602,11404,31
2025-07-22,0.0007541478487140704,0.0009614861506634011,3264,31
2025-07-23,0.0009454477398972384,0.0006817423254110618,1906,31
2025-07-24,0.0001880582986267309,0.00018805829862600376,3729,31
2025-07-25,-0.0001879169412652099,0.001079205708076016,2708,31
2025-07-28,0.0001865149683667948,0.0008544457991454273,1287,31
2025-07-29,-0.00018679368691650397,0.0001867936869182074,866,31
2025-07-30,0.0,0.0012690247712869136,711,31
2025-07-31,0.00018472337726854865,0.0008856817269795412,5554,31
2025-08-01,-0.001321627682225637,0.00235069346780857,2103,31
2025-08-04,0.000573449313239313,0.0009168364107704465,20588,31
2025-08-05,0.0001879875933725081,0.00042040045961423504,4797,31
2025-08-06,0.0005684509864110769,0.0007338948784707157,2813,31
2025-08-07,0.0003741814823826521,0.001024961939863436,5108,31
2025-08-08,0.000934142991796922,0.0008144631495239158,1282,31
2025-08-11,-0.0009260117339180527,0.0013224652223035995,7937,31
2025-08-12,0.0022325590668502617,0.0027840486475038304,208,31
2025-08-13,0.0,0.000259512536256835,4111,31
2025-08-14,0.0,0.0014590860920631907,713,31
2025-08-18,-0.0018446786267661355,0.0009039127947929314,3968,31
2025-08-19,0.000925326243501797,0.0009966259320885467,7749,31
2025-08-20,0.00037615196982927925,0.0013033556027909603,4159,31
2025-08-21,0.0016944370052410134,0.001019523081321719,15433,31
2025-08-22,-0.0009475979103842066,0.0007814354133006363,374,31
2025-08-25,0.0,0.0005896361615315178,2328,31
2025-08-26,0.0,0.0009906663424640368,59,31
2025-08-27,0.00037250885139272663,0.0006452042568795983,538,31
2025-08-28,0.0014911465950318051,0.0016880361023020388,1848,31
2025-08-29,0.0016665127456621557,0.0017665132048057335,7496,31
2025-09-01,-0.0018758212215821413,0.0009190904204838265,5975,31
2025-09-02,0.00018742385960592497,0.0004190453710504228,421,31
2025-09-03,0.0009413537360873207,0.0013970425590345502,1087,31
2025-09-04,0.0007485030289581124,0.0008777423969020239,902,31
2025-09-05,0.0007384161310232592,0.0009413998553022337,3752,31
2025-09-08,0.0005547850350340533,0.000489261483687241,387,31
2025-09-09,0.001841621146649554,0.0012488533007638401,12292,31
2025-09-10,0.0,0.0,3211,31
2025-09-11,0.0009183580404827889,0.0009183580404830138,1627,31
2025-09-12,0.0,0.0002584218485718903,733,31
2025-09-15,0.0010913060377363759,0.001706000732867476,3338,31
2025-09-16,-0.0007212405649831032,0.0008832693215719424,7589,31
2025-09-17,0.0003615982682684424,0.0009569462860916773,7311,31
2025-09-18,-0.0003604253057579828,0.0004414290752116978,4542,31
2025-09-19,-0.0014360081448117326,0.000915336142749462,8517,31
2025-09-22,-0.0003570790968132168,0.00025249305178300953,134,31
2025-09-23,-0.0007089684806000765,0.0013264887357143985,3642,31
2025-09-24,0.0006418027746511452,0.0007322427863700811,11241,31
2025-09-25,0.0,0.0003581020643499283,10859,31
2025-09-26,0.0028787353453558645,0.0016683921637564466,3712,31
2025-09-29,0.0008926181080042635,0.001025723388258525,7843,31
2025-09-30,0.0010704728943721391,0.0007568486116610108,4865,31
2025-10-01,-0.0012534695884188116,0.00073835920758211,1119,31
2025-10-02,-0.0005306447458027798,0.0005306447458028885,1882,31
2025-10-10,0.0006996676864051767,0.0006058063793293699,2735,31
2025-10-13,-0.0005349023930694312,0.0019469812296197535,22729,31
2025-10-14,0.0,0.002253413633442927,3221,31
2025-10-15,0.00035593522354785193,0.001283870078224848,12494,31
2025-10-16,0.001950528147444539,0.002399730308306784,3063,31
2025-10-17,-0.0009704027932785164,0.0009505554148402521,1587,31
2025-10-20,-0.00017635129223024648,0.0014869709408513695,2980,31
2025-10-21,-0.0012266714935170889,0.0016159517437066035,8294,31
2025-10-22,0.00034995625903964386,0.00034995625903988525,1466,31
2025-10-23,0.0007063394254468575,0.0007063394254469557,4083,31
2025-10-24,0.001048401284216814,0.000785822678402666,1581,31
2025-10-27,0.00103021987133863,0.0007284963130302718,9307,31
2025-10-28,-0.00034129693164060575,0.0008358844904815404,9290,31
2025-10-29,0.0010111224319488893,0.0013902925982209695,8236,31
2025-10-30,-0.002868958174073088,0.0021417592610396045,6146,31
2025-10-31,0.0013540963477292301,0.0008954881208848628,12419,31
2025-11-03,-0.0005098139289621358,0.0010885582124101547,19573,31
2025-11-04,-0.0017158549165176902,0.0018495734176217943,4057,31
2025-11-05,0.0022555748263356065,0.0029303019003944467,4593,31
2025-11-06,0.00017230981347016205,0.0009593591619112671,4991,31
2025-11-07,0.0006990563024980425,0.0008561344478964977,12304,31
2025-11-10,0.0001736864963116104,0.00017368649631244182,23145,31
2025-11-11,0.0015518582302263978,0.0009904653581521553,2594,31
2025-11-12,0.001030927926358529,0.0012629494168650175,5333,31
2025-11-13,-0.000344352620482682,0.0007702080680849744,282,31
2025-11-14,-0.002117523289907317,0.0013897660269696173,1392,31
2025-11-17,0.0007005254226932939,0.0014233141120541719,5293,31
2025-11-18,0.0008948546458437055,0.001363376558338652,7590,31
2025-11-19,0.0009014694561621392,0.002244594698201557,670,31
2025-11-20,-0.0008791209357402404,0.000824642446973942,2177,31
2025-11-21,0.0007328692156526977,0.0016189111716614511,24311,31
2025-11-24,0.0005417607355983624,0.0013394927417969423,31140,31
2025-11-25,0.00035505059843947916,0.0013515539559566594,573,31
2025-11-26,0.0007023705293136863,0.0013373829916016816,2068,31
2025-11-27,-0.0001746877460988842,0.0013196887636357539,1139,31
2025-11-28,0.0010474861292971468,0.0010762144261148325,624,31
2025-12-01,0.0007002801406624725,0.0011746729066580632,2247,31
2025-12-02,-0.0019188841474528258,0.0011699203054728925,540,31
2025-12-03,-0.0006898930939377307,0.0011175022375798016,14170,31
2025-12-04,0.00017254766672084192,0.0004405352547269778,9531,31
2025-12-05,0.00010318675091275672,0.0005316961474018771,412,31
2025-12-08,0.0006856359541821666,0.0007273583738893051,47,31
2025-12-09,-0.0005169294506424947,0.0006214284225098982,682,31
2025-12-10,0.0008603631262888024,0.000860363126289343,384,31
2025-12-11,-0.001040763320311211,0.0013873461944732574,246,31
2025-12-12,0.00034417484421671573,0.00034417484421567224,79,31
2025-12-15,0.0,0.0006548228166544957,824,31
2025-12-16,0.0005332859427781576,0.0005332859409050284,1164,31
2025-12-17,0.0012318523335125419,0.0012562818983417375,2946,31
2025-12-18,0.0,0.001212109156371726,989,31
2025-12-19,0.0,0.00043231376127544235,3182,31
2025-12-22,0.00017380724819967392,0.0022739204773500007,430,31
2025-12-23,0.00017383746241091022,0.0022059650805353755,1919,31
2025-12-24,-0.0005191658851575718,0.0005191658851586567,401,31
2025-12-26,0.0006902502431086444,0.001464206852505603,930,31
2025-12-29,-0.00017429193943909024,0.0004611675790508046,505,31
2025-12-30,-0.0006996676864051452,0.0017929761373724046,397,31
2026-01-02,0.0003511235991131635,0.0011909772549323623,3086,31
2026-01-05,-0.0010598835120432463,0.0007900463580838716,2351,31
2026-01-06,0.0007020007308297848,0.001037890623401846,2915,31
2026-01-07,0.00034879665508823947,0.00024663648100646464,3509,31
2026-01-08,-0.0028011222797116675,0.001256494334508687,461,31
2026-01-09,0.0005255321133477886,0.00058096061780696,1313,31
2026-01-12,0.0012249542173941904,0.0005531939226349581,293,31
2026-01-13,0.0012149615310381298,0.0009836271766109704,2606,31
2026-01-14,0.00017389792235815955,0.0007580867630568953,1954,31
2026-01-15,0.0033272073422617584,0.0019734843027027723,4243,31
2026-01-16,0.0001742615670525221,0.0006284438152172906,1048,31
2026-01-19,0.0,0.0005003741107032753,431,31
2026-01-20,-0.0037243990909824397,0.0017295922982600213,5392,31
2026-01-21,0.0008911862277733478,0.0008167302856858257,1396,31
2026-01-22,-0.0014089470453366106,0.0015353577853083088,6689,31
2026-01-23,0.0015730143940891124,0.0014304591959993177,1766,31
2026-01-26,0.0013998252504533286,0.0011065573457739338,1156,31
2026-01-27,0.0010368067284403084,0.0007331541919525832,1327,31
2026-01-28,0.0022246950221111086,0.0020605979901941545,10810,31
2026-01-29,0.0008563843976331552,0.0012700454021362343,4003,31
2026-01-30,-0.002264217635444425,0.0012068340428427367,150,31
2026-02-02,-0.0003560619585418899,0.0024042321903019206,1452,31
2026-02-03,0.00010384755188731113,0.0008186785322493313,1559,31
2026-02-04,0.0014139274183092737,0.0008659331443782313,2201,31
2026-02-05,0.0016185598354108027,0.0016762821701981965,1318,31
2026-02-06,0.00109729345318707,0.0014167984515043369,5321,31
2026-02-09,-0.0021428579628285345,0.0017407759876788185,23219,31
2026-02-10,-0.0012425669478389688,0.0014090536873660846,440,31
2026-02-11,0.0,0.0014445421428929987,2799,31
2026-02-12,-0.0003553028994564061,0.0007539643167566494,1183,31
2026-02-13,-0.00072886300602779,0.0016290416983167854,1018,31
2026-02-19,-0.0005397139647068265,0.0008244973770240285,1229,31
2026-02-20,0.0009011445144379265,0.0015815244019037325,6881,31
2026-02-23,0.0009044045113161734,0.001158310214442339,2306,31
2026-02-24,0.0007242441019089448,0.0016786704625284944,5960,31
2026-02-25,-0.0007180039798677497,0.0009831497930605179,1792,31
2026-02-26,0.0007101012192580801,0.0004348464137989991,946,31
2026-02-27,-0.0014365238598911497,0.0008424637499194334,2260,31
2026-03-03,0.0007251631934892525,0.002474421546089605,454,31
2026-03-04,-0.002929332010493046,0.0016386021571375103,561,31
2026-03-05,-0.002154786253026337,0.0014140889247433734,494,31
2026-03-06,0.00017897091770374769,0.0012776597238502662,4,31
2026-03-09,0.0029635139303361316,0.0018334184049413594,502,31
2026-03-10,0.0,0.0009188887560012296,268,31
2026-03-11,0.0005388415038324336,0.0009670405170822614,591,31
2026-03-12,0.0012707635367140686,0.0024970952480202935,287,31
2026-03-13,-0.00036623329469959176,0.0013449658903129024,369,31
2026-03-16,0.0,0.0002590371950406443,797,31
2026-03-17,-0.0007330035145864429,0.0009332736175506032,231,31
2026-03-18,0.0028808086181867105,0.0029144567997033076,1746,31
2026-03-19,-0.000184246891354949,0.0023973673359581568,436,31
2026-03-20,-0.0012916322489497237,0.0019344932280250188,1324,31
2026-03-23,0.00018937600662605224,0.0023576453747636006,7992,31
2026-03-24,0.0029878640341936187,0.002640627423387839,458,31
2026-03-25,-0.0009310120773036991,0.0013032290089638463,3006,31
2026-03-26,0.00018693335880213985,0.0016620311921352294,446,31
2026-03-27,0.0007577193012653254,0.0008039534660718779,1587,31
2026-03-30,0.0011645964049188657,0.0022143236885901556,1343,31
2026-03-31,-0.0019474202843955666,0.0012625708844356156,2373,31
2026-04-01,0.0032018108151589527,0.002462825019825,4174,31
2026-04-02,0.00019085790686803683,0.0014914180002959388,173,31
2026-04-03,0.0005627990018169897,0.0004194698711788616,378,31
2026-04-06,0.0007490637054367439,0.0009172402494781246,2145,31
2026-04-07,0.0009357163590940803,0.0014863268461876083,198,31
2026-04-08,-0.0001800018005040621,0.0013832321289041299,11654,31
2026-04-09,0.0009058792176689054,0.001215198193601365,1186,31
2026-04-10,0.0,0.0009500492588602525,10048,31
2026-04-13,0.001085383608724405,0.0008090338063461676,1411,31
2026-04-14,0.0007097232377399097,0.0017387074301151006,1480,31
2026-04-15,-0.0006983240507249036,0.0012091458947044475,4061,31
2026-04-16,0.0005144474090994605,0.0005142906577854897,9477,31
2026-04-17,-0.00017145306514358382,0.0009230083690391749,8973,31
2026-04-20,0.00017022725379427738,0.0002948087989230837,10066,31
2026-04-21,0.00033783784105104967,0.0007551796563650948,16443,31
2026-04-22,0.00016901884600362198,0.001699796365777314,4516,31
2026-04-23,0.001848584679017499,0.001688761419019873,7402,31
2026-04-24,0.0003346720245428586,0.0012184381416104155,15874,31
2026-04-27,-0.0016520737278136407,0.0008423796290072049,11803,31
2026-04-28,0.0013249422276109322,0.001216999818628964,5130,31
2026-04-29,-0.0004982147408543257,0.0012319211642596,1702,31
2026-04-30,0.0,0.001682195941605357,2716,31
2026-05-04,0.0003246753275274466,0.0019207633648223226,12775,31
2026-05-06,-0.00224179437361861,0.0022912754296288474,23105,31
2026-05-07,0.0003156067566042808,0.0013487232748589449,5564,31
2026-05-08,0.0015720801854315332,0.001792583758399537,3907,31
2026-05-11,0.0013894251559825894,0.001124143627662295,21897,31
2026-05-12,-0.002166848085090314,0.0024856931179023643,7120,31
2026-05-13,0.0010809977116296465,0.0009392915188389921,9272,31
2026-05-14,0.0010697639898469508,0.0014090383625676563,9977,31
2026-05-15,0.0017008121610666458,0.0018736042613459122,7518,31
2026-05-18,-0.00031206116652052315,0.0011881593713874705,1715,31
2026-05-19,0.000625195393918318,0.001345062147307637,922,31
2026-05-20,0.0029680565411466346,0.0018014662997240197,1170,31
2026-05-21,0.0021601613090591306,0.0026434735415464122,1149,31
2026-05-22,-0.0009196812420150912,0.0006503128310872337,2112,31
2026-05-26,0.001519295339341942,0.0009608721923873665,461,31
2026-05-27,-0.0018061413699798888,0.0013460562514075074,3380,31
2026-05-28,0.0009082652758814336,0.000676939981306901,920,31
2026-05-29,0.0008963251272331672,0.0013532941238447588,1549,31
2026-06-01,-0.001185888072569465,0.0010268094805360674,11784,31
2026-06-02,0.0011887074208048608,0.0013781096250559714,9076,31
2026-06-04,-0.0008924587830197224,0.0007584007293857951,574,31
2026-06-05,0.0004505519337311754,0.0026299416414501263,9889,31
2026-06-08,0.004985987269163292,0.004162335763474474,8051,31
2026-06-09,0.0015274174345760476,0.0010359965771621644,2693,31
2026-06-10,0.0014085611531471681,0.0021951189998065572,4729,31
2026-06-11,0.0001574431239968318,0.0028503377485656935,1858,31
2026-06-12,0.0012317168608802498,0.001846539039439414,4222,31
2026-06-15,0.001797484007032378,0.00211856932370589,7538,31
2026-06-16,0.0010386528124192223,0.0026842701857714884,3710,31
2026-06-17,0.0004502814334992598,0.0015224873070502842,2022,31
2026-06-18,0.0004525228224140989,0.0007543185299647179,4545,31
2026-06-19,0.0024020428904188086,0.002175552091181709,633,31
2026-06-22,0.0037282870715957504,0.0021958346855117175,1861,31
2026-06-23,-0.0033460107263280333,0.0021294118614288847,16052,31
2026-06-24,-0.0003068425921589432,0.0009459701137423434,163,31
2026-06-25,0.0018253731870987808,0.0013086320805048403,3127,31
2026-06-26,0.003582279354575526,0.0030657800030720545,636,31
2026-06-29,0.003087375098251328,0.003417792918852616,807,31
2026-06-30,0.000606704098695145,0.0018084680417147342,2202,31
2026-07-01,-0.00030070666291849514,0.0010838372944198618,98,31
2026-07-02,-0.002895240117661879,0.0018102083746164488,3751,31
2026-07-03,0.0010718935257979533,0.002036736861029437,61,31
2026-07-06,0.0,0.00048543630497843287,30,31
2026-07-07,-0.00015404760101324005,0.00015404760101311865,36,31
2026-07-08,-0.0003116235612628784,0.0018166004111603198,198,31
2026-07-09,0.0013904984859196875,0.0013904984859198777,5,31
2026-07-10,-0.0039859013372239155,0.002509348811512002,3143,31
2026-07-13,-0.0013896396893883216,0.0014066649770748515,179,31
2026-07-14,0.00030849915407401874,0.00037780362474791547,497,31
2026-07-15,0.00045610034998195143,0.0003399674669022225,99,31
2026-07-16,0.0006154793239378371,0.0016710623253264872,29123,31
2026-07-20,-0.0006347191580910138,0.0023948831252376813,942,31
2026-07-21,0.0010986425024080444,0.0014124089869073844,220,31
2026-07-22,-0.0031347988053715033,0.002227864876383373,43,31
2026-07-23,0.0010979532120161198,0.0018499413473710236,9461,31
2026-07-24,-0.00031994881092005476,0.002297823020635122,228,31
2026-07-27,0.0015910902322419035,0.0022494044840662484,850,31
2026-07-28,0.0009816754715058053,0.0031246417016124683,294,31
2026-07-29,0.000328083992444124,0.002708918453107325,1253,31
2026-07-30,-0.0013302296607372562,0.0020886588134939378,19853,31
2026-07-31,0.0014362086566698997,0.001725251929312929,2551,31
2026-08-03,-0.00031847134027133365,0.0005516085421052136,135,31
2026-08-04,0.0007846214604179258,0.0005204589926727951,391,31
2026-08-05,-0.0015218386744778214,0.0014595733806608406,227,31
2026-08-06,-0.0007715454437210744,0.0020191184953302927,622,31
2026-08-07,0.0018518523810737264,0.0019021821959310326,29,31
2026-08-10,0.0004570732158495172,0.0007913793257370397,67,31
2026-08-11,-0.0009177119028904576,0.0009428403706410056,1368,31
2026-08-12,0.0003068896755710468,0.0006863525736921201,5300,31
2026-08-13,0.0,0.001078219052993044,55,31
2026-08-14,-0.00015106881213105975,0.0004531151733746661,534,31
2026-08-18,0.001067805760830137,0.0020986002909868053,984,31
2026-08-19,0.0012366673395523854,0.0012374837917025758,590,31
2026-08-20,0.0015365706772497842,0.0012293156430490404,426,31
2026-08-21,0.0006204436370895256,0.0009044071118021223,1545,31
2026-08-24,-0.0015588467692910788,0.0022609428427584014,756,31
2026-08-25,0.0020231895470241494,0.0012925585616359258,7387,31
2026-08-26,0.00031157501420467425,0.0006968820794959102,1006,31
2026-08-27,0.00030911901328068255,0.0027418448527789176,1403,31
2026-08-28,0.0018455864974145774,0.0013925592166437522,1016,31
2026-08-31,0.0024695181557892894,0.0021824831556679775,1112,31
2026-09-01,-0.0016942630159901947,0.0011630749985865089,495,31
2026-09-02,-0.0021950463501514954,0.0013490075492141435,488,31
2026-09-03,0.0009358915049050237,0.0009358915049055838,673,31
2026-09-04,0.0016895787753301152,0.002423005825256152,458,31
2026-09-07,0.0009218006490794261,0.001338682592123645,1572,31
2026-09-08,-0.0010765091389478424,0.0020008649053147253,887,31
2026-09-09,0.0013840832659385552,0.0012399527829578616,995,31
2026-09-10,0.00030873726704012207,0.0008457338077064684,168,31
2026-09-11,-0.00015570260833325418,0.0015022384078570798,1508,31
2026-09-14,0.0006274510009774876,0.0006274510009767198,62,31
2026-09-15,0.0010953760581975506,0.0005641845783455857,1447,31
2026-09-16,0.0006264683055319255,0.001954918449689198,2232,31
2026-09-17,0.001719422072691682,0.0020798557384183783,3643,31
2026-09-18,0.0010768403471156612,0.0007050246402819895,453,31
2026-09-21,0.0013739411366744713,0.0010241690851601627,1543,31
2026-09-22,-0.0026849658134786886,0.0014308684228173092,3168,31
2026-09-23,0.0010369603180875738,0.001078364601376319,322,31
2026-09-28,-0.0013504390978714624,0.0015221530052885721,323,31
