proxy,signal,signal_type,lookback,timeframe,interval,signal_days,available_days,signal_rate
NQ,NQ_ROLL20_10m_1430_1440_High,rolling_high,20.0,10m,1430_1440,341,1166,0.29245283018867924
NQ,NQ_ROLL20_10m_1440_1450_High,rolling_high,20.0,10m,1440_1450,353,1166,0.3027444253859348
NQ,NQ_ROLL20_10m_1450_1500_High,rolling_high,20.0,10m,1450_1500,362,1166,0.31046312178387653
NQ,NQ_ROLL20_10m_1500_1510_High,rolling_high,20.0,10m,1500_1510,359,1166,0.3078902229845626
NQ,NQ_ROLL20_10m_1510_1520_High,rolling_high,20.0,10m,1510_1520,361,1166,0.3096054888507719
NQ,NQ_ROLL20_10m_1520_1530_High,rolling_high,20.0,10m,1520_1530,375,1166,0.3216123499142367
NQ,NQ_ROLL20_30m_1430_1500_High,rolling_high,20.0,30m,1430_1500,373,1166,0.31989708404802747
NQ,NQ_ROLL20_30m_1500_1530_High,rolling_high,20.0,30m,1500_1530,374,1166,0.32075471698113206
NQ,NQ_ROLL20_60m_1430_1530_High,rolling_high,20.0,60m,1430_1530,383,1166,0.32847341337907376
NQ,NQ_ROLL63_10m_1430_1440_High,rolling_high,63.0,10m,1430_1440,331,1166,0.28387650085763294
NQ,NQ_ROLL63_10m_1440_1450_High,rolling_high,63.0,10m,1440_1450,351,1166,0.30102915951972553
NQ,NQ_ROLL63_10m_1450_1500_High,rolling_high,63.0,10m,1450_1500,337,1166,0.2890222984562607
NQ,NQ_ROLL63_10m_1500_1510_High,rolling_high,63.0,10m,1500_1510,349,1166,0.2993138936535163
NQ,NQ_ROLL63_10m_1510_1520_High,rolling_high,63.0,10m,1510_1520,353,1166,0.3027444253859348
NQ,NQ_ROLL63_10m_1520_1530_High,rolling_high,63.0,10m,1520_1530,368,1166,0.3156089193825043
NQ,NQ_ROLL63_30m_1430_1500_High,rolling_high,63.0,30m,1430_1500,356,1166,0.3053173241852487
NQ,NQ_ROLL63_30m_1500_1530_High,rolling_high,63.0,30m,1500_1530,358,1166,0.307032590051458
NQ,NQ_ROLL63_60m_1430_1530_High,rolling_high,63.0,60m,1430_1530,376,1166,0.32246998284734135
NQ,NQ_PATH_up_up,path,,path,up_up,278,1166,0.23842195540308747
NQ,NQ_PATH_down_up,path,,path,down_up,285,1166,0.2444253859348199
NQ,NQ_PATH_persistent_rise,path,,path,persistent_rise,53,1166,0.045454545454545456
NQ,NQ_PATH_late_acceleration,path,,path,late_acceleration,409,1166,0.3507718696397942
NQ,NQ_PATH_late_reversal_up,path,,path,late_reversal_up,285,1166,0.2444253859348199
SP,SP_ROLL20_10m_1430_1440_High,rolling_high,20.0,10m,1430_1440,342,1166,0.2933104631217839
SP,SP_ROLL20_10m_1440_1450_High,rolling_high,20.0,10m,1440_1450,346,1166,0.2967409948542024
SP,SP_ROLL20_10m_1450_1500_High,rolling_high,20.0,10m,1450_1500,341,1166,0.29245283018867924
SP,SP_ROLL20_10m_1500_1510_High,rolling_high,20.0,10m,1500_1510,338,1166,0.28987993138936535
SP,SP_ROLL20_10m_1510_1520_High,rolling_high,20.0,10m,1510_1520,348,1166,0.29845626072041165
SP,SP_ROLL20_10m_1520_1530_High,rolling_high,20.0,10m,1520_1530,368,1166,0.3156089193825043
SP,SP_ROLL20_30m_1430_1500_High,rolling_high,20.0,30m,1430_1500,362,1166,0.31046312178387653
SP,SP_ROLL20_30m_1500_1530_High,rolling_high,20.0,30m,1500_1530,373,1166,0.31989708404802747
SP,SP_ROLL20_60m_1430_1530_High,rolling_high,20.0,60m,1430_1530,374,1166,0.32075471698113206
SP,SP_ROLL63_10m_1430_1440_High,rolling_high,63.0,10m,1430_1440,328,1166,0.28130360205831906
SP,SP_ROLL63_10m_1440_1450_High,rolling_high,63.0,10m,1440_1450,328,1166,0.28130360205831906
SP,SP_ROLL63_10m_1450_1500_High,rolling_high,63.0,10m,1450_1500,333,1166,0.2855917667238422
SP,SP_ROLL63_10m_1500_1510_High,rolling_high,63.0,10m,1500_1510,331,1166,0.28387650085763294
SP,SP_ROLL63_10m_1510_1520_High,rolling_high,63.0,10m,1510_1520,328,1166,0.28130360205831906
SP,SP_ROLL63_10m_1520_1530_High,rolling_high,63.0,10m,1520_1530,360,1166,0.30874785591766724
SP,SP_ROLL63_30m_1430_1500_High,rolling_high,63.0,30m,1430_1500,343,1166,0.29416809605488853
SP,SP_ROLL63_30m_1500_1530_High,rolling_high,63.0,30m,1500_1530,359,1166,0.3078902229845626
SP,SP_ROLL63_60m_1430_1530_High,rolling_high,63.0,60m,1430_1530,360,1166,0.30874785591766724
SP,SP_PATH_up_up,path,,path,up_up,255,1166,0.21869639794168097
SP,SP_PATH_down_up,path,,path,down_up,282,1166,0.241852487135506
SP,SP_PATH_persistent_rise,path,,path,persistent_rise,43,1166,0.03687821612349914
SP,SP_PATH_late_acceleration,path,,path,late_acceleration,362,1166,0.31046312178387653
SP,SP_PATH_late_reversal_up,path,,path,late_reversal_up,282,1166,0.241852487135506
