strategy,family,proxy,signal_type,lookback,timeframe,interval,start,end,eval_days,trades,exposure,win_rate,avg_trade_return,median_trade_return,total_return,CAGR,MDD,Calmar,Sharpe,small_n_warning,fraction_of_base_trades
SIG_SP_ROLL63_10m_1440_1450_High,signal_only,SP,rolling_high,63.0,10m,1440_1450,2021-12-20,2026-09-23,1165,328,0.2815450643776824,0.5975609756097561,0.0017587214815094048,0.0017340167450050296,0.7110570801421809,0.12320030632421664,-0.09268014409399317,1.3293063743974214,0.9409602295658889,False,0.2869692532942899
SIG_SP_ROLL63_10m_1450_1500_High,signal_only,SP,rolling_high,63.0,10m,1450_1500,2021-12-20,2026-09-23,1165,333,0.28583690987124466,0.5615615615615616,0.0017432678339141605,0.0015066847335140857,0.7244507086411693,0.1250963032530239,-0.09789464060148834,1.277866719612044,1.002910193458855,False,0.27379209370424595
SIG_NQ_ROLL20_10m_1510_1520_High,signal_only,NQ,rolling_high,20.0,10m,1510_1520,2021-12-20,2026-09-23,1165,361,0.3098712446351931,0.5401662049861495,0.0014756583836107319,0.000734447088031465,0.6438270470189191,0.11350359792784892,-0.10928780942324778,1.038575102995013,0.9250671042321665,False,0.3089311859443631
SIG_SP_ROLL20_10m_1440_1450_High,signal_only,SP,rolling_high,20.0,10m,1440_1450,2021-12-20,2026-09-23,1165,346,0.29699570815450643,0.6040462427745664,0.0017402879190830136,0.0017420897030175578,0.7534840770252023,0.12916696350396895,-0.1289032076803902,1.002046154074247,0.9729733965834475,False,0.3001464128843338
COMB_BASE__NQ_ROLL20_10m_1520_1530_High,combined,NQ,rolling_high,20.0,10m,1520_1530,2021-12-20,2026-09-23,1165,214,0.18369098712446352,0.5420560747663551,0.0015765282212111557,0.0006480851304343175,0.37868302756675765,0.07193243701515684,-0.07690459690953866,0.9353463889781456,0.8659876446069797,False,0.31332357247437775
SIG_SP_ROLL20_30m_1430_1500_High,signal_only,SP,rolling_high,20.0,30m,1430_1500,2021-12-20,2026-09-23,1165,362,0.31072961373390556,0.56353591160221,0.0012227016889695588,0.0009122126718240312,0.4969154771696629,0.09118088724371742,-0.09896852887118524,0.9213119390952653,0.7302380981065834,False,0.3206442166910688
ALWAYS_overnight,baseline,KR,benchmark,,,,2021-12-20,2026-09-23,1165,1165,1.0,0.5459227467811159,0.0007815600320173962,0.0008713030746705045,1.222236621852295,0.1885401783567604,-0.20921486726740324,0.9011796380406467,0.8928307158794933,False,
SIG_SP_ROLL20_10m_1450_1500_High,signal_only,SP,rolling_high,20.0,10m,1450_1500,2021-12-20,2026-09-23,1165,341,0.2927038626609442,0.5483870967741935,0.001767318980458762,0.0009624270159380392,0.7639499647211849,0.1306213964786378,-0.14554046130696963,0.8974919778709167,1.0479602361290619,False,0.2708638360175695
COMB_BASE__NQ_PATH_down_up,combined,NQ,path,,path,down_up,2021-12-20,2026-09-23,1165,160,0.13733905579399142,0.5625,0.002170009274798336,0.0010741720756833554,0.39608603585406077,0.07484492762807915,-0.08670079408935483,0.8632553878450423,0.974779983934235,False,0.2342606149341142
COMB_BASE__NQ_PATH_late_reversal_up,combined,NQ,path,,path,late_reversal_up,2021-12-20,2026-09-23,1165,160,0.13733905579399142,0.5625,0.002170009274798336,0.0010741720756833554,0.39608603585406077,0.07484492762807915,-0.08670079408935483,0.8632553878450423,0.974779983934235,False,0.2342606149341142
COMB_BASE__SP_ROLL20_10m_1500_1510_High,combined,SP,rolling_high,20.0,10m,1500_1510,2021-12-20,2026-09-23,1165,204,0.17510729613733905,0.5882352941176471,0.002156262919071565,0.0019292897544249347,0.5222095329993268,0.09514308543196082,-0.11189164334122559,0.8503144881142889,1.029974095337039,False,0.2986822840409956
COMB_BASE__SP_ROLL63_10m_1500_1510_High,combined,SP,rolling_high,63.0,10m,1500_1510,2021-12-20,2026-09-23,1165,201,0.17253218884120172,0.5771144278606966,0.0020660616167924857,0.0014556693489393372,0.4869721435385528,0.08960893441979101,-0.11189164334122559,0.8008545745147289,1.0029441115840945,False,0.29428989751098095
SIG_NQ_ROLL63_10m_1520_1530_High,signal_only,NQ,rolling_high,63.0,10m,1520_1530,2021-12-20,2026-09-23,1165,368,0.3158798283261803,0.5407608695652174,0.0016505943877852998,0.0009354433809128596,0.7608586293292761,0.13019250232792712,-0.1682613314802721,0.773751765676427,0.9730456819284387,False,0.3118594436310395
SIG_SP_ROLL63_10m_1510_1520_High,signal_only,SP,rolling_high,63.0,10m,1510_1520,2021-12-20,2026-09-23,1165,328,0.2815450643776824,0.5640243902439024,0.001076301202174169,0.001607509881357905,0.3855110629611398,0.07307856260836898,-0.0968394752348044,0.7546360864841234,0.7049524241057084,False,0.2708638360175695
SIG_NQ_ROLL63_10m_1510_1520_High,signal_only,NQ,rolling_high,63.0,10m,1510_1520,2021-12-20,2026-09-23,1165,353,0.30300429184549355,0.5240793201133145,0.001342349858954188,0.0003297229219143219,0.5470942145485784,0.09899112112888586,-0.14669198402228112,0.6748229754248197,0.802302644503655,False,0.3103953147877013
BUY_HOLD,buy_hold,KR,benchmark,,,,2021-12-20,2026-09-23,1165,1,1.0,,,,1.8926243129234308,0.2585409387759694,-0.4092885308887466,0.6316838104761024,0.8702516456416747,False,
COMB_BASE__SP_PATH_down_up,combined,SP,path,,path,down_up,2021-12-20,2026-09-23,1165,156,0.13390557939914163,0.5576923076923077,0.001746795755373254,0.0010386656556301225,0.2969157491580239,0.057849371214317546,-0.09177463059508961,0.6303416405950946,0.8018257140917863,False,0.22840409956076135
COMB_BASE__SP_PATH_late_reversal_up,combined,SP,path,,path,late_reversal_up,2021-12-20,2026-09-23,1165,156,0.13390557939914163,0.5576923076923077,0.001746795755373254,0.0010386656556301225,0.2969157491580239,0.057849371214317546,-0.09177463059508961,0.6303416405950946,0.8018257140917863,False,0.22840409956076135
SIG_SP_ROLL20_10m_1500_1510_High,signal_only,SP,rolling_high,20.0,10m,1500_1510,2021-12-20,2026-09-23,1165,337,0.2892703862660944,0.5667655786350149,0.0011565667278523805,0.0013586248492158618,0.4284484324360893,0.08018614268006585,-0.1273719176261927,0.629543341848662,0.703967126410449,False,0.2986822840409956
SIG_NQ_ROLL63_60m_1430_1530_High,signal_only,NQ,rolling_high,63.0,60m,1430_1530,2021-12-20,2026-09-23,1165,376,0.32274678111587984,0.5372340425531915,0.0009536268822739911,0.0005510303712712109,0.3743464506425054,0.07120220544125555,-0.11793398334857585,0.6037462944909117,0.5844784313798991,False,0.3396778916544656
COMB_BASE__NQ_ROLL20_30m_1500_1530_High,combined,NQ,rolling_high,20.0,30m,1500_1530,2021-12-20,2026-09-23,1165,216,0.1854077253218884,0.5324074074074074,0.0012121252932883115,0.0004313466948382086,0.2763047963776659,0.05418999941922764,-0.0901902808958912,0.6008407877316676,0.6433208216244284,False,0.3162518301610542
SIG_NQ_ROLL20_10m_1520_1530_High,signal_only,NQ,rolling_high,20.0,10m,1520_1530,2021-12-20,2026-09-23,1165,375,0.3218884120171674,0.552,0.0011179262809558408,0.001000954032957602,0.46518003659957885,0.08613477014007809,-0.14771899259988475,0.5830988190759249,0.7105041517512943,False,0.31332357247437775
SIG_NQ_ROLL20_10m_1440_1450_High,signal_only,NQ,rolling_high,20.0,10m,1440_1450,2021-12-20,2026-09-23,1165,353,0.30300429184549355,0.56657223796034,0.0011940980606707113,0.0016592024893395622,0.46103408355665954,0.08546923069101231,-0.16179943616973425,0.5282418326931101,0.6668293706514553,False,0.3118594436310395
COMB_BASE__NQ_ROLL20_10m_1510_1520_High,combined,NQ,rolling_high,20.0,10m,1510_1520,2021-12-20,2026-09-23,1165,211,0.1811158798283262,0.5118483412322274,0.0015289660277898972,0.00023290700772712365,0.3553694045308686,0.06798527771303653,-0.1303494212372348,0.521561791895523,0.7751655381884053,False,0.3089311859443631
SIG_SP_ROLL63_60m_1430_1530_High,signal_only,SP,rolling_high,63.0,60m,1430_1530,2021-12-20,2026-09-23,1165,360,0.3090128755364807,0.5222222222222223,0.000978929812106897,0.0003166656380993674,0.3723932678671469,0.07087272114438847,-0.13914577363917902,0.5093415293242725,0.6103838595152542,False,0.3074670571010249
BASE_score,baseline,KR,benchmark,,,,2021-12-20,2026-09-23,1165,683,0.5862660944206008,0.5387994143484627,0.0007991253974669927,0.0007111223458038055,0.6349589498417127,0.11220144915086583,-0.22993447433447778,0.48797140783530457,0.7703462910322303,False,1.0
SIG_NQ_ROLL20_30m_1430_1500_High,signal_only,NQ,rolling_high,20.0,30m,1430_1500,2021-12-20,2026-09-23,1165,373,0.3201716738197425,0.5442359249329759,0.0008468394713762543,0.0007171461784365122,0.311747733397701,0.06045461612733538,-0.1267159160280409,0.47708778835610055,0.4894515378167585,False,0.34260614934114203
COMB_BASE__SP_ROLL63_10m_1510_1520_High,combined,SP,rolling_high,63.0,10m,1510_1520,2021-12-20,2026-09-23,1165,185,0.15879828326180256,0.572972972972973,0.0010277000891600334,0.001555817273376248,0.19158077673415197,0.03864275633628189,-0.08182429739944608,0.4722650553005969,0.5120322221798669,False,0.2708638360175695
SIG_NQ_ROLL20_10m_1450_1500_High,signal_only,NQ,rolling_high,20.0,10m,1450_1500,2021-12-20,2026-09-23,1165,362,0.31072961373390556,0.5331491712707183,0.0010815450050494706,0.0004577585662299491,0.42982578891577083,0.08041135439629166,-0.17673675365278196,0.45497811142479316,0.696412952204805,False,0.31771595900439237
COMB_BASE__NQ_ROLL63_30m_1500_1530_High,combined,NQ,rolling_high,63.0,30m,1500_1530,2021-12-20,2026-09-23,1165,210,0.18025751072961374,0.5285714285714286,0.0010917082412013,0.000580631001131449,0.23309760753553532,0.046365879998665926,-0.10197088271874422,0.4546972504548397,0.5358852612527374,False,0.3074670571010249
SIG_NQ_ROLL63_10m_1450_1500_High,signal_only,NQ,rolling_high,63.0,10m,1450_1500,2021-12-20,2026-09-23,1165,337,0.2892703862660944,0.5459940652818991,0.001082799293823973,0.0006184845005740795,0.39402339898545113,0.07450122520507008,-0.16722599103596136,0.4455122361275099,0.661335815202173,False,0.2986822840409956
COMB_BASE__SP_PATH_late_acceleration,combined,SP,path,,path,late_acceleration,2021-12-20,2026-09-23,1165,207,0.17768240343347638,0.5410628019323671,0.0012410936668625931,0.0008713030746705045,0.27137699504102986,0.053308239487734,-0.11967104177463628,0.44545646713867276,0.6508492315088639,False,0.30307467057101023
COMB_BASE__NQ_ROLL63_10m_1520_1530_High,combined,NQ,rolling_high,63.0,10m,1520_1530,2021-12-20,2026-09-23,1165,213,0.18283261802575107,0.5117370892018779,0.0012298653852889695,0.00026923295858823944,0.27582152976451857,0.05410364385127697,-0.12891193489170238,0.41969460699452615,0.632150336234964,False,0.3118594436310395
SIG_SP_ROLL63_30m_1430_1500_High,signal_only,SP,rolling_high,63.0,30m,1430_1500,2021-12-20,2026-09-23,1165,343,0.2944206008583691,0.5743440233236151,0.0010726820443020665,0.0011191106906338292,0.3875323177605936,0.07341699278671987,-0.17708688906392012,0.4145817523522013,0.598394503416279,False,0.3103953147877013
SIG_SP_ROLL63_10m_1520_1530_High,signal_only,SP,rolling_high,63.0,10m,1520_1530,2021-12-20,2026-09-23,1165,360,0.3090128755364807,0.5305555555555556,0.0010368722236293144,0.0005578866696629107,0.38623484491049687,0.07319979397579268,-0.19253685597478631,0.3801858797641246,0.5659423899441904,False,0.2972181551976574
SIG_NQ_ROLL63_30m_1500_1530_High,signal_only,NQ,rolling_high,63.0,30m,1500_1530,2021-12-20,2026-09-23,1165,358,0.3072961373390558,0.5279329608938548,0.0009030222369186399,0.0003968545578471819,0.330524372030101,0.0637198333064739,-0.1694619250934576,0.376012684096045,0.5468674458791981,False,0.3074670571010249
SIG_SP_ROLL63_10m_1500_1510_High,signal_only,SP,rolling_high,63.0,10m,1500_1510,2021-12-20,2026-09-23,1165,330,0.2832618025751073,0.5545454545454546,0.0008438543090997005,0.0010386656556301225,0.2743073915511747,0.053832914349825955,-0.14699464153444752,0.36622365133772894,0.48407930229143087,False,0.29428989751098095
COMB_BASE__NQ_ROLL63_60m_1430_1530_High,combined,NQ,rolling_high,63.0,60m,1430_1530,2021-12-20,2026-09-23,1165,232,0.19914163090128756,0.5431034482758621,0.00080451727111864,0.0007391669598831533,0.17511714045814264,0.03552165832889509,-0.09701074319624636,0.36616210904638785,0.38545786565483414,False,0.3396778916544656
SIG_SP_ROLL20_10m_1510_1520_High,signal_only,SP,rolling_high,20.0,10m,1510_1520,2021-12-20,2026-09-23,1165,348,0.29871244635193134,0.5431034482758621,0.0007073301834396585,0.0009816905244478206,0.24250212175952668,0.048086968232745164,-0.13214779151445866,0.3638877932173678,0.4737407284655934,False,0.28111273792093705
SIG_NQ_ROLL63_10m_1430_1440_High,signal_only,NQ,rolling_high,63.0,10m,1430_1440,2021-12-20,2026-09-23,1165,331,0.28412017167381975,0.5619335347432024,0.0008918876521790346,0.001555817273376248,0.29657789615606855,0.05778975576767742,-0.15929516540757893,0.36278411601390576,0.5165109219255088,False,0.3074670571010249
COMB_BASE__NQ_ROLL63_10m_1510_1520_High,combined,NQ,rolling_high,63.0,10m,1510_1520,2021-12-20,2026-09-23,1165,212,0.18197424892703862,0.5,0.0013827522984405005,-9.369600569885935e-06,0.31292877822711485,0.06066107312029412,-0.16771178246224672,0.3616983388388315,0.6632310845188507,False,0.3103953147877013
COMB_BASE__SP_ROLL63_60m_1430_1530_High,combined,SP,rolling_high,63.0,60m,1430_1530,2021-12-20,2026-09-23,1165,210,0.18025751072961374,0.5,0.0008492434028417346,-7.239768279757556e-05,0.17488978166985358,0.03547831748981456,-0.09871368773599354,0.35940626172026047,0.44596195088681,False,0.3074670571010249
SIG_NQ_ROLL20_30m_1500_1530_High,signal_only,NQ,rolling_high,20.0,30m,1500_1530,2021-12-20,2026-09-23,1165,374,0.32103004291845494,0.5213903743315508,0.0006785650251658538,0.0002803604279899233,0.24374029545685216,0.048312800947514445,-0.14449320355839634,0.33436036960720456,0.4417250788430348,False,0.3162518301610542
SIG_NQ_ROLL20_60m_1430_1530_High,signal_only,NQ,rolling_high,20.0,60m,1430_1530,2021-12-20,2026-09-23,1165,383,0.32875536480686696,0.5352480417754569,0.0007832487217254112,0.0006184845005740795,0.30256607855334106,0.05884459402080178,-0.18071207272335088,0.32562624695742376,0.5221416165262107,False,0.3367496339677892
COMB_BASE__SP_ROLL20_10m_1440_1450_High,combined,SP,rolling_high,20.0,10m,1440_1450,2021-12-20,2026-09-23,1165,205,0.1759656652360515,0.5756097560975609,0.0008815269961590722,0.0012612802498048418,0.18022394355152183,0.036493428317767806,-0.11908978265857617,0.3064362660094229,0.48391962166268315,False,0.3001464128843338
COMB_BASE__SP_ROLL20_10m_1450_1500_High,combined,SP,rolling_high,20.0,10m,1450_1500,2021-12-20,2026-09-23,1165,185,0.15879828326180256,0.5351351351351351,0.0007794496627557617,0.0007774203478529643,0.13995606666849536,0.028739491178227272,-0.0999517734882368,0.28753357919766764,0.41097665063644784,False,0.2708638360175695
SIG_NQ_ROLL63_30m_1430_1500_High,signal_only,NQ,rolling_high,63.0,30m,1430_1500,2021-12-20,2026-09-23,1165,356,0.3055793991416309,0.5365168539325843,0.0006870092985854236,0.0006164369508428694,0.22166902056475002,0.04426047158699564,-0.1619324276786377,0.27332679575972624,0.3795954501627515,False,0.33821376281112736
SIG_NQ_ROLL20_10m_1430_1440_High,signal_only,NQ,rolling_high,20.0,10m,1430_1440,2021-12-20,2026-09-23,1165,341,0.2927038626609442,0.5513196480938416,0.0006894776652602432,0.0010672876431378712,0.2207887757577338,0.04409767098114781,-0.16347626941782434,0.26974967766385605,0.41055935530755205,False,0.30307467057101023
SIG_SP_PATH_up_up,signal_only,SP,path,,path,up_up,2021-12-20,2026-09-23,1165,255,0.21888412017167383,0.5215686274509804,0.0006657544849685666,0.00029435364041604546,0.15622524921239656,0.03189771302134692,-0.1293812396500863,0.24654048073441567,0.3551589814578217,False,0.22108345534407028
COMB_BASE__NQ_ROLL20_10m_1500_1510_High,combined,NQ,rolling_high,20.0,10m,1500_1510,2021-12-20,2026-09-23,1165,211,0.1811158798283262,0.5734597156398105,0.0006560682373629125,0.0014598817359474329,0.12594639275671482,0.02599145991356666,-0.1078873613320197,0.2409129261543326,0.3246690684778337,False,0.3089311859443631
COMB_BASE__NQ_ROLL63_10m_1430_1440_High,combined,NQ,rolling_high,63.0,10m,1430_1440,2021-12-20,2026-09-23,1165,210,0.18025751072961374,0.5619047619047619,0.0009564229911587302,0.0015078495046618404,0.1980270875550385,0.03985561420772665,-0.17139829758976266,0.23253214744944564,0.46458531291474814,False,0.3074670571010249
SIG_NQ_PATH_down_up,signal_only,NQ,path,,path,down_up,2021-12-20,2026-09-23,1165,285,0.2446351931330472,0.5543859649122806,0.0006986565977575093,0.0012612802498048418,0.18220870242935994,0.03687021757329423,-0.16418155136169021,0.22456979646921188,0.3684760155906315,False,0.2342606149341142
SIG_NQ_PATH_late_reversal_up,signal_only,NQ,path,,path,late_reversal_up,2021-12-20,2026-09-23,1165,285,0.2446351931330472,0.5543859649122806,0.0006986565977575093,0.0012612802498048418,0.18220870242935994,0.03687021757329423,-0.16418155136169021,0.22456979646921188,0.3684760155906315,False,0.2342606149341142
SIG_NQ_PATH_up_up,signal_only,NQ,path,,path,up_up,2021-12-20,2026-09-23,1165,278,0.23862660944206007,0.5431654676258992,0.0008336344810070597,0.0006480851304343175,0.22343700711241055,0.04458718180248411,-0.19977816388289438,0.22318345977301177,0.4380753201160278,False,0.2664714494875549
SIG_SP_PATH_persistent_rise,signal_only,SP,path,,path,persistent_rise,2021-12-20,2026-09-23,1165,43,0.03690987124463519,0.5348837209302325,0.0015979382590425985,0.0004478499314470533,0.06605677646560593,0.013932717054029986,-0.06332093970567532,0.22003332734465447,0.3259045036544338,False,0.03806734992679356
COMB_BASE__NQ_PATH_late_acceleration,combined,NQ,path,,path,late_acceleration,2021-12-20,2026-09-23,1165,243,0.20858369098712445,0.5473251028806584,0.0006397830889793453,0.0008006481594717511,0.14463637097317572,0.029651645780928826,-0.13999077293043882,0.21181142985518536,0.3590208905962738,False,0.3557833089311859
COMB_BASE__NQ_ROLL20_10m_1450_1500_High,combined,NQ,rolling_high,20.0,10m,1450_1500,2021-12-20,2026-09-23,1165,217,0.18626609442060085,0.4976958525345622,0.0007519139012317716,-6.703552708201525e-05,0.1535901775650348,0.031388558699974034,-0.15708343070535458,0.19982093947801763,0.37518296958564906,False,0.31771595900439237
SIG_NQ_ROLL63_10m_1440_1450_High,signal_only,NQ,rolling_high,63.0,10m,1440_1450,2021-12-20,2026-09-23,1165,351,0.3012875536480687,0.5555555555555556,0.0006011432406918738,0.0009347584503782373,0.18401471229738653,0.037212642340937796,-0.19001143403260345,0.1958442265877147,0.33490413206785863,False,0.3103953147877013
COMB_BASE__NQ_ROLL20_10m_1430_1440_High,combined,NQ,rolling_high,20.0,10m,1430_1440,2021-12-20,2026-09-23,1165,207,0.17768240343347638,0.5507246376811594,0.0007247400134349008,0.0013586248492158618,0.13929322877940464,0.02861007212685407,-0.15218135065524008,0.18799985677396755,0.35190950840855384,False,0.30307467057101023
COMB_BASE__SP_ROLL20_30m_1430_1500_High,combined,SP,rolling_high,20.0,30m,1430_1500,2021-12-20,2026-09-23,1165,219,0.18798283261802576,0.5342465753424658,0.0004117282231158955,0.0006184845005740795,0.07350966657025837,0.015461837587482652,-0.08794606404058214,0.1758104556031966,0.2132932623098106,False,0.3206442166910688
COMB_BASE__NQ_ROLL20_60m_1430_1530_High,combined,NQ,rolling_high,20.0,60m,1430_1530,2021-12-20,2026-09-23,1165,230,0.19742489270386265,0.5478260869565217,0.000539065999226354,0.0009985781352709003,0.10783902709292192,0.022399674433379646,-0.14074114601504173,0.15915512320033032,0.27799692779403984,False,0.3367496339677892
COMB_BASE__SP_ROLL63_10m_1520_1530_High,combined,SP,rolling_high,63.0,10m,1520_1530,2021-12-20,2026-09-23,1165,203,0.1742489270386266,0.5073891625615764,0.0006040911378773889,0.0003389776357826893,0.10683408660210625,0.022198990119318918,-0.14708066581028634,0.1509307154480286,0.27764298552266997,False,0.2972181551976574
COMB_BASE__SP_ROLL63_10m_1440_1450_High,combined,SP,rolling_high,63.0,10m,1440_1450,2021-12-20,2026-09-23,1165,196,0.1682403433476395,0.5510204081632653,0.0004167818419543965,0.0007905275373359614,0.06929566870229209,0.01459827138105596,-0.09683697432821259,0.15075100685795473,0.22112315264925483,False,0.2869692532942899
COMB_BASE__NQ_ROLL63_10m_1450_1500_High,combined,NQ,rolling_high,63.0,10m,1450_1500,2021-12-20,2026-09-23,1165,204,0.17510729613733905,0.5147058823529411,0.0006370742253262424,8.796319818912297e-05,0.11693358615705529,0.024209379617468496,-0.16509784817294126,0.14663655453648908,0.3057632142422085,False,0.2986822840409956
COMB_BASE__SP_ROLL20_10m_1430_1440_High,combined,SP,rolling_high,20.0,10m,1430_1440,2021-12-20,2026-09-23,1165,208,0.17854077253218884,0.5336538461538461,0.00042690250046528076,0.0006648034231889425,0.07075593462057839,0.014897822263206129,-0.10804694967925133,0.13788285840027759,0.20442780154959714,False,0.30453879941434847
SIG_SP_ROLL20_60m_1430_1530_High,signal_only,SP,rolling_high,20.0,60m,1430_1530,2021-12-20,2026-09-23,1165,374,0.32103004291845494,0.516042780748663,0.0004997861704015056,0.0002903459788125787,0.15905279276350148,0.03244304674917453,-0.23564764901899804,0.13767608921300528,0.3094285184597753,False,0.31771595900439237
COMB_BASE__SP_ROLL20_10m_1510_1520_High,combined,SP,rolling_high,20.0,10m,1510_1520,2021-12-20,2026-09-23,1165,192,0.1648068669527897,0.53125,0.0004464835442094821,0.0007391669598831533,0.07263012749093689,0.015281815051099823,-0.11691887018724667,0.13070443656037603,0.22512493739448308,False,0.28111273792093705
COMB_BASE__SP_ROLL63_10m_1450_1500_High,combined,SP,rolling_high,63.0,10m,1450_1500,2021-12-20,2026-09-23,1165,187,0.16051502145922747,0.5454545454545454,0.0004292240955696923,0.0009347584503782373,0.0683394145227787,0.014401936930028336,-0.11681399272661053,0.1232894843662641,0.2213127031545404,False,0.27379209370424595
SIG_NQ_ROLL20_10m_1500_1510_High,signal_only,NQ,rolling_high,20.0,10m,1500_1510,2021-12-20,2026-09-23,1165,359,0.30815450643776826,0.5598885793871866,0.0003749718992303697,0.001274803149606341,0.09882370864684376,0.020594209341478598,-0.17850094187137933,0.11537311302434451,0.22127734496780105,False,0.3089311859443631
SIG_NQ_ROLL63_10m_1500_1510_High,signal_only,NQ,rolling_high,63.0,10m,1500_1510,2021-12-20,2026-09-23,1165,349,0.2995708154506438,0.5616045845272206,0.00035026830196892734,0.001274803149606341,0.07584357448294377,0.01593897813043932,-0.1550564826974733,0.10279465813459375,0.18122062153232632,False,0.30307467057101023
COMB_BASE__SP_ROLL20_60m_1430_1530_High,combined,SP,rolling_high,20.0,60m,1430_1530,2021-12-20,2026-09-23,1165,217,0.18626609442060085,0.4838709677419355,0.0003571173142987744,-0.0003,0.06011505150285501,0.012707631092545801,-0.12871991849603226,0.09872311326034214,0.18374791506075946,False,0.31771595900439237
COMB_BASE__NQ_ROLL63_10m_1500_1510_High,combined,NQ,rolling_high,63.0,10m,1500_1510,2021-12-20,2026-09-23,1165,207,0.17768240343347638,0.5652173913043478,0.00038201012457710813,0.0013056050211648022,0.0604699711599046,0.012780960602746916,-0.13008057947976503,0.0982541794775375,0.18290201960201083,False,0.30307467057101023
COMB_BASE__NQ_ROLL20_10m_1440_1450_High,combined,NQ,rolling_high,20.0,10m,1440_1450,2021-12-20,2026-09-23,1165,213,0.18283261802575107,0.5539906103286385,0.00028642497355616626,0.0012955903684363727,0.04641741207733974,0.009862766042320947,-0.12906443636705478,0.07641737972086736,0.16022687014702575,False,0.3118594436310395
COMB_BASE__SP_ROLL63_10m_1430_1440_High,combined,SP,rolling_high,63.0,10m,1430_1440,2021-12-20,2026-09-23,1165,212,0.18197424892703862,0.5330188679245284,0.00030721247618664205,0.0006480851304343175,0.04191989937766771,0.00892231305119906,-0.13340474201111685,0.06688152847262017,0.13804720184190794,False,0.3103953147877013
SIG_SP_ROLL20_10m_1520_1530_High,signal_only,SP,rolling_high,20.0,10m,1520_1530,2021-12-20,2026-09-23,1165,368,0.3158798283261803,0.5135869565217391,0.0003157908730509578,0.00041861987472876534,0.07375033063671665,0.015511076150029668,-0.27679477322657575,0.056038182980185015,0.17920244329335977,False,0.3001464128843338
SIG_SP_PATH_late_acceleration,signal_only,SP,path,,path,late_acceleration,2021-12-20,2026-09-23,1165,362,0.31072961373390556,0.5220994475138122,0.00023303536038523945,0.00041861987472876534,0.05105837549516523,0.010829900251284386,-0.22040928409227645,0.04913540868246886,0.1493893930644232,False,0.30307467057101023
COMB_BASE__SP_ROLL63_30m_1500_1530_High,combined,SP,rolling_high,63.0,30m,1500_1530,2021-12-20,2026-09-23,1165,206,0.17682403433476396,0.49514563106796117,0.0002444788291333596,-8.82218333357107e-05,0.03303693439273103,0.007055452982925425,-0.21155055838503556,0.03335114327651194,0.12393624237133372,False,0.30161054172767204
SIG_NQ_PATH_persistent_rise,signal_only,NQ,path,,path,persistent_rise,2021-12-20,2026-09-23,1165,53,0.045493562231759654,0.5849056603773585,0.0003585040721483311,0.0017524849728777995,0.013652201055391888,0.0029374234248988884,-0.10132990994339541,0.028988710505513944,0.08463971355296958,False,0.055636896046852125
SIG_SP_PATH_down_up,signal_only,SP,path,,path,down_up,2021-12-20,2026-09-23,1165,281,0.24120171673819743,0.5302491103202847,0.00013811626991966692,0.0007111223458038055,0.013926838250232443,0.002996195731656659,-0.21588282465327802,0.013878805488434506,0.08101569738434479,False,0.22840409956076135
SIG_SP_PATH_late_reversal_up,signal_only,SP,path,,path,late_reversal_up,2021-12-20,2026-09-23,1165,281,0.24120171673819743,0.5302491103202847,0.00013811626991966692,0.0007111223458038055,0.013926838250232443,0.002996195731656659,-0.21588282465327802,0.013878805488434506,0.08101569738434479,False,0.22840409956076135
COMB_BASE__SP_PATH_persistent_rise,combined,SP,path,,path,persistent_rise,2021-12-20,2026-09-23,1165,26,0.022317596566523604,0.5,0.0002657573923516424,-7.773827447735661e-05,0.0032015394710902534,0.0006916547179716126,-0.07945112837731028,0.008705410887142743,0.037095909195359794,False,0.03806734992679356
COMB_BASE__SP_ROLL63_30m_1430_1500_High,combined,SP,rolling_high,63.0,30m,1430_1500,2021-12-20,2026-09-23,1165,212,0.18197424892703862,0.5518867924528302,9.563097272397482e-05,0.0009485927331581382,6.744456751994754e-05,1.4588482287081206e-05,-0.10723522184948264,0.00013604189029941928,0.046854382521445345,False,0.3103953147877013
SIG_SP_ROLL63_30m_1500_1530_High,signal_only,SP,rolling_high,63.0,30m,1500_1530,2021-12-20,2026-09-23,1165,359,0.30815450643776826,0.5181058495821727,0.00010114010574037799,0.00048357624196834233,-0.0038864200032019403,-0.0008419508735654224,-0.18560246619422804,-0.004536312964097919,0.05962909891212047,False,0.30161054172767204
SIG_NQ_PATH_late_acceleration,signal_only,NQ,path,,path,late_acceleration,2021-12-20,2026-09-23,1165,409,0.35107296137339056,0.530562347188264,7.438249701944639e-05,0.0004145919679862889,-0.006633899106388785,-0.0014387171059835335,-0.2582997940041959,-0.005569950651838935,0.05206183275840077,False,0.3557833089311859
COMB_BASE__NQ_ROLL20_30m_1430_1500_High,combined,NQ,rolling_high,20.0,30m,1430_1500,2021-12-20,2026-09-23,1165,234,0.20085836909871244,0.5341880341880342,8.236826417698275e-05,0.0005868363209826314,-0.004891792618934021,-0.0010601730209057747,-0.14578443571341893,-0.007272196210230895,0.040731030360953754,False,0.34260614934114203
COMB_BASE__NQ_PATH_up_up,combined,NQ,path,,path,up_up,2021-12-20,2026-09-23,1165,182,0.15622317596566523,0.5384615384615384,3.538036819499601e-05,0.0004438587295811595,-0.014170960834491209,-0.0030824725087479354,-0.18505927712895653,-0.01665667647993647,0.014697422476271321,False,0.2664714494875549
COMB_BASE__SP_ROLL20_10m_1520_1530_High,combined,SP,rolling_high,20.0,10m,1520_1530,2021-12-20,2026-09-23,1165,205,0.1759656652360515,0.4878048780487805,-7.775057275463614e-06,-0.00015226769094404095,-0.021072381736610524,-0.004596261820096537,-0.2252156972458993,-0.02040826583716391,-0.0037371186911764995,False,0.3001464128843338
COMB_BASE__SP_ROLL20_30m_1500_1530_High,combined,SP,rolling_high,20.0,30m,1500_1530,2021-12-20,2026-09-23,1165,214,0.18369098712446352,0.49065420560747663,-0.00013848047827909118,-0.0001554624673801072,-0.044243338319117975,-0.009740651200056183,-0.20644160520146637,-0.04718356646447445,-0.078240902791128,False,0.31332357247437775
COMB_BASE__SP_PATH_up_up,combined,SP,path,,path,up_up,2021-12-20,2026-09-23,1165,151,0.1296137339055794,0.4966887417218543,-0.0002054955359151179,-0.00015226769094404095,-0.042544177307803466,-0.009360104080696763,-0.1309769516194299,-0.07146374965187562,-0.09132007175755796,False,0.22108345534407028
SIG_SP_ROLL63_10m_1430_1440_High,signal_only,SP,rolling_high,63.0,10m,1430_1440,2021-12-20,2026-09-23,1165,327,0.28068669527896994,0.5321100917431193,-0.00017577009717884373,0.0004215007215006786,-0.09798757764050536,-0.02206032881823161,-0.281419844287881,-0.07838938605788152,-0.08852268485457307,False,0.3103953147877013
COMB_BASE__NQ_PATH_persistent_rise,combined,NQ,path,,path,persistent_rise,2021-12-20,2026-09-23,1165,38,0.03261802575107296,0.5526315789473685,-0.001047621638494196,0.001457221061296055,-0.042951509656436127,-0.00945128269698503,-0.11309718549646808,-0.08356779751411396,-0.2050722887300432,False,0.055636896046852125
SIG_SP_ROLL20_10m_1430_1440_High,signal_only,SP,rolling_high,20.0,10m,1430_1440,2021-12-20,2026-09-23,1165,341,0.2927038626609442,0.533724340175953,-0.0002529029736810196,0.0004215007215006786,-0.12137789285993295,-0.02760236605654709,-0.2998684668404895,-0.09204824484339579,-0.1366926778604883,False,0.30453879941434847
SIG_SP_ROLL20_30m_1500_1530_High,signal_only,SP,rolling_high,20.0,30m,1500_1530,2021-12-20,2026-09-23,1165,373,0.3201716738197425,0.5093833780160858,-0.00014267963651186055,0.0003791171477080749,-0.08623621860886921,-0.01931839708677241,-0.20290690732544336,-0.09520817867371828,-0.0912244193560049,False,0.31332357247437775
COMB_BASE__NQ_ROLL63_10m_1440_1450_High,combined,NQ,rolling_high,63.0,10m,1440_1450,2021-12-20,2026-09-23,1165,212,0.18197424892703862,0.5330188679245284,-0.00036020822561805505,0.00046715264454962914,-0.08809886367234199,-0.019751155963050437,-0.16978029897052072,-0.11633361516508973,-0.1992954107032517,False,0.3103953147877013
COMB_BASE__NQ_ROLL63_30m_1430_1500_High,combined,NQ,rolling_high,63.0,30m,1430_1500,2021-12-20,2026-09-23,1165,231,0.1982832618025751,0.5194805194805194,-0.00031241211441617166,0.00026923295858823944,-0.09227906610322334,-0.020724893780934672,-0.17698628292543406,-0.11709887025350016,-0.15107742162000942,False,0.33821376281112736
