strategy,year,trades,win_rate,return,MDD,avg_trade_return
BASE_score,2021,6,0.8333333333333334,0.014417335327949088,-0.00029999999999996696,0.00239144089088047
BASE_score,2022,119,0.46218487394957986,-0.15377410782093048,-0.17661192206646625,-0.0013639701176313603
BASE_score,2023,141,0.5035460992907801,0.049388640205412226,-0.05582594789711326,0.0003612383030303613
BASE_score,2024,131,0.48091603053435117,-0.07406128090650288,-0.1191347147502918,-0.0005519535395908912
BASE_score,2025,165,0.6181818181818182,0.08135129056884627,-0.117270534295015,0.0005184394197802108
BASE_score,2026,121,0.5950413223140496,0.8126688635662025,-0.1314462973073075,0.00520326656048096
SIG_NQ_ROLL20_10m_1430_1440_High,2021,0,,0.0,0.0,
SIG_NQ_ROLL20_10m_1430_1440_High,2022,68,0.5,-0.1028538007907639,-0.11687223286234572,-0.0015514150749999108
SIG_NQ_ROLL20_10m_1430_1440_High,2023,70,0.5571428571428572,0.06822182434371138,-0.0543465559141495,0.0009623237272367992
SIG_NQ_ROLL20_10m_1430_1440_High,2024,73,0.5068493150684932,-0.010181049269949893,-0.056218902563457074,-0.00011325544899255609
SIG_NQ_ROLL20_10m_1430_1440_High,2025,74,0.6216216216216216,0.035295892941519025,-0.12655337686318924,0.0005350447281135232
SIG_NQ_ROLL20_10m_1430_1440_High,2026,56,0.5714285714285714,0.24307005292652728,-0.15540342782472472,0.004319996177557443
COMB_BASE__NQ_ROLL20_10m_1430_1440_High,2021,0,,0.0,0.0,
COMB_BASE__NQ_ROLL20_10m_1430_1440_High,2022,36,0.4444444444444444,-0.09966242475146858,-0.11940066457502596,-0.0028659654705305835
COMB_BASE__NQ_ROLL20_10m_1430_1440_High,2023,42,0.5476190476190477,0.038643846496413614,-0.04201352911455558,0.000927406241135627
COMB_BASE__NQ_ROLL20_10m_1430_1440_High,2024,39,0.4358974358974359,-0.043845619308114814,-0.07759488887194865,-0.0011171960131527315
COMB_BASE__NQ_ROLL20_10m_1430_1440_High,2025,52,0.6730769230769231,0.05221688093243104,-0.06927289912371393,0.0010434581371300956
COMB_BASE__NQ_ROLL20_10m_1430_1440_High,2026,38,0.6052631578947368,0.2109611323320486,-0.0710371508229869,0.005356728920384756
SIG_NQ_ROLL20_10m_1440_1450_High,2021,0,,0.0,0.0,
SIG_NQ_ROLL20_10m_1440_1450_High,2022,78,0.5256410256410257,0.006394495806837375,-0.06481992009844206,0.0001162637136046275
SIG_NQ_ROLL20_10m_1440_1450_High,2023,77,0.4805194805194805,0.0071496162798183605,-0.04199774010555335,0.00010935544140343846
SIG_NQ_ROLL20_10m_1440_1450_High,2024,71,0.5492957746478874,0.03207918652309383,-0.07071821955262148,0.0004883005254641162
SIG_NQ_ROLL20_10m_1440_1450_High,2025,72,0.7361111111111112,0.14896812042718843,-0.05282905901458779,0.002004514864707608
SIG_NQ_ROLL20_10m_1440_1450_High,2026,55,0.5454545454545454,0.2155619698486022,-0.16179943616973458,0.004091513985466097
COMB_BASE__NQ_ROLL20_10m_1440_1450_High,2021,0,,0.0,0.0,
COMB_BASE__NQ_ROLL20_10m_1440_1450_High,2022,43,0.4418604651162791,-0.04056844384202707,-0.07467472960048815,-0.0009205395005259547
COMB_BASE__NQ_ROLL20_10m_1440_1450_High,2023,44,0.4772727272727273,0.00010334192674088527,-0.030974701154283135,2.0096789533627464e-05
COMB_BASE__NQ_ROLL20_10m_1440_1450_High,2024,39,0.5128205128205128,-0.01677926787655759,-0.06539764523224234,-0.00039357264407400135
COMB_BASE__NQ_ROLL20_10m_1440_1450_High,2025,50,0.72,0.009361586340049799,-0.06751721020692703,0.00023921170021528237
COMB_BASE__NQ_ROLL20_10m_1440_1450_High,2026,37,0.5945945945945946,0.09887496813300278,-0.0858671712676985,0.002786383979965457
SIG_NQ_ROLL20_10m_1450_1500_High,2021,0,,0.0,0.0,
SIG_NQ_ROLL20_10m_1450_1500_High,2022,77,0.4935064935064935,0.043111179527021815,-0.04692084013732689,0.0005841623224595775
SIG_NQ_ROLL20_10m_1450_1500_High,2023,73,0.4931506849315068,-0.0006004870527078765,-0.05780221288008369,7.785957446657153e-06
SIG_NQ_ROLL20_10m_1450_1500_High,2024,78,0.5128205128205128,-0.10431083185487766,-0.12399435900231526,-0.0013634419762458304
SIG_NQ_ROLL20_10m_1450_1500_High,2025,78,0.6282051282051282,0.20067035809502864,-0.0717210521788374,0.0024181014097167516
SIG_NQ_ROLL20_10m_1450_1500_High,2026,56,0.5357142857142857,0.27535850091728165,-0.11649684462508492,0.004709053255253269
COMB_BASE__NQ_ROLL20_10m_1450_1500_High,2021,0,,0.0,0.0,
COMB_BASE__NQ_ROLL20_10m_1450_1500_High,2022,39,0.46153846153846156,-0.028149825009267437,-0.06508219984765684,-0.0006958059090763826
COMB_BASE__NQ_ROLL20_10m_1450_1500_High,2023,47,0.46808510638297873,-0.024864854557709815,-0.057643680371785355,-0.0005183735153951239
COMB_BASE__NQ_ROLL20_10m_1450_1500_High,2024,42,0.4523809523809524,-0.03869105175489651,-0.09411982051538204,-0.0008896279744930978
COMB_BASE__NQ_ROLL20_10m_1450_1500_High,2025,45,0.5333333333333333,-0.04082142430179436,-0.08552897159531714,-0.0008719777827672627
COMB_BASE__NQ_ROLL20_10m_1450_1500_High,2026,44,0.5681818181818182,0.32015513174216403,-0.050469982326988405,0.006619742668138207
SIG_NQ_ROLL20_10m_1500_1510_High,2021,0,,0.0,0.0,
SIG_NQ_ROLL20_10m_1500_1510_High,2022,77,0.5324675324675324,-0.050104788091066554,-0.102812274187567,-0.0006259668158491663
SIG_NQ_ROLL20_10m_1500_1510_High,2023,75,0.56,0.03013739608802246,-0.05242829760251133,0.00041690423377785667
SIG_NQ_ROLL20_10m_1500_1510_High,2024,71,0.5211267605633803,-0.027945899299578913,-0.08070664548818252,-0.00036292755781831273
SIG_NQ_ROLL20_10m_1500_1510_High,2025,80,0.5875,0.0523871721725071,-0.1370021504523813,0.0007229990310866489
SIG_NQ_ROLL20_10m_1500_1510_High,2026,56,0.6071428571428571,0.09771901473287037,-0.16893738021485938,0.002133472736230669
COMB_BASE__NQ_ROLL20_10m_1500_1510_High,2021,0,,0.0,0.0,
COMB_BASE__NQ_ROLL20_10m_1500_1510_High,2022,35,0.5428571428571428,-0.03568568980210962,-0.06817006201671716,-0.0009855420387752732
COMB_BASE__NQ_ROLL20_10m_1500_1510_High,2023,42,0.5238095238095238,0.01809776059205981,-0.021094814952477114,0.0004501412459308846
COMB_BASE__NQ_ROLL20_10m_1500_1510_High,2024,42,0.5238095238095238,-0.03900217925204075,-0.07460332534250502,-0.0009026305159668709
COMB_BASE__NQ_ROLL20_10m_1500_1510_High,2025,55,0.5818181818181818,-0.021681245182314623,-0.06637922210500058,-0.00033827558209866356
COMB_BASE__NQ_ROLL20_10m_1500_1510_High,2026,37,0.7027027027027027,0.2198511445798741,-0.0713268070847295,0.0056901101566931645
SIG_NQ_ROLL20_10m_1510_1520_High,2021,0,,0.0,0.0,
SIG_NQ_ROLL20_10m_1510_1520_High,2022,70,0.5571428571428572,0.05263253731300144,-0.03130583893624417,0.0007625966828919359
SIG_NQ_ROLL20_10m_1510_1520_High,2023,70,0.4714285714285714,-0.014489029266378628,-0.050215397785353,-0.00019271039798829208
SIG_NQ_ROLL20_10m_1510_1520_High,2024,80,0.5,0.03219098869067594,-0.04306783655517965,0.0004356967849672778
SIG_NQ_ROLL20_10m_1510_1520_High,2025,82,0.5487804878048781,0.05889713586952361,-0.09781433018511565,0.0007564297398248223
SIG_NQ_ROLL20_10m_1510_1520_High,2026,59,0.6440677966101694,0.44978643429607934,-0.1092878094232479,0.006710807713172904
COMB_BASE__NQ_ROLL20_10m_1510_1520_High,2021,0,,0.0,0.0,
COMB_BASE__NQ_ROLL20_10m_1510_1520_High,2022,34,0.5588235294117647,0.020279797403150335,-0.029044059411555412,0.000625739971535405
COMB_BASE__NQ_ROLL20_10m_1510_1520_High,2023,38,0.39473684210526316,-0.020432816666876685,-0.04689902651818367,-0.0005258287955614687
COMB_BASE__NQ_ROLL20_10m_1510_1520_High,2024,44,0.38636363636363635,-0.062067744467658836,-0.07947236749038045,-0.0014194098053552954
COMB_BASE__NQ_ROLL20_10m_1510_1520_High,2025,58,0.5172413793103449,-0.015419311200881136,-0.04633686611402843,-0.00024046193482924174
COMB_BASE__NQ_ROLL20_10m_1510_1520_High,2026,37,0.7297297297297297,0.46852511507545125,-0.06315609263003119,0.010749161911311606
SIG_NQ_ROLL20_10m_1520_1530_High,2021,0,,0.0,0.0,
SIG_NQ_ROLL20_10m_1520_1530_High,2022,82,0.524390243902439,-0.024124031872225338,-0.11263461926861296,-0.00026613038371697107
SIG_NQ_ROLL20_10m_1520_1530_High,2023,76,0.5263157894736842,0.06114465555497817,-0.06438722704246325,0.0008032508749511024
SIG_NQ_ROLL20_10m_1520_1530_High,2024,78,0.5128205128205128,0.04463277784480524,-0.059591194509104994,0.0005958973300709901
SIG_NQ_ROLL20_10m_1520_1530_High,2025,77,0.6883116883116883,0.11898200831191708,-0.10624427641456768,0.0015048830845667553
SIG_NQ_ROLL20_10m_1520_1530_High,2026,62,0.5,0.2104170314495757,-0.14771899259988486,0.0035103546946737255
COMB_BASE__NQ_ROLL20_10m_1520_1530_High,2021,0,,0.0,0.0,
COMB_BASE__NQ_ROLL20_10m_1520_1530_High,2022,34,0.47058823529411764,-0.03772118124609314,-0.06986866834160177,-0.0010885404695049818
COMB_BASE__NQ_ROLL20_10m_1520_1530_High,2023,46,0.5,0.05968973982481818,-0.025061782390331966,0.0012809557536510637
COMB_BASE__NQ_ROLL20_10m_1520_1530_High,2024,40,0.425,-0.02009290506667727,-0.05443152729987266,-0.0004758025110130846
COMB_BASE__NQ_ROLL20_10m_1520_1530_High,2025,55,0.7090909090909091,0.0539365828371412,-0.07690459690953855,0.000993093386960912
COMB_BASE__NQ_ROLL20_10m_1520_1530_High,2026,39,0.5384615384615384,0.30913788728407776,-0.056418827843022656,0.00717629268697644
SIG_NQ_ROLL20_30m_1430_1500_High,2021,0,,0.0,0.0,
SIG_NQ_ROLL20_30m_1430_1500_High,2022,81,0.48148148148148145,-0.07930019527566001,-0.10225146155305909,-0.0009825189743839506
SIG_NQ_ROLL20_30m_1430_1500_High,2023,78,0.5256410256410257,0.05502876650063193,-0.03804322006197247,0.0007040989295001279
SIG_NQ_ROLL20_30m_1430_1500_High,2024,79,0.5443037974683544,-0.047003397901673294,-0.06746399382511059,-0.0005684250357841424
SIG_NQ_ROLL20_30m_1430_1500_High,2025,75,0.6533333333333333,0.1272974284167332,-0.06282960010502592,0.0016719435051755786
SIG_NQ_ROLL20_30m_1430_1500_High,2026,60,0.5166666666666667,0.2570081735307761,-0.10504923670513444,0.004334087636436863
COMB_BASE__NQ_ROLL20_30m_1430_1500_High,2021,0,,0.0,0.0,
COMB_BASE__NQ_ROLL20_30m_1430_1500_High,2022,47,0.44680851063829785,-0.0816942948908258,-0.10809602349761172,-0.0017642914239570722
COMB_BASE__NQ_ROLL20_30m_1430_1500_High,2023,52,0.5576923076923077,0.035145378748411504,-0.03499240085697097,0.0006842641623665024
COMB_BASE__NQ_ROLL20_30m_1430_1500_High,2024,43,0.5116279069767442,-0.03681819240492079,-0.06756700384297099,-0.0008273082088685108
COMB_BASE__NQ_ROLL20_30m_1430_1500_High,2025,49,0.6122448979591837,-0.01983209374963646,-0.06756396218639638,-0.00034690753205665614
COMB_BASE__NQ_ROLL20_30m_1430_1500_High,2026,43,0.5348837209302325,0.10885032667477645,-0.08056249279807359,0.0027717873570339627
SIG_NQ_ROLL20_30m_1500_1530_High,2021,0,,0.0,0.0,
SIG_NQ_ROLL20_30m_1500_1530_High,2022,77,0.4805194805194805,-0.041858485817442004,-0.08784456808302443,-0.0005245121031746361
SIG_NQ_ROLL20_30m_1500_1530_High,2023,78,0.5512820512820513,0.04356147466837523,-0.04985873464149604,0.0005663255059659935
SIG_NQ_ROLL20_30m_1500_1530_High,2024,87,0.45977011494252873,0.019774111991281096,-0.07228371620177332,0.0002561191284843716
SIG_NQ_ROLL20_30m_1500_1530_High,2025,71,0.5915492957746479,0.07955293374878081,-0.12103487796890888,0.00114097764017692
SIG_NQ_ROLL20_30m_1500_1530_High,2026,61,0.5409836065573771,0.12988458850549822,-0.14449320355839634,0.002405009594433232
COMB_BASE__NQ_ROLL20_30m_1500_1530_High,2021,0,,0.0,0.0,
COMB_BASE__NQ_ROLL20_30m_1500_1530_High,2022,37,0.4594594594594595,-0.037697783424335274,-0.07113437117056598,-0.0009939706232891762
COMB_BASE__NQ_ROLL20_30m_1500_1530_High,2023,45,0.5333333333333333,0.03247868723149039,-0.038748807275575836,0.0007287334651091461
COMB_BASE__NQ_ROLL20_30m_1500_1530_High,2024,47,0.44680851063829785,-0.0044518292329459586,-0.0637094159839402,-5.8404774302598735e-05
COMB_BASE__NQ_ROLL20_30m_1500_1530_High,2025,47,0.6170212765957447,0.04552708352623269,-0.036112230411782464,0.000976271741088192
COMB_BASE__NQ_ROLL20_30m_1500_1530_High,2026,40,0.6,0.23413950263923855,-0.09019028089589098,0.0055665805760785085
SIG_NQ_ROLL20_60m_1430_1530_High,2021,0,,0.0,0.0,
SIG_NQ_ROLL20_60m_1430_1530_High,2022,81,0.5185185185185185,-0.01685565230992725,-0.07427052184352523,-0.00017298516454057532
SIG_NQ_ROLL20_60m_1430_1530_High,2023,75,0.5466666666666666,0.02933835358947534,-0.05925116028767918,0.000403082190140125
SIG_NQ_ROLL20_60m_1430_1530_High,2024,78,0.4358974358974359,-0.012015640011064255,-0.07254367147737717,-0.00012162550507119774
SIG_NQ_ROLL20_60m_1430_1530_High,2025,83,0.6265060240963856,0.11457537661860107,-0.1187157053384803,0.0013840417394618873
SIG_NQ_ROLL20_60m_1430_1530_High,2026,66,0.5454545454545454,0.16886622140600926,-0.18071207272335077,0.002702669992550404
COMB_BASE__NQ_ROLL20_60m_1430_1530_High,2021,0,,0.0,0.0,
COMB_BASE__NQ_ROLL20_60m_1430_1530_High,2022,43,0.5116279069767442,-0.01087408108627319,-0.05821316545271693,-0.00020571144826088538
COMB_BASE__NQ_ROLL20_60m_1430_1530_High,2023,42,0.5714285714285714,0.03276465479907964,-0.03415567795740437,0.0007826556377126827
COMB_BASE__NQ_ROLL20_60m_1430_1530_High,2024,42,0.42857142857142855,-0.04171572315995509,-0.06899435785053831,-0.0009714428653064338
COMB_BASE__NQ_ROLL20_60m_1430_1530_High,2025,53,0.6226415094339622,0.007236908060708425,-0.06108391145740821,0.00018998719217796887
COMB_BASE__NQ_ROLL20_60m_1430_1530_High,2026,50,0.58,0.12356374841523676,-0.14074114601504206,0.002613810289415694
SIG_NQ_ROLL63_10m_1430_1440_High,2021,0,,0.0,0.0,
SIG_NQ_ROLL63_10m_1430_1440_High,2022,53,0.49056603773584906,-0.10031293666358754,-0.11076712702284952,-0.0019462051159899651
SIG_NQ_ROLL63_10m_1430_1440_High,2023,77,0.5324675324675324,0.03469455968509205,-0.05874646961096841,0.0004640677395101539
SIG_NQ_ROLL63_10m_1430_1440_High,2024,67,0.5671641791044776,0.024021686230361272,-0.04011490960676767,0.000382656052710792
SIG_NQ_ROLL63_10m_1430_1440_High,2025,73,0.6027397260273972,0.029699526772445806,-0.12655337686318924,0.00046235018262143944
SIG_NQ_ROLL63_10m_1430_1440_High,2026,61,0.6065573770491803,0.3209163171075009,-0.1554034278247246,0.004971163101859978
COMB_BASE__NQ_ROLL63_10m_1430_1440_High,2021,0,,0.0,0.0,
COMB_BASE__NQ_ROLL63_10m_1430_1440_High,2022,31,0.45161290322580644,-0.09705286340662755,-0.11841517644458643,-0.0032427463413338383
COMB_BASE__NQ_ROLL63_10m_1430_1440_High,2023,48,0.5,2.4752470057398668e-05,-0.048440882183470535,2.6160072729799946e-05
COMB_BASE__NQ_ROLL63_10m_1430_1440_High,2024,36,0.4722222222222222,-0.0266437443994072,-0.07237361923140417,-0.000715855864733281
COMB_BASE__NQ_ROLL63_10m_1430_1440_High,2025,52,0.6730769230769231,0.05928258726311442,-0.06927289912371393,0.001173312117676684
COMB_BASE__NQ_ROLL63_10m_1430_1440_High,2026,43,0.6511627906976745,0.2867966011364633,-0.0710371508229869,0.006159927028950291
SIG_NQ_ROLL63_10m_1440_1450_High,2021,0,,0.0,0.0,
SIG_NQ_ROLL63_10m_1440_1450_High,2022,70,0.5142857142857142,-0.03149558477599501,-0.058867318900860055,-0.00042699604109268504
SIG_NQ_ROLL63_10m_1440_1450_High,2023,81,0.4567901234567901,0.00338307354248224,-0.046993912213607936,5.800693102705775e-05
SIG_NQ_ROLL63_10m_1440_1450_High,2024,71,0.5492957746478874,-0.009378983510507699,-0.08975652257959554,-8.807559358819287e-05
SIG_NQ_ROLL63_10m_1440_1450_High,2025,77,0.7272727272727273,0.15897960283848955,-0.05282905901458779,0.0019887406129777897
SIG_NQ_ROLL63_10m_1440_1450_High,2026,52,0.5192307692307693,0.06121991932254134,-0.19001143403260434,0.0017175534402233818
COMB_BASE__NQ_ROLL63_10m_1440_1450_High,2021,0,,0.0,0.0,
COMB_BASE__NQ_ROLL63_10m_1440_1450_High,2022,44,0.4090909090909091,-0.08725473093813985,-0.09980276735641536,-0.002038123758633061
COMB_BASE__NQ_ROLL63_10m_1440_1450_High,2023,46,0.45652173913043476,-0.0032335313687467115,-0.03752860365354638,-5.309239176300396e-05
COMB_BASE__NQ_ROLL63_10m_1440_1450_High,2024,36,0.5,-0.033356698997796363,-0.06747840995047893,-0.0008995492678345497
COMB_BASE__NQ_ROLL63_10m_1440_1450_High,2025,51,0.7058823529411765,0.006161770549026002,-0.061083911457408324,0.00017420808115360627
COMB_BASE__NQ_ROLL63_10m_1440_1450_High,2026,35,0.5714285714285714,0.030553846841905985,-0.08586717126769827,0.0011215632306610034
SIG_NQ_ROLL63_10m_1450_1500_High,2021,0,,0.0,0.0,
SIG_NQ_ROLL63_10m_1450_1500_High,2022,64,0.484375,0.020753421265926386,-0.060544588785402365,0.0003568587464982413
SIG_NQ_ROLL63_10m_1450_1500_High,2023,73,0.4931506849315068,-0.020727763933379162,-0.08228041724910129,-0.0002729271607683394
SIG_NQ_ROLL63_10m_1450_1500_High,2024,73,0.547945205479452,-0.06639412864777261,-0.10444794977004801,-0.0008897634022599907
SIG_NQ_ROLL63_10m_1450_1500_High,2025,70,0.6571428571428571,0.15750824762383875,-0.06691341779768001,0.0021623072046227034
SIG_NQ_ROLL63_10m_1450_1500_High,2026,57,0.543859649122807,0.29050029785292875,-0.12394957763802061,0.004834724719653865
COMB_BASE__NQ_ROLL63_10m_1450_1500_High,2021,0,,0.0,0.0,
COMB_BASE__NQ_ROLL63_10m_1450_1500_High,2022,34,0.4411764705882353,-0.04396192562300205,-0.07356649665650283,-0.001287652182328674
COMB_BASE__NQ_ROLL63_10m_1450_1500_High,2023,43,0.4883720930232558,-0.041229318827728956,-0.07621945804652086,-0.0009638782813964531
COMB_BASE__NQ_ROLL63_10m_1450_1500_High,2024,42,0.5,-0.014448658628393951,-0.07979641645417346,-0.0002988575154152428
COMB_BASE__NQ_ROLL63_10m_1450_1500_High,2025,42,0.5714285714285714,-0.04287142435650171,-0.08552897159531725,-0.0009879081591744692
COMB_BASE__NQ_ROLL63_10m_1450_1500_High,2026,43,0.5581395348837209,0.2917779912832692,-0.050469982326988405,0.006261261409268462
SIG_NQ_ROLL63_10m_1500_1510_High,2021,0,,0.0,0.0,
SIG_NQ_ROLL63_10m_1500_1510_High,2022,61,0.4918032786885246,-0.0928518217129578,-0.12149122457416694,-0.0015547333232205985
SIG_NQ_ROLL63_10m_1500_1510_High,2023,73,0.5616438356164384,0.02871395446227254,-0.04991385014342342,0.00040888574563652827
SIG_NQ_ROLL63_10m_1500_1510_High,2024,75,0.5333333333333333,0.009653650016652637,-0.05705275857199599,0.00016147202427101365
SIG_NQ_ROLL63_10m_1500_1510_High,2025,78,0.6153846153846154,0.04560227652617699,-0.1370021504523814,0.0006581057538223984
SIG_NQ_ROLL63_10m_1500_1510_High,2026,62,0.5967741935483871,0.09203693345363995,-0.15061498922703098,0.0019966300008656852
COMB_BASE__NQ_ROLL63_10m_1500_1510_High,2021,0,,0.0,0.0,
COMB_BASE__NQ_ROLL63_10m_1500_1510_High,2022,30,0.5,-0.06484457606530669,-0.09025563754404908,-0.0021768761246734655
COMB_BASE__NQ_ROLL63_10m_1500_1510_High,2023,42,0.5,0.011212941296768753,-0.028736227976445372,0.0002881585939441769
COMB_BASE__NQ_ROLL63_10m_1500_1510_High,2024,43,0.4883720930232558,-0.036402333503252615,-0.07711343696606388,-0.0008272763639722225
COMB_BASE__NQ_ROLL63_10m_1500_1510_High,2025,52,0.6153846153846154,-0.02288743449275621,-0.06115824587969543,-0.0003812469834310664
COMB_BASE__NQ_ROLL63_10m_1500_1510_High,2026,40,0.7,0.19105446440347373,-0.11216115363733803,0.004691936134280775
SIG_NQ_ROLL63_10m_1510_1520_High,2021,0,,0.0,0.0,
SIG_NQ_ROLL63_10m_1510_1520_High,2022,56,0.5,-0.0452392591633165,-0.07489998097032458,-0.0007957255003476806
SIG_NQ_ROLL63_10m_1510_1520_High,2023,71,0.4647887323943662,-0.029619469259586584,-0.05899340554107979,-0.00040763942244212913
SIG_NQ_ROLL63_10m_1510_1520_High,2024,78,0.5,0.041656208478231704,-0.04306783655517954,0.0005620963645632385
SIG_NQ_ROLL63_10m_1510_1520_High,2025,85,0.5411764705882353,0.024008607383487757,-0.11959940975332561,0.0003377966296670697
SIG_NQ_ROLL63_10m_1510_1520_High,2026,63,0.6190476190476191,0.5654965720189207,-0.10928780942324767,0.0075364491629532696
COMB_BASE__NQ_ROLL63_10m_1510_1520_High,2021,0,,0.0,0.0,
COMB_BASE__NQ_ROLL63_10m_1510_1520_High,2022,30,0.4666666666666667,-0.052409637637220396,-0.0774928644936852,-0.0017544264761943928
COMB_BASE__NQ_ROLL63_10m_1510_1520_High,2023,42,0.42857142857142855,-0.019066243505803326,-0.05021200454621555,-0.0004409542427517236
COMB_BASE__NQ_ROLL63_10m_1510_1520_High,2024,41,0.3902439024390244,-0.06050516264106576,-0.0873165294134628,-0.0014874135286835732
COMB_BASE__NQ_ROLL63_10m_1510_1520_High,2025,57,0.5263157894736842,-0.021824935779132137,-0.0423091005957319,-0.00036065899135093827
COMB_BASE__NQ_ROLL63_10m_1510_1520_High,2026,42,0.6666666666666666,0.53698584308651,-0.06315609263003119,0.010615187546043342
SIG_NQ_ROLL63_10m_1520_1530_High,2021,0,,0.0,0.0,
SIG_NQ_ROLL63_10m_1520_1530_High,2022,65,0.47692307692307695,-0.05823927486471259,-0.11241923298896983,-0.0008867848961456692
SIG_NQ_ROLL63_10m_1520_1530_High,2023,74,0.5135135135135135,0.07599869073671717,-0.051369707280153776,0.0010104289623514432
SIG_NQ_ROLL63_10m_1520_1530_High,2024,79,0.4810126582278481,0.0019842889297088107,-0.0782023785409709,6.31281866020269e-05
SIG_NQ_ROLL63_10m_1520_1530_High,2025,84,0.6547619047619048,0.1444096808925741,-0.12093881566762832,0.0016512823833651606
SIG_NQ_ROLL63_10m_1520_1530_High,2026,66,0.5606060606060606,0.5154085647677362,-0.16826133148027222,0.006766563072669974
COMB_BASE__NQ_ROLL63_10m_1520_1530_High,2021,0,,0.0,0.0,
COMB_BASE__NQ_ROLL63_10m_1520_1530_High,2022,27,0.37037037037037035,-0.08106967718229052,-0.09444773008812246,-0.0030742449523271753
COMB_BASE__NQ_ROLL63_10m_1520_1530_High,2023,46,0.45652173913043476,0.059325712107407336,-0.025444803212681832,0.0012714891143983031
COMB_BASE__NQ_ROLL63_10m_1520_1530_High,2024,43,0.3953488372093023,-0.058131935135015356,-0.08284462799199821,-0.0013580151557808227
COMB_BASE__NQ_ROLL63_10m_1520_1530_High,2025,59,0.6610169491525424,0.05144423937885234,-0.08721403044873477,0.0008897476983738357
COMB_BASE__NQ_ROLL63_10m_1520_1530_High,2026,38,0.5789473684210527,0.32343163770524197,-0.04407067652180807,0.0076941310266205615
SIG_NQ_ROLL63_30m_1430_1500_High,2021,0,,0.0,0.0,
SIG_NQ_ROLL63_30m_1430_1500_High,2022,65,0.4153846153846154,-0.13317399430189247,-0.14244022193562644,-0.0021589849218242416
SIG_NQ_ROLL63_30m_1430_1500_High,2023,79,0.5443037974683544,0.08944250365342721,-0.028791830640363725,0.0011017621319768952
SIG_NQ_ROLL63_30m_1430_1500_High,2024,76,0.5394736842105263,-0.06310885509055131,-0.07534532700047092,-0.0008139542567947533
SIG_NQ_ROLL63_30m_1430_1500_High,2025,73,0.6575342465753424,0.15807383832423083,-0.06282960010502592,0.0020908660091391133
SIG_NQ_ROLL63_30m_1430_1500_High,2026,63,0.5079365079365079,0.19231752973737026,-0.1274172045796551,0.0032872607402866347
COMB_BASE__NQ_ROLL63_30m_1430_1500_High,2021,0,,0.0,0.0,
COMB_BASE__NQ_ROLL63_30m_1430_1500_High,2022,40,0.375,-0.1312917145951763,-0.13904915007803853,-0.003467792798902608
COMB_BASE__NQ_ROLL63_30m_1430_1500_High,2023,53,0.5849056603773585,0.06746945119282222,-0.02571167091080906,0.001252003113781815
COMB_BASE__NQ_ROLL63_30m_1430_1500_High,2024,45,0.4888888888888889,-0.05798569384157404,-0.06874935568469087,-0.0012817385778454312
COMB_BASE__NQ_ROLL63_30m_1430_1500_High,2025,45,0.6,-0.01891268979870575,-0.06712844052174372,-0.00035363672974004194
COMB_BASE__NQ_ROLL63_30m_1430_1500_High,2026,48,0.5208333333333334,0.059150743917514514,-0.08680078830495519,0.0015370882778516426
SIG_NQ_ROLL63_30m_1500_1530_High,2021,0,,0.0,0.0,
SIG_NQ_ROLL63_30m_1500_1530_High,2022,59,0.4745762711864407,-0.048986612961509524,-0.07378918809242363,-0.0008180747726235861
SIG_NQ_ROLL63_30m_1500_1530_High,2023,71,0.5492957746478874,0.04178040712271813,-0.03941345387731077,0.0005974644868631369
SIG_NQ_ROLL63_30m_1500_1530_High,2024,83,0.4819277108433735,0.062226158968112344,-0.0406898474627696,0.0007558515180582401
SIG_NQ_ROLL63_30m_1500_1530_High,2025,75,0.5733333333333334,0.046847629256984824,-0.15312754797711636,0.0006893805615038113
SIG_NQ_ROLL63_30m_1500_1530_High,2026,70,0.5571428571428572,0.20770135128400335,-0.14347945552403596,0.0030669882246108877
COMB_BASE__NQ_ROLL63_30m_1500_1530_High,2021,0,,0.0,0.0,
COMB_BASE__NQ_ROLL63_30m_1500_1530_High,2022,27,0.37037037037037035,-0.06526211770058976,-0.08351314573866175,-0.002450577837444052
COMB_BASE__NQ_ROLL63_30m_1500_1530_High,2023,40,0.525,0.02917353655333388,-0.03329707557809236,0.0007386839088019544
COMB_BASE__NQ_ROLL63_30m_1500_1530_High,2024,46,0.5,0.03665477090258751,-0.038863066153131176,0.0008166534663096416
COMB_BASE__NQ_ROLL63_30m_1500_1530_High,2025,49,0.5714285714285714,-0.01693890127360287,-0.07829668919082966,-0.0002988409367126612
COMB_BASE__NQ_ROLL63_30m_1500_1530_High,2026,48,0.6041666666666666,0.2577789997488469,-0.10197088271874444,0.0050615442158304415
SIG_NQ_ROLL63_60m_1430_1530_High,2021,0,,0.0,0.0,
SIG_NQ_ROLL63_60m_1430_1530_High,2022,63,0.5238095238095238,0.0017079134594444323,-0.06831322047606025,6.257433440307474e-05
SIG_NQ_ROLL63_60m_1430_1530_High,2023,76,0.5263157894736842,-0.006306431523340428,-0.06586323026159879,-6.573590842338375e-05
SIG_NQ_ROLL63_60m_1430_1530_High,2024,87,0.4827586206896552,0.019176046086096576,-0.04975091384682573,0.0002510228622351338
SIG_NQ_ROLL63_60m_1430_1530_High,2025,81,0.6049382716049383,0.10070204333072952,-0.08349487715413229,0.0012560428018907493
SIG_NQ_ROLL63_60m_1430_1530_High,2026,69,0.5507246376811594,0.2307891556298296,-0.11793398334857597,0.003420855039712997
COMB_BASE__NQ_ROLL63_60m_1430_1530_High,2021,0,,0.0,0.0,
COMB_BASE__NQ_ROLL63_60m_1430_1530_High,2022,35,0.4857142857142857,-0.025094253936497557,-0.061398312700274515,-0.0006771737475819715
COMB_BASE__NQ_ROLL63_60m_1430_1530_High,2023,44,0.5681818181818182,0.016202995008666177,-0.04555643638980744,0.00038065728876418776
COMB_BASE__NQ_ROLL63_60m_1430_1530_High,2024,48,0.4791666666666667,-0.017949104196813948,-0.05559304684685418,-0.00033449961918612683
COMB_BASE__NQ_ROLL63_60m_1430_1530_High,2025,54,0.5740740740740741,-0.04278731839518657,-0.06325860158001118,-0.000758825741570458
COMB_BASE__NQ_ROLL63_60m_1430_1530_High,2026,51,0.5882352941176471,0.26181481014123453,-0.06400253580913695,0.004914367433823686
SIG_NQ_PATH_up_up,2021,2,1.0,0.005200171403189735,0.0,0.0025998962368049775
SIG_NQ_PATH_up_up,2022,52,0.46153846153846156,-0.09037299998951287,-0.1127757086172071,-0.0017828389056510684
SIG_NQ_PATH_up_up,2023,54,0.48148148148148145,-0.010498011215645198,-0.05445073003880718,-0.00017936382682523839
SIG_NQ_PATH_up_up,2024,58,0.46551724137931033,-0.05564285278101355,-0.06958471171011527,-0.0009435385273639623
SIG_NQ_PATH_up_up,2025,65,0.676923076923077,0.10488061701396667,-0.06828677432855212,0.0016094052691678908
SIG_NQ_PATH_up_up,2026,47,0.5957446808510638,0.29597737141503977,-0.06931504688103307,0.00593739904425464
COMB_BASE__NQ_PATH_up_up,2021,2,1.0,0.005200171403189735,0.0,0.0025998962368049775
COMB_BASE__NQ_PATH_up_up,2022,26,0.4230769230769231,-0.07552464917136004,-0.0954851740138426,-0.0029724285684689304
COMB_BASE__NQ_PATH_up_up,2023,38,0.5526315789473685,0.01259855157908718,-0.03399194954885565,0.0003452338923085132
COMB_BASE__NQ_PATH_up_up,2024,35,0.4,-0.07317484657591455,-0.08628523448385939,-0.002116886823075589
COMB_BASE__NQ_PATH_up_up,2025,44,0.6136363636363636,-0.03350723656367338,-0.04800471745782953,-0.0007210859322779047
COMB_BASE__NQ_PATH_up_up,2026,37,0.6216216216216216,0.16955324042908093,-0.06400253580913695,0.004627635384816795
SIG_NQ_PATH_down_up,2021,0,,0.0,0.0,
SIG_NQ_PATH_down_up,2022,71,0.5070422535211268,-0.054271889762919745,-0.09182769572535987,-0.0007544842325390902
SIG_NQ_PATH_down_up,2023,40,0.5,0.015702385700221866,-0.023568709318632974,0.00041362451773004376
SIG_NQ_PATH_down_up,2024,59,0.559322033898305,0.06685795407991546,-0.04211616895116732,0.0011194062699656758
SIG_NQ_PATH_down_up,2025,59,0.6271186440677966,0.0526936347697915,-0.08106591032527743,0.0009233084860449177
SIG_NQ_PATH_down_up,2026,56,0.5714285714285714,0.09585422167620972,-0.16418155136169021,0.00206464927780962
COMB_BASE__NQ_PATH_down_up,2021,0,,0.0,0.0,
COMB_BASE__NQ_PATH_down_up,2022,28,0.5,-0.045976181114944614,-0.08670079408935483,-0.0016361972774740431
COMB_BASE__NQ_PATH_down_up,2023,21,0.42857142857142855,0.0066159676914039345,-0.029840442148041935,0.0003340751594454527
COMB_BASE__NQ_PATH_down_up,2024,36,0.5555555555555556,0.029673673165467873,-0.034112338067597725,0.0008351065045669251
COMB_BASE__NQ_PATH_down_up,2025,40,0.6,0.005642768601105574,-0.04016605813873486,0.00017505058211213231
COMB_BASE__NQ_PATH_down_up,2026,35,0.6571428571428571,0.4039311377952004,-0.038372824178049436,0.009969530626850222
SIG_NQ_PATH_persistent_rise,2021,0,,0.0,0.0,
SIG_NQ_PATH_persistent_rise,2022,21,0.6190476190476191,-0.0008741051678994305,-0.04422990139233085,5.7661498238421275e-06
SIG_NQ_PATH_persistent_rise,2023,8,0.375,-0.02186974042260581,-0.03272754653410115,-0.0027391395185219544
SIG_NQ_PATH_persistent_rise,2024,9,0.5555555555555556,0.017510748899298267,-0.010209984837886599,0.001954342182336925
SIG_NQ_PATH_persistent_rise,2025,8,0.625,-0.04971263963847472,-0.06057984611526279,-0.006197188396665768
SIG_NQ_PATH_persistent_rise,2026,7,0.7142857142857143,0.07269955315304433,-0.032690686236840016,0.010397310051147189
COMB_BASE__NQ_PATH_persistent_rise,2021,0,,0.0,0.0,
COMB_BASE__NQ_PATH_persistent_rise,2022,13,0.5384615384615384,-0.02615612675924206,-0.05622939102630786,-0.0019752525998012124
COMB_BASE__NQ_PATH_persistent_rise,2023,6,0.5,-0.006782488206758308,-0.01780777145916712,-0.0011115478857584903
COMB_BASE__NQ_PATH_persistent_rise,2024,6,0.3333333333333333,-0.005222703811975871,-0.015199558533831703,-0.0008560219488418375
COMB_BASE__NQ_PATH_persistent_rise,2025,7,0.7142857142857143,-0.03393930717818949,-0.04498689284112989,-0.00475000450010637
COMB_BASE__NQ_PATH_persistent_rise,2026,6,0.6666666666666666,0.02960338425683573,-0.032690686236840016,0.005154018673830477
SIG_NQ_PATH_late_acceleration,2021,2,1.0,0.009645954303818094,0.0,0.00481157965150022
SIG_NQ_PATH_late_acceleration,2022,95,0.47368421052631576,-0.09276328075737561,-0.12783040075690133,-0.0009931879205392943
SIG_NQ_PATH_late_acceleration,2023,72,0.5555555555555556,0.04394548907026974,-0.04168962866432813,0.0006185833291482398
SIG_NQ_PATH_late_acceleration,2024,79,0.4430379746835443,0.0003235531940333214,-0.0726227570707153,3.4914721579096325e-05
SIG_NQ_PATH_late_acceleration,2025,91,0.6483516483516484,0.15442520076856225,-0.10509323080394584,0.001634393926789471
SIG_NQ_PATH_late_acceleration,2026,70,0.5142857142857142,-0.10042890710847718,-0.258299794004196,-0.0011553425087439649
COMB_BASE__NQ_PATH_late_acceleration,2021,1,1.0,0.005408486616770292,0.0,0.005408486616770259
COMB_BASE__NQ_PATH_late_acceleration,2022,48,0.4791666666666667,-0.037426537313883124,-0.07521213168652985,-0.0007520531396756706
COMB_BASE__NQ_PATH_late_acceleration,2023,41,0.5121951219512195,0.03225523935023267,-0.035784084301800134,0.0007937590860098133
COMB_BASE__NQ_PATH_late_acceleration,2024,42,0.4523809523809524,0.002158959216258971,-0.058041797976424725,8.995783086551508e-05
COMB_BASE__NQ_PATH_late_acceleration,2025,59,0.6610169491525424,0.05271534527316346,-0.03611223041178235,0.0008981338758210559
COMB_BASE__NQ_PATH_late_acceleration,2026,52,0.5769230769230769,0.08606657387560501,-0.13999077293043904,0.0018624058579508938
SIG_NQ_PATH_late_reversal_up,2021,0,,0.0,0.0,
SIG_NQ_PATH_late_reversal_up,2022,71,0.5070422535211268,-0.054271889762919745,-0.09182769572535987,-0.0007544842325390902
SIG_NQ_PATH_late_reversal_up,2023,40,0.5,0.015702385700221866,-0.023568709318632974,0.00041362451773004376
SIG_NQ_PATH_late_reversal_up,2024,59,0.559322033898305,0.06685795407991546,-0.04211616895116732,0.0011194062699656758
SIG_NQ_PATH_late_reversal_up,2025,59,0.6271186440677966,0.0526936347697915,-0.08106591032527743,0.0009233084860449177
SIG_NQ_PATH_late_reversal_up,2026,56,0.5714285714285714,0.09585422167620972,-0.16418155136169021,0.00206464927780962
COMB_BASE__NQ_PATH_late_reversal_up,2021,0,,0.0,0.0,
COMB_BASE__NQ_PATH_late_reversal_up,2022,28,0.5,-0.045976181114944614,-0.08670079408935483,-0.0016361972774740431
COMB_BASE__NQ_PATH_late_reversal_up,2023,21,0.42857142857142855,0.0066159676914039345,-0.029840442148041935,0.0003340751594454527
COMB_BASE__NQ_PATH_late_reversal_up,2024,36,0.5555555555555556,0.029673673165467873,-0.034112338067597725,0.0008351065045669251
COMB_BASE__NQ_PATH_late_reversal_up,2025,40,0.6,0.005642768601105574,-0.04016605813873486,0.00017505058211213231
COMB_BASE__NQ_PATH_late_reversal_up,2026,35,0.6571428571428571,0.4039311377952004,-0.038372824178049436,0.009969530626850222
SIG_SP_ROLL20_10m_1430_1440_High,2021,0,,0.0,0.0,
SIG_SP_ROLL20_10m_1430_1440_High,2022,75,0.4533333333333333,-0.10725017128843695,-0.12217317620123536,-0.0014686924320065566
SIG_SP_ROLL20_10m_1430_1440_High,2023,73,0.4931506849315068,0.04748386208333222,-0.06835632578492423,0.0006574081042360616
SIG_SP_ROLL20_10m_1430_1440_High,2024,68,0.5882352941176471,0.03344122394191906,-0.04142255412429796,0.0005089080844810136
SIG_SP_ROLL20_10m_1430_1440_High,2025,74,0.6486486486486487,0.05597640513274671,-0.08210738350470215,0.00079713992223111
SIG_SP_ROLL20_10m_1430_1440_High,2026,51,0.47058823529411764,-0.1390359569060392,-0.29986846684048907,-0.0023073113181133233
COMB_BASE__SP_ROLL20_10m_1430_1440_High,2021,0,,0.0,0.0,
COMB_BASE__SP_ROLL20_10m_1430_1440_High,2022,45,0.4222222222222222,-0.0936738556112745,-0.10804694967925133,-0.0021337360012081328
COMB_BASE__SP_ROLL20_10m_1430_1440_High,2023,43,0.5116279069767442,0.03373768021186474,-0.04260206697890201,0.0007994543386869435
COMB_BASE__SP_ROLL20_10m_1430_1440_High,2024,31,0.5161290322580645,-0.005515873982460118,-0.04010165775788188,-0.0001435630601136969
COMB_BASE__SP_ROLL20_10m_1430_1440_High,2025,55,0.6545454545454545,0.02756363423890895,-0.07650054204272017,0.0005581987894058544
COMB_BASE__SP_ROLL20_10m_1430_1440_High,2026,34,0.5294117647058824,0.11837912940594952,-0.0713268070847295,0.0036525536774649555
SIG_SP_ROLL20_10m_1440_1450_High,2021,0,,0.0,0.0,
SIG_SP_ROLL20_10m_1440_1450_High,2022,74,0.5945945945945946,0.0065337483455605305,-0.06893828934539847,0.00011807683168219566
SIG_SP_ROLL20_10m_1440_1450_High,2023,72,0.5277777777777778,0.010473648620882292,-0.059138942628897295,0.00016366843657276118
SIG_SP_ROLL20_10m_1440_1450_High,2024,75,0.64,0.11225842961241983,-0.04417554567012216,0.0014589559385993186
SIG_SP_ROLL20_10m_1440_1450_High,2025,68,0.6911764705882353,0.09942244322671989,-0.11742408300689422,0.0014588733233161049
SIG_SP_ROLL20_10m_1440_1450_High,2026,57,0.5614035087719298,0.4098671415826076,-0.0741420734991105,0.0065437320288518844
COMB_BASE__SP_ROLL20_10m_1440_1450_High,2021,0,,0.0,0.0,
COMB_BASE__SP_ROLL20_10m_1440_1450_High,2022,40,0.475,-0.05314229154307892,-0.09260057982009928,-0.0013282406915323315
COMB_BASE__SP_ROLL20_10m_1440_1450_High,2023,39,0.5641025641025641,0.03626014115553122,-0.03930587462545421,0.0009369340580494825
COMB_BASE__SP_ROLL20_10m_1440_1450_High,2024,46,0.6086956521739131,0.04950907573917873,-0.03618574317372447,0.0010827745544846727
COMB_BASE__SP_ROLL20_10m_1440_1450_High,2025,43,0.6744186046511628,0.04370479299559382,-0.06907906045294099,0.0010508979314102296
COMB_BASE__SP_ROLL20_10m_1440_1450_High,2026,37,0.5405405405405406,0.09811299695131548,-0.05729555534255881,0.0027650268392713094
SIG_SP_ROLL20_10m_1450_1500_High,2021,0,,0.0,0.0,
SIG_SP_ROLL20_10m_1450_1500_High,2022,75,0.4,-0.12273790792982464,-0.14554046130696963,-0.0017033920736054663
SIG_SP_ROLL20_10m_1450_1500_High,2023,78,0.5128205128205128,0.03598527680935404,-0.03643946210312066,0.0004703313960039475
SIG_SP_ROLL20_10m_1450_1500_High,2024,62,0.5645161290322581,0.03893937803774827,-0.0859223416256586,0.0006614945329460686
SIG_SP_ROLL20_10m_1450_1500_High,2025,75,0.6933333333333334,0.22043374929649495,-0.04498689284112989,0.0027284724310747853
SIG_SP_ROLL20_10m_1450_1500_High,2026,51,0.5882352941176471,0.5307310766644817,-0.0751576897208448,0.008785808541083816
COMB_BASE__SP_ROLL20_10m_1450_1500_High,2021,0,,0.0,0.0,
COMB_BASE__SP_ROLL20_10m_1450_1500_High,2022,40,0.425,-0.07323893019509664,-0.09096589299821933,-0.0018483545223921705
COMB_BASE__SP_ROLL20_10m_1450_1500_High,2023,43,0.5116279069767442,0.0134735033706892,-0.02629063679340804,0.00032789442949151816
COMB_BASE__SP_ROLL20_10m_1450_1500_High,2024,28,0.5,0.013508038377427978,-0.046169707258553405,0.0005200174012942773
COMB_BASE__SP_ROLL20_10m_1450_1500_High,2025,42,0.6428571428571429,-0.008894967789302766,-0.06333948135448808,-0.00015944095984346586
COMB_BASE__SP_ROLL20_10m_1450_1500_High,2026,32,0.59375,0.20826182555788786,-0.07189325664808655,0.006130279409829789
SIG_SP_ROLL20_10m_1500_1510_High,2021,0,,0.0,0.0,
SIG_SP_ROLL20_10m_1500_1510_High,2022,73,0.4657534246575342,-0.08954396556200794,-0.1197837896284556,-0.0012435061718897452
SIG_SP_ROLL20_10m_1500_1510_High,2023,68,0.5735294117647058,0.05748707496705552,-0.022702885734100287,0.0008404018564940258
SIG_SP_ROLL20_10m_1500_1510_High,2024,68,0.5882352941176471,0.03494396579731651,-0.05319949366486865,0.0005325113387139958
SIG_SP_ROLL20_10m_1500_1510_High,2025,73,0.6301369863013698,0.14751215552007046,-0.11487640954293488,0.0019667927237391344
SIG_SP_ROLL20_10m_1500_1510_High,2026,55,0.5818181818181818,0.2492702236105051,-0.11189164334122559,0.004429181304129118
COMB_BASE__SP_ROLL20_10m_1500_1510_High,2021,0,,0.0,0.0,
COMB_BASE__SP_ROLL20_10m_1500_1510_High,2022,38,0.47368421052631576,-0.04574332965968253,-0.05694347512791498,-0.001185784409703278
COMB_BASE__SP_ROLL20_10m_1500_1510_High,2023,42,0.5714285714285714,0.03697318435162167,-0.025196222540674884,0.0008845958304949686
COMB_BASE__SP_ROLL20_10m_1500_1510_High,2024,38,0.5789473684210527,0.012261094632797231,-0.037946093499063194,0.00035103488135843726
COMB_BASE__SP_ROLL20_10m_1500_1510_High,2025,48,0.6041666666666666,0.04073401235496488,-0.0582889200198472,0.0008889942357405946
COMB_BASE__SP_ROLL20_10m_1500_1510_High,2026,38,0.7105263157894737,0.46019014730568464,-0.11189164334122548,0.010309825509772788
SIG_SP_ROLL20_10m_1510_1520_High,2021,0,,0.0,0.0,
SIG_SP_ROLL20_10m_1510_1520_High,2022,76,0.5131578947368421,-0.060686457823992956,-0.09748114734036384,-0.0007835947489238046
SIG_SP_ROLL20_10m_1510_1520_High,2023,76,0.5131578947368421,-0.020375148659519615,-0.07594016678631299,-0.0002524116866508184
SIG_SP_ROLL20_10m_1510_1520_High,2024,66,0.5606060606060606,0.05942790231456674,-0.07893413291956708,0.0009198949646481885
SIG_SP_ROLL20_10m_1510_1520_High,2025,75,0.5866666666666667,0.045470912910235084,-0.0897104295425123,0.000653599541373666
SIG_SP_ROLL20_10m_1510_1520_High,2026,55,0.5454545454545454,0.21911142215253654,-0.1051661263909851,0.00391189744856122
COMB_BASE__SP_ROLL20_10m_1510_1520_High,2021,0,,0.0,0.0,
COMB_BASE__SP_ROLL20_10m_1510_1520_High,2022,36,0.4722222222222222,-0.054714771505187776,-0.08764242844276926,-0.0015066640953012292
COMB_BASE__SP_ROLL20_10m_1510_1520_High,2023,39,0.48717948717948717,0.009020797570107542,-0.025458698893993104,0.0002475183133148759
COMB_BASE__SP_ROLL20_10m_1510_1520_High,2024,33,0.5151515151515151,-0.037069176463706,-0.07981484815671602,-0.0010987675724258544
COMB_BASE__SP_ROLL20_10m_1510_1520_High,2025,46,0.6086956521739131,0.023487280586096615,-0.033443370581941356,0.0005376242060845169
COMB_BASE__SP_ROLL20_10m_1510_1520_High,2026,38,0.5526315789473685,0.1410625795358229,-0.06756852691766702,0.003732635529209215
SIG_SP_ROLL20_10m_1520_1530_High,2021,0,,0.0,0.0,
SIG_SP_ROLL20_10m_1520_1530_High,2022,79,0.3924050632911392,-0.15865674861886903,-0.16351807618348735,-0.002152709996138048
SIG_SP_ROLL20_10m_1520_1530_High,2023,75,0.56,0.04421698532763241,-0.06859343004226148,0.0006041022853943698
SIG_SP_ROLL20_10m_1520_1530_High,2024,70,0.42857142857142855,-0.10295647374966166,-0.10842837645375669,-0.0015140417269898405
SIG_SP_ROLL20_10m_1520_1530_High,2025,80,0.6,0.07889327801564483,-0.10140411464073551,0.001005868182020242
SIG_SP_ROLL20_10m_1520_1530_High,2026,64,0.59375,0.26283711751826244,-0.1932439559963085,0.004163764467199221
COMB_BASE__SP_ROLL20_10m_1520_1530_High,2021,0,,0.0,0.0,
COMB_BASE__SP_ROLL20_10m_1520_1530_High,2022,35,0.17142857142857143,-0.16703799759886861,-0.17079361644236213,-0.00517580703863874
COMB_BASE__SP_ROLL20_10m_1520_1530_High,2023,35,0.6,0.06233971390170656,-0.02081202737147947,0.0017612824899122543
COMB_BASE__SP_ROLL20_10m_1520_1530_High,2024,37,0.3783783783783784,-0.07128678425060353,-0.07672761613180634,-0.001958816058041898
COMB_BASE__SP_ROLL20_10m_1520_1530_High,2025,56,0.5714285714285714,0.007748276799676157,-0.06022449549195563,0.00018375590763918217
COMB_BASE__SP_ROLL20_10m_1520_1530_High,2026,42,0.6428571428571429,0.1820294139896066,-0.09431281691218829,0.004288103232945548
SIG_SP_ROLL20_30m_1430_1500_High,2021,0,,0.0,0.0,
SIG_SP_ROLL20_30m_1430_1500_High,2022,78,0.5,-0.0459710175943876,-0.06609441672130933,-0.0005653717608155492
SIG_SP_ROLL20_30m_1430_1500_High,2023,79,0.569620253164557,0.06638809105368337,-0.03224168472102029,0.0008336742899718902
SIG_SP_ROLL20_30m_1430_1500_High,2024,70,0.5571428571428572,0.015213276270694909,-0.037050587473281826,0.00025402297431080924
SIG_SP_ROLL20_30m_1430_1500_High,2025,77,0.6493506493506493,0.08717906585008617,-0.08666960182361716,0.0011681352510853245
SIG_SP_ROLL20_30m_1430_1500_High,2026,58,0.5344827586206896,0.33309793044882463,-0.0989685288711849,0.005398770988060124
COMB_BASE__SP_ROLL20_30m_1430_1500_High,2021,0,,0.0,0.0,
COMB_BASE__SP_ROLL20_30m_1430_1500_High,2022,47,0.425531914893617,-0.07999404976898483,-0.08768122927826094,-0.0017242651954297837
COMB_BASE__SP_ROLL20_30m_1430_1500_High,2023,41,0.5853658536585366,0.04560120859415906,-0.021500126376555295,0.0011119996724260573
COMB_BASE__SP_ROLL20_30m_1430_1500_High,2024,37,0.4864864864864865,-0.0341425690219781,-0.04223900093936617,-0.0008892087690491999
COMB_BASE__SP_ROLL20_30m_1430_1500_High,2025,51,0.6470588235294118,0.006112156714554562,-0.08197009845821868,0.00018687415648173554
COMB_BASE__SP_ROLL20_30m_1430_1500_High,2026,43,0.5116279069767442,0.14839111744621825,-0.0706958347330362,0.003464816301217781
SIG_SP_ROLL20_30m_1500_1530_High,2021,0,,0.0,0.0,
SIG_SP_ROLL20_30m_1500_1530_High,2022,78,0.46153846153846156,-0.09305169928742263,-0.10789994377645118,-0.0012182272796491497
SIG_SP_ROLL20_30m_1500_1530_High,2023,77,0.45454545454545453,-0.07133042073111373,-0.1184222874614339,-0.0009421212302779343
SIG_SP_ROLL20_30m_1500_1530_High,2024,79,0.5316455696202531,0.08148416569193051,-0.03608099188488789,0.0010224057843392811
SIG_SP_ROLL20_30m_1500_1530_High,2025,78,0.6025641025641025,0.10521515776571255,-0.132675895037615,0.0013612817878106158
SIG_SP_ROLL20_30m_1500_1530_High,2026,61,0.4918032786885246,-0.09234001118724278,-0.18270095568133493,-0.001190237348965911
COMB_BASE__SP_ROLL20_30m_1500_1530_High,2021,0,,0.0,0.0,
COMB_BASE__SP_ROLL20_30m_1500_1530_High,2022,37,0.40540540540540543,-0.08910560539580781,-0.0927285786844404,-0.0024746536595200244
COMB_BASE__SP_ROLL20_30m_1500_1530_High,2023,47,0.40425531914893614,-0.035406867273496956,-0.06562928842919491,-0.0007497136960278084
COMB_BASE__SP_ROLL20_30m_1500_1530_High,2024,45,0.5111111111111111,0.030114193718383975,-0.03511888993650636,0.0006945524293799353
COMB_BASE__SP_ROLL20_30m_1500_1530_High,2025,50,0.56,-0.024801179679050378,-0.08665653393853712,-0.00045326495518766886
COMB_BASE__SP_ROLL20_30m_1500_1530_High,2026,35,0.5714285714285714,0.08282082595285178,-0.12528894866785123,0.0025306370057459663
SIG_SP_ROLL20_60m_1430_1530_High,2021,0,,0.0,0.0,
SIG_SP_ROLL20_60m_1430_1530_High,2022,75,0.44,-0.05507137611520707,-0.08704312202328035,-0.0007234359742854351
SIG_SP_ROLL20_60m_1430_1530_High,2023,79,0.5063291139240507,0.018230370182782618,-0.08183638360205236,0.0002505078392972711
SIG_SP_ROLL20_60m_1430_1530_High,2024,78,0.5128205128205128,0.016214000255871275,-0.05845800663738154,0.00023743891795542914
SIG_SP_ROLL20_60m_1430_1530_High,2025,77,0.5714285714285714,0.10165984376486614,-0.1032761858451452,0.0013396931237954104
SIG_SP_ROLL20_60m_1430_1530_High,2026,65,0.5538461538461539,0.076032709384239,-0.23564764901899804,0.0015340153902202486
COMB_BASE__SP_ROLL20_60m_1430_1530_High,2021,0,,0.0,0.0,
COMB_BASE__SP_ROLL20_60m_1430_1530_High,2022,41,0.36585365853658536,-0.0723942369728614,-0.07351093706708622,-0.0017900916534365281
COMB_BASE__SP_ROLL20_60m_1430_1530_High,2023,46,0.5217391304347826,0.0322345424149868,-0.04267392908823153,0.0007168831480996817
COMB_BASE__SP_ROLL20_60m_1430_1530_High,2024,40,0.425,-0.04107078081385396,-0.0627065971457137,-0.001007241765515765
COMB_BASE__SP_ROLL20_60m_1430_1530_High,2025,48,0.5,-0.02154471979628536,-0.07278564716784452,-0.00039424820048769685
COMB_BASE__SP_ROLL20_60m_1430_1530_High,2026,42,0.5952380952380952,0.1800044391466249,-0.08483440220090399,0.004217266057742535
SIG_SP_ROLL63_10m_1430_1440_High,2021,0,,0.0,0.0,
SIG_SP_ROLL63_10m_1430_1440_High,2022,58,0.43103448275862066,-0.1059324651056115,-0.12609334994011134,-0.0018843546764561116
SIG_SP_ROLL63_10m_1430_1440_High,2023,75,0.4533333333333333,0.01877277513600184,-0.06732575808431607,0.0002689194342439942
SIG_SP_ROLL63_10m_1430_1440_High,2024,62,0.6129032258064516,0.04582370057441665,-0.030770990611160287,0.0007474909488911936
SIG_SP_ROLL63_10m_1430_1440_High,2025,77,0.6493506493506493,0.05377072067097366,-0.0843824222744679,0.0007393660703262933
SIG_SP_ROLL63_10m_1430_1440_High,2026,55,0.4909090909090909,-0.10141274267592659,-0.2814198442878819,-0.001302342442867373
COMB_BASE__SP_ROLL63_10m_1430_1440_High,2021,0,,0.0,0.0,
COMB_BASE__SP_ROLL63_10m_1430_1440_High,2022,41,0.43902439024390244,-0.07927087584218473,-0.10085035106910611,-0.001964323717028039
COMB_BASE__SP_ROLL63_10m_1430_1440_High,2023,46,0.45652173913043476,0.0014942840157674553,-0.04019355837857408,5.664976258609205e-05
COMB_BASE__SP_ROLL63_10m_1430_1440_High,2024,31,0.5161290322580645,-0.01324255676903785,-0.06094250596836637,-0.00039697076348918877
COMB_BASE__SP_ROLL63_10m_1430_1440_High,2025,56,0.6607142857142857,0.019888071293518994,-0.071522487862824,0.00041484348900176207
COMB_BASE__SP_ROLL63_10m_1430_1440_High,2026,38,0.5526315789473685,0.12277065577220103,-0.09306507433060729,0.0034772443830216764
SIG_SP_ROLL63_10m_1440_1450_High,2021,0,,0.0,0.0,
SIG_SP_ROLL63_10m_1440_1450_High,2022,66,0.5454545454545454,-0.0386237398295739,-0.05896398416213311,-0.0005661360185516144
SIG_SP_ROLL63_10m_1440_1450_High,2023,65,0.5692307692307692,0.04045841423835239,-0.04765493680418076,0.0006312126617455807
SIG_SP_ROLL63_10m_1440_1450_High,2024,66,0.6212121212121212,0.10620845996593564,-0.04509153886180628,0.0015742553917500344
SIG_SP_ROLL63_10m_1440_1450_High,2025,73,0.684931506849315,0.15386031214746643,-0.07755584254811276,0.00201492805323074
SIG_SP_ROLL63_10m_1440_1450_High,2026,58,0.5517241379310345,0.34015850258230196,-0.092164638671689,0.005555279248356593
COMB_BASE__SP_ROLL63_10m_1440_1450_High,2021,0,,0.0,0.0,
COMB_BASE__SP_ROLL63_10m_1440_1450_High,2022,36,0.4166666666666667,-0.07974949597076042,-0.08439275744187213,-0.002272435662708595
COMB_BASE__SP_ROLL63_10m_1440_1450_High,2023,37,0.5945945945945946,0.047002383439123996,-0.03710007387224368,0.001268360206870717
COMB_BASE__SP_ROLL63_10m_1440_1450_High,2024,38,0.5789473684210527,0.04384853535934674,-0.02937592507101694,0.0011663622543387972
COMB_BASE__SP_ROLL63_10m_1440_1450_High,2025,48,0.625,0.03627880113503701,-0.0690790604529411,0.0007944605028750359
COMB_BASE__SP_ROLL63_10m_1440_1450_High,2026,37,0.5135135135135135,0.025958923429537428,-0.06028081244585526,0.0009219385790129359
SIG_SP_ROLL63_10m_1450_1500_High,2021,0,,0.0,0.0,
SIG_SP_ROLL63_10m_1450_1500_High,2022,63,0.4126984126984127,-0.07685476889570997,-0.09431577104014166,-0.0012258195545139965
SIG_SP_ROLL63_10m_1450_1500_High,2023,76,0.5,0.009680071339971175,-0.036439462103120546,0.0001431966963870176
SIG_SP_ROLL63_10m_1450_1500_High,2024,68,0.6176470588235294,0.05295630881552871,-0.08173040933866738,0.0008029775236180768
SIG_SP_ROLL63_10m_1450_1500_High,2025,72,0.6944444444444444,0.21076743566268763,-0.04498689284112978,0.0027286920152307225
SIG_SP_ROLL63_10m_1450_1500_High,2026,54,0.5740740740740741,0.4511953807622562,-0.08230068580261962,0.007329325462958192
COMB_BASE__SP_ROLL63_10m_1450_1500_High,2021,0,,0.0,0.0,
COMB_BASE__SP_ROLL63_10m_1450_1500_High,2022,35,0.42857142857142855,-0.05596982625613767,-0.06251993587731919,-0.0015899889253542386
COMB_BASE__SP_ROLL63_10m_1450_1500_High,2023,42,0.5,-0.005947918806032071,-0.026712636285156743,-0.00012649797962767983
COMB_BASE__SP_ROLL63_10m_1450_1500_High,2024,34,0.5882352941176471,0.019120653237569618,-0.05200127070907279,0.0005967522056037927
COMB_BASE__SP_ROLL63_10m_1450_1500_High,2025,41,0.6341463414634146,-0.02478450932179832,-0.06333948135448808,-0.0005594737099086993
COMB_BASE__SP_ROLL63_10m_1450_1500_High,2026,35,0.5714285714285714,0.1454814021426638,-0.11681399272661053,0.004110750871972031
SIG_SP_ROLL63_10m_1500_1510_High,2021,0,,0.0,0.0,
SIG_SP_ROLL63_10m_1500_1510_High,2022,57,0.47368421052631576,-0.06792003203244168,-0.09182117830735714,-0.0011966516271422396
SIG_SP_ROLL63_10m_1500_1510_High,2023,70,0.5428571428571428,0.06504382118923746,-0.02270288573410051,0.0009197920097630778
SIG_SP_ROLL63_10m_1500_1510_High,2024,79,0.5569620253164557,0.04023099580961076,-0.05590281537928532,0.0005275995395554292
SIG_SP_ROLL63_10m_1500_1510_High,2025,73,0.6027397260273972,0.11600720335494819,-0.12266211306405672,0.0015809522531885262
SIG_SP_ROLL63_10m_1500_1510_High,2026,51,0.5882352941176471,0.10574952783953995,-0.14685728461971825,0.002455014626646121
COMB_BASE__SP_ROLL63_10m_1500_1510_High,2021,0,,0.0,0.0,
COMB_BASE__SP_ROLL63_10m_1500_1510_High,2022,30,0.4666666666666667,-0.03854019081245208,-0.0429884193234874,-0.001267271504381558
COMB_BASE__SP_ROLL63_10m_1500_1510_High,2023,45,0.5555555555555556,0.0506033242475632,-0.025196222540674884,0.001118727519609492
COMB_BASE__SP_ROLL63_10m_1500_1510_High,2024,47,0.5319148936170213,0.015112393900607923,-0.0338494539878581,0.0003514341337674998
COMB_BASE__SP_ROLL63_10m_1500_1510_High,2025,45,0.6,0.02638499425618268,-0.056613809511404045,0.0006319643853152818
COMB_BASE__SP_ROLL63_10m_1500_1510_High,2026,34,0.7352941176470589,0.4128904936891886,-0.11189164334122559,0.010529352649942618
SIG_SP_ROLL63_10m_1510_1520_High,2021,0,,0.0,0.0,
SIG_SP_ROLL63_10m_1510_1520_High,2022,65,0.5384615384615384,-0.05051438952292986,-0.09298363331083115,-0.0007540258124510668
SIG_SP_ROLL63_10m_1510_1520_High,2023,69,0.5072463768115942,-0.023641609652489626,-0.05679256630234775,-0.0003310015766527024
SIG_SP_ROLL63_10m_1510_1520_High,2024,60,0.5833333333333334,0.0949784946199641,-0.05703447958494734,0.001557740656929524
SIG_SP_ROLL63_10m_1510_1520_High,2025,78,0.6153846153846154,0.05152800300519633,-0.08411068047521397,0.0007056218521452561
SIG_SP_ROLL63_10m_1510_1520_High,2026,56,0.5714285714285714,0.2980335427095031,-0.08777876771210291,0.004935261375506818
COMB_BASE__SP_ROLL63_10m_1510_1520_High,2021,0,,0.0,0.0,
COMB_BASE__SP_ROLL63_10m_1510_1520_High,2022,31,0.4838709677419355,-0.03428303209624228,-0.0752780305976587,-0.0010623482267281496
COMB_BASE__SP_ROLL63_10m_1510_1520_High,2023,32,0.5,0.010522390576591878,-0.02545869889399288,0.00033855305868359976
COMB_BASE__SP_ROLL63_10m_1510_1520_High,2024,30,0.6,-0.009967545265371358,-0.06645725161395188,-0.00029222768084918497
COMB_BASE__SP_ROLL63_10m_1510_1520_High,2025,52,0.6538461538461539,0.039437586381511736,-0.03885602282149092,0.0007787310871420403
COMB_BASE__SP_ROLL63_10m_1510_1520_High,2026,40,0.575,0.1865330419361475,-0.06315609263003108,0.004512410688484828
SIG_SP_ROLL63_10m_1520_1530_High,2021,0,,0.0,0.0,
SIG_SP_ROLL63_10m_1520_1530_High,2022,63,0.4603174603174603,-0.07149542539384623,-0.1084297115649554,-0.0011417847699648708
SIG_SP_ROLL63_10m_1520_1530_High,2023,74,0.527027027027027,0.042140991947280826,-0.05547765801983762,0.0005838765798835161
SIG_SP_ROLL63_10m_1520_1530_High,2024,73,0.410958904109589,-0.09349736300475298,-0.09031986896487776,-0.0013038263325923513
SIG_SP_ROLL63_10m_1520_1530_High,2025,86,0.6162790697674418,0.11953777210424854,-0.09990589705822939,0.0013700244553142512
SIG_SP_ROLL63_10m_1520_1530_High,2026,64,0.625,0.4116221421161135,-0.15890672471360123,0.005927449894143375
COMB_BASE__SP_ROLL63_10m_1520_1530_High,2021,0,,0.0,0.0,
COMB_BASE__SP_ROLL63_10m_1520_1530_High,2022,29,0.2413793103448276,-0.11494874386545162,-0.1169731945316218,-0.004159064131881949
COMB_BASE__SP_ROLL63_10m_1520_1530_High,2023,36,0.5277777777777778,0.06374055242571619,-0.019056918012920976,0.0017471844348285663
COMB_BASE__SP_ROLL63_10m_1520_1530_High,2024,38,0.34210526315789475,-0.06515243782882907,-0.06950980879162139,-0.0017262834451324443
COMB_BASE__SP_ROLL63_10m_1520_1530_High,2025,59,0.6101694915254238,0.029540963504592233,-0.049281846331132084,0.0005382882762568425
COMB_BASE__SP_ROLL63_10m_1520_1530_High,2026,41,0.6829268292682927,0.22150136259079467,-0.09431281691218829,0.005224011799408229
SIG_SP_ROLL63_30m_1430_1500_High,2021,0,,0.0,0.0,
SIG_SP_ROLL63_30m_1430_1500_High,2022,64,0.53125,-0.0436613177207662,-0.06554172822676807,-0.0006554657174075828
SIG_SP_ROLL63_30m_1430_1500_High,2023,71,0.5915492957746479,0.0993816734271562,-0.03556733092129005,0.001355205655027763
SIG_SP_ROLL63_30m_1430_1500_High,2024,71,0.5633802816901409,0.0009785332950165149,-0.04927891741281498,5.417386599051955e-05
SIG_SP_ROLL63_30m_1430_1500_High,2025,79,0.6329113924050633,0.0830301975647787,-0.06501372843535413,0.0010859166888456462
SIG_SP_ROLL63_30m_1430_1500_High,2026,58,0.5344827586206896,0.21735589129499933,-0.17708688906392012,0.0038625238396308636
COMB_BASE__SP_ROLL63_30m_1430_1500_High,2021,0,,0.0,0.0,
COMB_BASE__SP_ROLL63_30m_1430_1500_High,2022,43,0.46511627906976744,-0.07944854776199828,-0.09993652690342802,-0.0018716850209825628
COMB_BASE__SP_ROLL63_30m_1430_1500_High,2023,38,0.631578947368421,0.07544124508644923,-0.015116568864224744,0.001939496055205489
COMB_BASE__SP_ROLL63_30m_1430_1500_High,2024,39,0.48717948717948717,-0.04492789229367178,-0.06015699438113198,-0.0011267251599316776
COMB_BASE__SP_ROLL63_30m_1430_1500_High,2025,50,0.64,-0.03239264264756858,-0.09636447251935487,-0.0005903427694155149
COMB_BASE__SP_ROLL63_30m_1430_1500_High,2026,42,0.5238095238095238,0.09309827774865487,-0.10723522184948275,0.0023932093269056084
SIG_SP_ROLL63_30m_1500_1530_High,2021,0,,0.0,0.0,
SIG_SP_ROLL63_30m_1500_1530_High,2022,55,0.4727272727272727,-0.05046053245796911,-0.06670411792867226,-0.0009044559441162491
SIG_SP_ROLL63_30m_1500_1530_High,2023,76,0.47368421052631576,-0.049144277098964406,-0.1054188258927391,-0.0006431897682119003
SIG_SP_ROLL63_30m_1500_1530_High,2024,79,0.5063291139240507,0.05167621977102432,-0.03568161059703934,0.0006688816095477876
SIG_SP_ROLL63_30m_1500_1530_High,2025,87,0.6091954022988506,0.13870511212177816,-0.13373348376226324,0.0015642257070778403
SIG_SP_ROLL63_30m_1500_1530_High,2026,62,0.5,-0.07872795955236522,-0.1856024661942277,-0.0008708465548186038
COMB_BASE__SP_ROLL63_30m_1500_1530_High,2021,0,,0.0,0.0,
COMB_BASE__SP_ROLL63_30m_1500_1530_High,2022,26,0.3076923076923077,-0.09144925853350716,-0.09144925853350716,-0.003633078482086684
COMB_BASE__SP_ROLL63_30m_1500_1530_High,2023,46,0.43478260869565216,-0.01623278299997921,-0.0538745367963569,-0.00033723968023629045
COMB_BASE__SP_ROLL63_30m_1500_1530_High,2024,45,0.4888888888888889,0.003196439709705068,-0.04129302391837908,0.00010825157826497162
COMB_BASE__SP_ROLL63_30m_1500_1530_High,2025,54,0.5740740740740741,-0.010805055310574851,-0.077939600175162,-0.00015629162033923896
COMB_BASE__SP_ROLL63_30m_1500_1530_High,2026,35,0.6,0.16467953821339898,-0.12528894866785123,0.004682975174371155
SIG_SP_ROLL63_60m_1430_1530_High,2021,0,,0.0,0.0,
SIG_SP_ROLL63_60m_1430_1530_High,2022,57,0.45614035087719296,-0.025375859983859494,-0.05471533095176584,-0.0004168105395768496
SIG_SP_ROLL63_60m_1430_1530_High,2023,78,0.48717948717948717,0.006626519842968026,-0.07213073726247354,0.00010472308567027268
SIG_SP_ROLL63_60m_1430_1530_High,2024,82,0.5121951219512195,0.017609303461904258,-0.052875491600921865,0.00024255261691204894
SIG_SP_ROLL63_60m_1430_1530_High,2025,79,0.569620253164557,0.09499234505294951,-0.0951248929452102,0.0012237423241317073
SIG_SP_ROLL63_60m_1430_1530_High,2026,64,0.578125,0.25539644713646714,-0.13914577363917924,0.003928743347482645
COMB_BASE__SP_ROLL63_60m_1430_1530_High,2021,0,,0.0,0.0,
COMB_BASE__SP_ROLL63_60m_1430_1530_High,2022,32,0.375,-0.04915648375949144,-0.059319289565173294,-0.0015275176629279668
COMB_BASE__SP_ROLL63_60m_1430_1530_High,2023,44,0.5227272727272727,0.03289815189872347,-0.03768342377438594,0.0007600321611700606
COMB_BASE__SP_ROLL63_60m_1430_1530_High,2024,43,0.4186046511627907,-0.043210191790981956,-0.06865998051629696,-0.0009876319181055804
COMB_BASE__SP_ROLL63_60m_1430_1530_High,2025,49,0.5102040816326531,-0.029647870429203693,-0.07645292469047482,-0.0005647156726157064
COMB_BASE__SP_ROLL63_60m_1430_1530_High,2026,42,0.6428571428571429,0.2885007421207131,-0.04488553744012447,0.006283797741802052
SIG_SP_PATH_up_up,2021,2,1.0,0.005200171403189735,0.0,0.0025998962368049775
SIG_SP_PATH_up_up,2022,62,0.43548387096774194,-0.05566692938633733,-0.09210671508776236,-0.0008870371248132285
SIG_SP_PATH_up_up,2023,53,0.5660377358490566,0.06743892064895363,-0.04057100266101721,0.0012533165227634202
SIG_SP_PATH_up_up,2024,45,0.5111111111111111,-0.010487032804060603,-0.05955173357124954,-0.00019865879959171982
SIG_SP_PATH_up_up,2025,56,0.5714285714285714,0.06102501574422847,-0.06975563176631838,0.0011309070317789428
SIG_SP_PATH_up_up,2026,37,0.5135135135135135,0.08686236112070889,-0.1293812396500863,0.0026688372818199995
COMB_BASE__SP_PATH_up_up,2021,2,1.0,0.005200171403189735,0.0,0.0025998962368049775
COMB_BASE__SP_PATH_up_up,2022,38,0.3684210526315789,-0.07368357549648064,-0.09643968653818569,-0.0019670793349557303
COMB_BASE__SP_PATH_up_up,2023,29,0.6551724137931034,0.06552078462519928,-0.014594212087754577,0.0022174989613563
COMB_BASE__SP_PATH_up_up,2024,26,0.4230769230769231,-0.05364421647114481,-0.05832133930752759,-0.0020741188552977127
COMB_BASE__SP_PATH_up_up,2025,32,0.5,-0.05524405619597883,-0.07671549351652074,-0.0017256682582974788
COMB_BASE__SP_PATH_up_up,2026,24,0.5416666666666666,0.07937120219815119,-0.05400644824435463,0.003473350039810509
SIG_SP_PATH_down_up,2021,2,1.0,0.007822330290109036,0.0,0.003903594504842867
SIG_SP_PATH_down_up,2022,59,0.4745762711864407,-0.031796380191631335,-0.07892513866144424,-0.0005183708621917634
SIG_SP_PATH_down_up,2023,53,0.5849056603773585,0.04891824687535329,-0.02413047152763237,0.0009197942913495703
SIG_SP_PATH_down_up,2024,57,0.47368421052631576,0.01678346351236315,-0.053756660462420114,0.00032258725415668294
SIG_SP_PATH_down_up,2025,62,0.5645161290322581,0.03432361098230108,-0.07406440193531716,0.0005856280933352892
SIG_SP_PATH_down_up,2026,48,0.5416666666666666,-0.05804666835597694,-0.21588282465327802,-0.0008720447710039864
COMB_BASE__SP_PATH_down_up,2021,1,1.0,0.0035925163234555857,0.0,0.0035925163234555527
COMB_BASE__SP_PATH_down_up,2022,18,0.6111111111111112,0.039773642559076894,-0.02140569109041135,0.0021987649264877
COMB_BASE__SP_PATH_down_up,2023,31,0.5483870967741935,0.049846086046141824,-0.02131241126590866,0.0015859495927858162
COMB_BASE__SP_PATH_down_up,2024,33,0.42424242424242425,-0.010889624553258925,-0.046734261072074235,-0.0002971184882705364
COMB_BASE__SP_PATH_down_up,2025,45,0.5555555555555556,0.006625863260248055,-0.043447456238634774,0.00017999869387297753
COMB_BASE__SP_PATH_down_up,2026,28,0.6785714285714286,0.18898690160892007,-0.09177463059508961,0.006495370869652747
SIG_SP_PATH_persistent_rise,2021,1,1.0,0.0004478499314470863,0.0,0.0004478499314470533
SIG_SP_PATH_persistent_rise,2022,20,0.5,-0.012911548405579953,-0.035820066179575005,-0.0006130490909134311
SIG_SP_PATH_persistent_rise,2023,8,0.5,0.012975618724106575,-0.00389242904760434,0.0016207344531915056
SIG_SP_PATH_persistent_rise,2024,5,0.6,0.01399511988148916,-0.0024629918728935607,0.0027981792801262785
SIG_SP_PATH_persistent_rise,2025,5,0.6,-0.04080805330456372,-0.05420314531462522,-0.008105667201603429
SIG_SP_PATH_persistent_rise,2026,4,0.5,0.09569436433650957,-0.00866633031038444,0.023524010251876747
COMB_BASE__SP_PATH_persistent_rise,2021,1,1.0,0.0004478499314470863,0.0,0.0004478499314470533
COMB_BASE__SP_PATH_persistent_rise,2022,11,0.36363636363636365,-0.022370930322771487,-0.042770288976970106,-0.00199697142330504
COMB_BASE__SP_PATH_persistent_rise,2023,4,0.75,0.0159112613244623,-0.0007326507066628407,0.003961703820570367
COMB_BASE__SP_PATH_persistent_rise,2024,2,0.5,0.0008685438495148468,-0.0012112210361884257,0.0004355329796636113
COMB_BASE__SP_PATH_persistent_rise,2025,5,0.6,-0.04080805330456372,-0.05420314531462522,-0.008105667201603429
COMB_BASE__SP_PATH_persistent_rise,2026,3,0.3333333333333333,0.05167436894705224,-0.00866633031038444,0.017412994230819843
SIG_SP_PATH_late_acceleration,2021,3,1.0,0.005650350231043211,0.0,0.0018825474683523361
SIG_SP_PATH_late_acceleration,2022,83,0.43373493975903615,-0.1511956222089612,-0.17787872421180084,-0.001941371415492312
SIG_SP_PATH_late_acceleration,2023,74,0.4864864864864865,-0.0387990275756418,-0.08235893129147098,-0.0005157888700664698
SIG_SP_PATH_late_acceleration,2024,69,0.4927536231884058,0.0286297617514486,-0.042833008111362814,0.00043679532945835146
SIG_SP_PATH_late_acceleration,2025,72,0.625,0.13051942815189777,-0.057014327405101484,0.0017750735579543876
SIG_SP_PATH_late_acceleration,2026,61,0.5737704918032787,0.10159232094384274,-0.1522971529487922,0.0019683473445875122
COMB_BASE__SP_PATH_late_acceleration,2021,3,1.0,0.005650350231043211,0.0,0.0018825474683523361
COMB_BASE__SP_PATH_late_acceleration,2022,36,0.4166666666666667,-0.09152138581112879,-0.09513475062267807,-0.002622413978131592
COMB_BASE__SP_PATH_late_acceleration,2023,46,0.5,0.006988375376859146,-0.037109819589915105,0.00016827758281615522
COMB_BASE__SP_PATH_late_acceleration,2024,39,0.48717948717948717,0.0004600625231852007,-0.043420499496787834,4.286791604849951e-05
COMB_BASE__SP_PATH_late_acceleration,2025,45,0.5777777777777777,0.01350574621720324,-0.05313179653607969,0.0003350200560827502
COMB_BASE__SP_PATH_late_acceleration,2026,38,0.6842105263157895,0.3628943845849246,-0.07808532833672466,0.008452029731291546
SIG_SP_PATH_late_reversal_up,2021,2,1.0,0.007822330290109036,0.0,0.003903594504842867
SIG_SP_PATH_late_reversal_up,2022,59,0.4745762711864407,-0.031796380191631335,-0.07892513866144424,-0.0005183708621917634
SIG_SP_PATH_late_reversal_up,2023,53,0.5849056603773585,0.04891824687535329,-0.02413047152763237,0.0009197942913495703
SIG_SP_PATH_late_reversal_up,2024,57,0.47368421052631576,0.01678346351236315,-0.053756660462420114,0.00032258725415668294
SIG_SP_PATH_late_reversal_up,2025,62,0.5645161290322581,0.03432361098230108,-0.07406440193531716,0.0005856280933352892
SIG_SP_PATH_late_reversal_up,2026,48,0.5416666666666666,-0.05804666835597694,-0.21588282465327802,-0.0008720447710039864
COMB_BASE__SP_PATH_late_reversal_up,2021,1,1.0,0.0035925163234555857,0.0,0.0035925163234555527
COMB_BASE__SP_PATH_late_reversal_up,2022,18,0.6111111111111112,0.039773642559076894,-0.02140569109041135,0.0021987649264877
COMB_BASE__SP_PATH_late_reversal_up,2023,31,0.5483870967741935,0.049846086046141824,-0.02131241126590866,0.0015859495927858162
COMB_BASE__SP_PATH_late_reversal_up,2024,33,0.42424242424242425,-0.010889624553258925,-0.046734261072074235,-0.0002971184882705364
COMB_BASE__SP_PATH_late_reversal_up,2025,45,0.5555555555555556,0.006625863260248055,-0.043447456238634774,0.00017999869387297753
COMB_BASE__SP_PATH_late_reversal_up,2026,28,0.6785714285714286,0.18898690160892007,-0.09177463059508961,0.006495370869652747
