id,label,fam,ma,trg,ex,flow,d_trades,d_trades_yr,d_exposure,d_win,d_net_bp,d_t_net,d_cagr,d_sharpe,d_mdd,d_calmar,v_trades,v_trades_yr,v_exposure,v_win,v_net_bp,v_t_net,v_cagr,v_sharpe,v_mdd,v_calmar,x_trades,x_trades_yr,x_exposure,x_win,x_net_bp,x_t_net,x_cagr,x_sharpe,x_mdd,x_calmar,h_trades,h_trades_yr,h_exposure,h_win,h_net_bp,h_t_net,h_cagr,h_sharpe,h_mdd,h_calmar,d_lev_cagr,d_lev_sharpe,d_lev_mdd,design_rank
V01,PB/C>MA100/rsi2<10/ma5/none,PB,100,rsi2<10,ma5,none,57,5.8248175182481745,0.09975669099756691,0.6140350877192983,-12.857875158690717,-0.49371494324588694,-0.00838262453893579,-0.15627499587901375,-0.19878935433808842,-0.042168377511197855,42,6.399032648125756,0.08585247883917775,0.7380952380952381,69.40324483780716,1.3942719975121407,0.04188893368070934,0.421292202784147,-0.1693742064766801,0.24731589627536776,33,6.238559639909978,0.08177044261065267,0.696969696969697,23.158445960581318,0.5069752642622153,0.013369742719547828,0.21382430757877002,-0.1559267865635705,0.08574371994831725,49,7.100632547441058,0.1109833237492812,0.7551020408163265,90.4138544326209,2.7272150703751077,0.06354821657110588,0.771696074593905,-0.13022490555016986,0.4879881947514531,-0.023931628789011228,-0.21418651885977683,-0.39447610509722897,
V02,PB/C>MA100/rsi2<10/rsi70/none,PB,100,rsi2<10,rsi70,none,57,5.8248175182481745,0.12368207623682076,0.631578947368421,0.4186014251766789,0.013995001754677714,-0.0007497802852021174,0.011260232921428758,-0.19160579210230033,-0.0039131399785753964,40,6.0943168077388155,0.11003627569528417,0.7,87.16278402303186,1.4473650721134992,0.05068112805701119,0.48618250504950705,-0.190483499358171,0.2660657129241109,31,5.8604651162790695,0.10652663165791448,0.6451612903225806,31.364580180271126,0.5193619558043949,0.017136075001729534,0.2538412947122935,-0.190483499358171,0.08996094181107064,49,7.100632547441058,0.11673375503162738,0.7755102040816326,104.4252059792881,2.7491082410612524,0.07367121755564288,0.865307411719015,-0.13022490555016952,0.565722948651023,-0.008262947361251438,-0.02931644403727537,-0.3730986761337487,
V03,PB/C>MA100/rsi2<10/n5/none,PB,100,rsi2<10,n5,none,59,6.02919708029197,0.11962692619626926,0.4406779661016949,-18.687322513390914,-0.7678174889809324,-0.012339890046968005,-0.22950984181557385,-0.234828324749088,-0.052548558868071256,42,6.399032648125756,0.12696493349455865,0.6190476190476191,104.94895740823172,1.4780853298649081,0.06500990706622378,0.6489922221109691,-0.17215007867169885,0.3776350703283837,33,6.238559639909978,0.12378094523630907,0.5757575757575758,27.5010296631454,0.399131063811981,0.014710615520976855,0.23181119289016552,-0.17215007867169885,0.08545227300784994,50,7.245543415756181,0.1437607820586544,0.64,141.78694745802744,2.9993952833174222,0.10325683780891293,1.163194682267838,-0.09269588475853185,1.1139311963836565,-0.031559257938703955,-0.27898755211462617,-0.4394784926542269,
V04,PB/C>MA100/ibs<0.2/ma5/none,PB,100,ibs<0.2,ma5,none,183,18.7007299270073,0.2116788321167883,0.639344262295082,3.2017295891677757,0.34338569025284865,0.004268569025688285,0.09876122163080078,-0.18215012869119995,0.02343434537411067,138,21.02539298669891,0.21765417170495768,0.6521739130434783,41.07198296540785,1.445897307377467,0.08192838692416404,0.5733144384354988,-0.2750349988775017,0.29788349576794865,104,19.6609152288072,0.20855213803450862,0.6057692307692307,-5.188494104891223,-0.24970689588405479,-0.014062842019689215,-0.08511982891284785,-0.2750349988775017,-0.05113109995849178,146,21.15698677400805,0.23116733755031627,0.6712328767123288,38.99502956977332,2.0262065973100096,0.08508273247048126,0.7396390462125005,-0.22868860524699297,0.37204622582130165,-0.0013175921655103062,0.05287476790079119,-0.3702028747752848,2.0
V05,PB/C>MA100/ibs<0.2/rsi70/none,PB,100,ibs<0.2,rsi70,none,162,16.554744525547445,0.26277372262773724,0.6296296296296297,-1.5516624621755455,-0.1378422186497509,-0.004658971731052786,-0.0283031269218497,-0.26886883605558265,-0.0173280466394017,127,19.34945586457074,0.26481257557436516,0.7007874015748031,58.54989735084174,1.6603400871850857,0.10977441202196858,0.7205387941335437,-0.27821770010734315,0.39456300580306336,95,17.95948987246812,0.25806451612903225,0.6631578947368421,0.16776749127787172,0.006566884481072018,-0.005184350921100811,0.007783525438674136,-0.27821770010734315,-0.01863415202950985,133,19.273145485911442,0.26049453709028175,0.6992481203007519,54.56499463572651,3.0406748163666926,0.1103224315890805,0.8981517166611136,-0.16496509746706667,0.6687622611268125,-0.022090522476643004,-0.08466617974490034,-0.5149837619774648,8.0
V06,PB/C>MA100/ibs<0.2/n5/none,PB,100,ibs<0.2,n5,none,139,14.204379562043794,0.28102189781021897,0.4892086330935252,1.5507529227560939,0.09915570712806725,0.0017395695538648948,0.059768690528321816,-0.2101314960753512,0.008278480791099975,107,16.30229746070133,0.32466747279322855,0.616822429906542,88.67930497297694,1.4232033004733395,0.13247877729435142,0.7496415379474718,-0.3492006783858027,0.37937720484032583,78,14.745686421605402,0.2940735183795949,0.5769230769230769,27.842533081848934,0.7944246908498277,0.03333805650808719,0.3529096324284004,-0.1576088067643594,0.21152407148117583,115,16.66474985623922,0.33064979873490513,0.6173913043478261,71.8123837680423,3.231939571994748,0.11631586862180265,0.9205685641832834,-0.16718474236504943,0.6957325589426449,-0.011424884240996191,-0.012022448588753966,-0.4406560341693363,4.0
V07,PB/C>MA100/c<min3/ma5/none,PB,100,c<min3,ma5,none,159,16.248175182481752,0.24330900243309003,0.6226415094339622,-2.783532986032777,-0.21723275294247127,-0.006652215429402197,-0.05715430705356097,-0.25254949525694237,-0.0263402444049008,108,16.454655380894803,0.21704957678355502,0.6296296296296297,18.420608425517898,0.5847643895845058,0.02045380230391558,0.20674603959080134,-0.23415131563171132,0.08735292496108232,83,15.69092273068267,0.21380345086271568,0.5662650602409639,-19.832907931126794,-0.9620716360588377,-0.0341057554504095,-0.2943760366801242,-0.23415131563171132,-0.14565690292363462,129,18.69350201265095,0.2547441058079356,0.7209302325581395,45.49156484436216,2.3840515516536414,0.08860256088985263,0.7108861238593743,-0.22201721890946324,0.3990796809592684,-0.015216138198232754,-0.03749990906377437,-0.48094349121450386,10.0
V08,PB/C>MA100/c<min3/rsi70/none,PB,100,c<min3,rsi70,none,141,14.40875912408759,0.2773722627737226,0.6382978723404256,-6.2999034870305,-0.39146979470572585,-0.011513368468068719,-0.11484006930660315,-0.2619047772045171,-0.043960131582777964,96,14.626360338573157,0.24667472793228537,0.6354166666666666,26.880355120530837,0.7479104461119582,0.028931402658241456,0.25760733723659424,-0.28898709778854925,0.10011312920070381,73,13.800450112528132,0.24381095273818454,0.589041095890411,-13.789256765737198,-0.5101007669640386,-0.02359342173592105,-0.17420067229774144,-0.28898709778854925,-0.08164178233723177,122,17.679125934445082,0.281196089706728,0.7213114754098361,55.10903338113092,2.4342203302512337,0.10156207627697866,0.7788622768829335,-0.242682950527352,0.41849695685784044,-0.021081009305603193,-0.0700157891242336,-0.5008367083205578,12.0
V09,PB/C>MA100/c<min3/n5/none,PB,100,c<min3,n5,none,141,14.40875912408759,0.2850770478507705,0.48226950354609927,-13.14864051902864,-0.780113506923315,-0.019372219136052804,-0.2463000274885604,-0.30473221852331533,-0.06357128639015444,93,14.169286577992745,0.28234582829504234,0.5698924731182796,85.90752244904037,1.754893069962746,0.11340659141187936,0.7271334802545222,-0.18135178511264272,0.6253403645375717,72,13.611402850712679,0.27156789197299325,0.5277777777777778,22.055527499592333,0.9524254822795069,0.02225896262704441,0.2697509099079406,-0.1239379476036272,0.17959763782947277,112,16.230017251293845,0.32202415181138583,0.5982142857142857,72.88922700826261,2.5922556186056123,0.11583959048634496,0.8987861612641879,-0.25226981796740044,0.45918925783390513,-0.042301011331790095,-0.2408014590108589,-0.5641668426539245,17.0
V10,PB/C>MA200/rsi2<10/ma5/none,PB,200,rsi2<10,ma5,none,62,6.335766423357664,0.10016220600162205,0.6774193548387096,20.536356375114686,1.0002665833912088,0.012313466625776703,0.27999386624870354,-0.1118015735822302,0.11013679173951996,48,7.3131801692865785,0.10459492140266022,0.7083333333333334,94.33922017404166,1.6906454238087882,0.06663711459215071,0.49644185258634455,-0.22948559945774316,0.290376018144969,36,6.8057014253563395,0.09752438109527382,0.6388888888888888,17.73621854088821,0.3490931385195908,0.010514506112509148,0.1829286330887644,-0.14195158870877633,0.07407107034272364,54,7.825186889016676,0.1242093156986774,0.7592592592592593,80.25920836922975,2.2466784129187882,0.0614727646417248,0.6877470773246287,-0.13022490555016986,0.4720507523658144,0.020408649049231897,0.2685425355267559,-0.22223650523084193,
V11,PB/C>MA200/rsi2<10/rsi70/none,PB,200,rsi2<10,rsi70,none,60,6.131386861313868,0.12287104622871046,0.7,27.983484161778904,1.0547005138165042,0.016365216709167463,0.33600500632977465,-0.1290143673562686,0.1268480173527922,45,6.856106408706167,0.12636033857315598,0.6888888888888889,113.94666372775,1.7528395433183246,0.07609352482092291,0.5488397476493319,-0.22948559945774294,0.3315830056470913,33,6.238559639909978,0.11927981995498875,0.6060606060606061,26.494526000684125,0.4036867796243281,0.014803048893122783,0.23344428814933388,-0.17479113927534773,0.08468992738701477,54,7.825186889016676,0.12938470385278897,0.7777777777777778,99.96358452347368,2.661902622349278,0.07726054244181846,0.8295666481768652,-0.13022490555016952,0.5932854557690856,0.03733995456469308,0.4187592890475196,-0.24687644930731623,
V12,PB/C>MA200/rsi2<10/n5/none,PB,200,rsi2<10,n5,none,65,6.642335766423357,0.13179237631792376,0.5076923076923077,16.165493785109724,0.7514952450317107,0.009665718750015095,0.20425077197878216,-0.14024634406931624,0.06891957729206723,48,7.3131801692865785,0.14510278113663846,0.6458333333333334,152.2454584862901,1.7657078783798283,0.1110204837386628,0.7587696904835727,-0.1669614168796505,0.6649469429136963,36,6.8057014253563395,0.1350337584396099,0.5833333333333334,37.710396212224175,0.5037228323536572,0.022853422630459086,0.3306443307015102,-0.1669614168796505,0.13687846604064424,56,8.115008625646922,0.16101207590569291,0.6607142857142857,157.88476180818319,3.447517203341482,0.13098655687480343,1.3194792221017302,-0.08932825037262537,1.4663508613277871,0.014129861126918497,0.1858979860529619,-0.2705078664862085,
V13,PB/C>MA200/ibs<0.2/ma5/none,PB,200,ibs<0.2,ma5,none,179,18.291970802919707,0.20721816707218166,0.6368715083798883,-0.2990614394967228,-0.02566057644871473,-0.0028345124920410303,-0.006366726625422772,-0.2518259170504137,-0.011255841039878282,145,22.091898428053206,0.23458282950423218,0.6551724137931034,53.70624354832753,1.6673601261462294,0.11631021425553878,0.6440989631419528,-0.3259620085159287,0.35682138168520666,101,19.093773443360842,0.2108027006751688,0.594059405940594,-14.47383556340481,-0.5600119688482892,-0.03119943419900917,-0.2521127226438907,-0.3259620085159287,-0.09571494034245574,144,20.867165037377802,0.23691776883266244,0.6736111111111112,41.70866058521719,2.7105830321300215,0.08472660256927234,0.7418291646157579,-0.16911649630098735,0.5009954937718142,-0.012730930061408352,-0.024759945578823824,-0.4790368509742161,7.0
V14,PB/C>MA200/ibs<0.2/rsi70/none,PB,200,ibs<0.2,rsi70,none,159,16.248175182481752,0.2575020275750203,0.6289308176100629,-9.716138990013592,-0.7343404450684391,-0.018296935869713482,-0.20582480864434316,-0.3385758974387071,-0.05404086944206005,132,20.11124546553809,0.2762998790810157,0.6893939393939394,69.44433700643219,1.797780645200376,0.1383299603015029,0.73449977032796,-0.33238044706913805,0.41617959636695795,91,17.203300825206302,0.25056264066016504,0.6373626373626373,-12.105679305555476,-0.39482508686719076,-0.025912624032590537,-0.18706946171425365,-0.33238044706913805,-0.07796073523903915,131,18.983323749281194,0.261644623346751,0.6946564885496184,52.07588956485821,2.647372059840328,0.09736833857346494,0.820793984892067,-0.19177725732254736,0.5077157736681079,-0.040843111385482245,-0.20781180658500156,-0.6032840944599163,16.0
V15,PB/C>MA200/ibs<0.2/n5/none,PB,200,ibs<0.2,n5,none,141,14.40875912408759,0.2850770478507705,0.48226950354609927,-6.054202224637564,-0.3571615563911108,-0.010020876113662869,-0.09881510245230297,-0.3218074316365116,-0.031139355802639337,112,17.064087061668683,0.33978234582829503,0.6339285714285714,86.09216441611186,1.4005972500429866,0.1337701601761514,0.7125982533793606,-0.3492006783858027,0.3830753158742719,78,14.745686421605402,0.2940735183795949,0.5897435897435898,23.957511382985274,0.540102824282577,0.026606469391278864,0.2899586734919677,-0.21099235417247164,0.12610158076879846,119,17.24439332949971,0.3421506612995975,0.6134453781512605,69.4274628645414,2.9187904570989978,0.1155561677199517,0.8878128092413052,-0.1671847423650502,0.691188478597127,-0.0209806447315124,-0.06853006794113059,-0.570075883059878,11.0
V16,PB/C>MA200/c<min3/ma5/none,PB,200,c<min3,ma5,none,158,16.145985401459853,0.23884833738848338,0.620253164556962,-8.224354369319475,-0.5997102909778524,-0.015804133705411005,-0.17559153299144312,-0.2952424905062727,-0.05352933339070052,111,16.911729141475213,0.22732769044740025,0.6396396396396397,27.07687246526355,0.7549374937673793,0.03521900945029244,0.27029742724114797,-0.31974836215474345,0.11014601986686037,80,15.123780945236309,0.21005251312828208,0.5625,-33.97680336944139,-1.2071728981193184,-0.05409730096420706,-0.4734462757742676,-0.3191499559415695,-0.16950433474009718,126,18.25876940770558,0.25704427832087406,0.7222222222222222,40.15908076434444,1.8735995000008667,0.0697670206940404,0.5912237831527813,-0.22948186713268026,0.3040197535681674,-0.03644577564419049,-0.1797523283600579,-0.5215480163154863,15.0
V17,PB/C>MA200/c<min3/rsi70/none,PB,200,c<min3,rsi70,none,141,14.40875912408759,0.27169505271695055,0.6382978723404256,-8.835417103730142,-0.5473062082015897,-0.015513180733647935,-0.16171253787409534,-0.3225962102316806,-0.048088539919631274,100,15.235792019347038,0.2599758162031439,0.65,35.69854655984833,0.8775077898935522,0.04341004004139659,0.30872684384082283,-0.36442113330862425,0.11912053411192568,71,13.422355588897224,0.24306076519129782,0.5915492957746479,-33.22059448743589,-0.9807335216627013,-0.048700849455506234,-0.3981274229124924,-0.36442113330862425,-0.13363892761472213,119,17.24439332949971,0.2777458309373203,0.7310924369747899,54.03111317360568,2.1874455235203727,0.09105808759461609,0.7294125570759453,-0.22328238756513252,0.4078158093327178,-0.03531787415264209,-0.16175570387310859,-0.5721303604225996,13.0
V18,PB/C>MA200/c<min3/n5/none,PB,200,c<min3,n5,none,142,14.510948905109489,0.2871046228710462,0.4788732394366197,-19.134344542128588,-1.0000464828537594,-0.028735155624973197,-0.35537032887848047,-0.38713770413217397,-0.07422463717241716,96,14.626360338573157,0.2920193470374849,0.5729166666666666,98.66172371131438,1.9369007439298669,0.138225780722534,0.7289660467713633,-0.23393615733525552,0.5908696727220396,70,13.23330832708177,0.26406601650412603,0.5142857142857142,14.550557449015663,0.5645731260618659,0.01163650530844107,0.16342062752473446,-0.1579401168832928,0.07367669176185092,115,16.66474985623922,0.33064979873490513,0.6086956521739131,50.74218516708968,1.6532005019039127,0.07894000632924159,0.6309638371699362,-0.28954081490740213,0.2726386135042389,-0.04544364390763456,-0.243484156019997,-0.647383848276119,18.0
V19,BO/C>MA200/hi20/lo10/none,BO,200,hi20,lo10,none,51,5.211678832116788,0.3361719383617194,0.3333333333333333,1.6777825798684851,0.033564908859558935,-0.001475013643223777,0.013325067372404149,-0.24481182348467856,-0.00602509152633345,27,4.113663845223701,0.34159613059250304,0.5185185185185185,426.735851602503,1.6921699433033848,0.15190912871455087,0.8923580140060532,-0.28257268384166667,0.5375931128561237,21,3.9699924981245314,0.2813203300825206,0.5238095238095238,198.86669771579528,1.8330091605748562,0.045225598247621734,0.5021789315787759,-0.1516341760848432,0.29825465086654906,31,4.492236917768833,0.4117308798159862,0.5161290322580645,236.31572040740403,2.6010487048268134,0.10237826677538697,0.8943883267379751,-0.18250732244386647,0.5609542970906021,-0.0066657585619839255,0.019638020915136462,-0.45327303177634903,
V20,BO/MA없음/hi20/lo10/none,BO,0,hi20,lo10,none,61,6.233576642335766,0.41686942416869427,0.3770491803278688,14.851569662987606,0.3538843448350344,0.0061153929664110596,0.1153308150090354,-0.23242060431863887,0.026311750562472133,33,5.0278113663845225,0.42140266021765416,0.5151515151515151,390.7915764792343,1.7033150152708718,0.17386145610890624,0.967917568195138,-0.28257268384166656,0.6152804784425862,27,5.104276069017255,0.3803450862715679,0.5185185185185185,205.57239565106855,1.7174286508026573,0.06999801513954429,0.6567863960868761,-0.19071543386362833,0.3670285813868457,38,5.506612995974698,0.4824611845888442,0.47368421052631576,176.4805396016608,1.981877333110318,0.08870413187403825,0.6826153775949884,-0.18048071369601248,0.49148814883037595,0.006093911065358615,0.1191445574908981,-0.43996425840057585,
V21,BO/C>MA200/hi20/lo20/none,BO,200,hi20,lo20,none,36,3.6788321167883207,0.45174371451743717,0.3611111111111111,-1.5764995161894813,-0.018656641832103006,-0.006346216034713192,-0.0354791074669698,-0.3231584310509382,-0.019638095203256087,18,2.742442563482467,0.466142684401451,0.5,854.1292360347356,1.5386094884558081,0.20853254012338374,1.0129803073659978,-0.23809236307468162,0.8758472444493066,16,3.024756189047262,0.3840960240060015,0.4375,545.3817292884883,1.4453580436314086,0.05867501472782766,0.5528132355011618,-0.18488966722234945,0.31735150811464613,20,2.8982173663024726,0.48591144335825187,0.6,402.22413804241137,3.0950439015138898,0.11574725639178296,0.8708242455570785,-0.1883385627803814,0.6145701373263318,-0.03077930184271238,-0.10788380636626517,-0.5934158512215058,
V22,BO/MA없음/hi20/lo20/none,BO,0,hi20,lo20,none,42,4.291970802919708,0.5583941605839416,0.38095238095238093,29.186263955373164,0.39967022084988724,0.006113047685494699,0.11119282142025011,-0.2815925554021289,0.021708839840474288,22,3.3518742442563485,0.5580411124546554,0.5454545454545454,781.7249848937842,1.508394122706939,0.23537681843330294,1.0891529515509264,-0.2380923630746814,0.9885945747847162,20,3.780945236309077,0.4981245311327832,0.5,527.4865543826911,1.4055071991353396,0.0879310124524435,0.712528468810501,-0.20295185064065524,0.43326046140930924,24,3.477860839562967,0.5738930419781484,0.5833333333333334,420.8381445924315,3.850589411190192,0.13950838121387577,0.8972790893344149,-0.2226322216006703,0.6266315819464281,-0.011791225671958672,0.03809415515516533,-0.5481517038780817,
V23,BO/C>MA200/hi20/atr3/none,BO,200,hi20,atr3,none,38,3.8832116788321165,0.42416869424168696,0.34210526315789475,-15.342342124940705,-0.19357668028049752,-0.012987117341953902,-0.12431489574652327,-0.3138950950234983,-0.04137406906909992,21,3.199516324062878,0.3996372430471584,0.47619047619047616,659.5760785817124,1.4971422116783064,0.17749556723427062,0.9805240848561299,-0.2825726838416668,0.6281412796918695,18,3.4028507126781697,0.32408102025506375,0.4444444444444444,411.088985230861,1.462688459254157,0.0361804887988757,0.3971417056372198,-0.18666194469556652,0.19382895028702138,18,2.6083956296722253,0.48303622771707877,0.6666666666666666,570.5496584473733,4.7983699589915245,0.1503189001908849,1.1343814302979667,-0.14882268529368614,1.0100536749101532,-0.043627500725881285,-0.20249748881810795,-0.580502805971442,
V24,BO/MA없음/hi20/atr3/none,BO,0,hi20,atr3,none,44,4.4963503649635035,0.5308191403081914,0.36363636363636365,10.121113846960158,0.1528833532973891,-0.0030961620748480856,0.014000287739523767,-0.3154267922903481,-0.0098157865803552,25,3.8089480048367594,0.49455864570737607,0.52,622.1222355362823,1.5103392997494374,0.20387020147143997,1.063320446196583,-0.2825726838416669,0.7214788021961598,22,4.1590397599399855,0.4418604651162791,0.5,413.7072714702999,1.4900657116363845,0.06505609201745743,0.5870035487996335,-0.20863053896807338,0.31182439703811976,23,3.332949971247843,0.5738930419781484,0.6086956521739131,460.6509509056216,3.593829142530049,0.14758864304639996,0.9608112143003588,-0.19161680782920942,0.7702280646379813,-0.029307913837291255,-0.06491112767767966,-0.5849688415328862,
V25,BO/C>MA200/hi55/lo10/none,BO,200,hi55,lo10,none,41,4.18978102189781,0.25385239253852393,0.34146341463414637,-19.716054911879645,-0.4063366274796784,-0.00969159582406065,-0.1428522296620413,-0.1792997248324515,-0.05405248576436503,23,3.5042321644498187,0.27388149939540507,0.4782608695652174,434.8450164847606,1.5152903318096813,0.13320730977313056,0.8247756231477115,-0.23529910355807415,0.5661190704037411,18,3.4028507126781697,0.21680420105026257,0.4444444444444444,163.55776990693914,1.5457748148869366,0.023533399020922552,0.30358887721787225,-0.1902976327585051,0.1236662730891,31,4.492236917768833,0.37492811960897066,0.45161290322580644,153.3168666878805,2.1481380708372257,0.06401333110878715,0.6019563382246734,-0.1863076499738282,0.34358938625321883,-0.01906670774601993,-0.11738823145730871,-0.3445290513005643,
V26,BO/MA없음/hi55/lo10/none,BO,0,hi55,lo10,none,43,4.394160583941606,0.2725060827250608,0.3488372093023256,-19.955843224452025,-0.45473608920348324,-0.010453501725177117,-0.13806108893303642,-0.1992831078163555,-0.05245553343542939,24,3.6565900846432893,0.2799274486094317,0.4583333333333333,426.57727358404867,1.4931158262812299,0.13741709391609658,0.8446559219105325,-0.23529910355807415,0.5840102738945653,19,3.5918979744936235,0.2243060765191298,0.42105263157894735,167.3925813259252,1.4580058925797081,0.028253506282598595,0.35121976779890157,-0.1869816728795055,0.15110307789793753,34,4.926969522714203,0.4048303622771708,0.47058823529411764,100.50273089288713,1.302252077651303,0.04171741437379306,0.39083803761462843,-0.18048071369601248,0.2311461070796661,-0.02151192517472844,-0.11649052840052897,-0.37936088301461224,
V27,BO/C>MA200/hi55/lo20/none,BO,200,hi55,lo20,none,27,2.759124087591241,0.35117599351175993,0.4074074074074074,-15.47557390676714,-0.23649726275983426,-0.009210763775780895,-0.09737530424279779,-0.22436863563008758,-0.041051922207908376,16,2.437726723095526,0.38814993954050786,0.4375,817.4946896943987,1.4953948210526975,0.17820973578495303,0.9136660482414942,-0.23687040421496863,0.7523512123668312,14,2.646661665416354,0.31207801950487624,0.35714285714285715,520.8897874228909,1.3422818455507528,0.035319539907016306,0.37547339432754173,-0.23687040421496863,0.1491091300497065,20,2.8982173663024726,0.44968372627947095,0.45,283.4753333279482,2.438864167696486,0.07875047404806623,0.6320262338130953,-0.1921117822715892,0.40992006381334994,-0.03281920978938657,-0.17250557566939714,-0.47000698705100574,
V28,BO/MA없음/hi55/lo20/none,BO,0,hi55,lo20,none,29,2.963503649635036,0.3734793187347932,0.41379310344827586,-29.431392788179036,-0.5214831796752472,-0.014036613442854451,-0.14766519797808633,-0.260556775736263,-0.05387161167922337,17,2.5900846432889963,0.3941958887545345,0.4117647058823529,784.7754046667428,1.4499747981765707,0.18258670072333527,0.9304991067351954,-0.23142115588401513,0.7889801605469685,15,2.835708927231808,0.31957989497374345,0.3333333333333333,503.58159120964825,1.2871800667360893,0.04009399991305562,0.41523138972649015,-0.23142115588401513,0.17325123003512324,21,3.0431282346175963,0.48936170212765956,0.5238095238095238,310.1216790277384,2.6507973299508585,0.08927925626722222,0.6573072588557471,-0.23832751222909598,0.37460742753610904,-0.04421760700982169,-0.22453523991029695,-0.5273042277728466,
V29,BO/C>MA200/hi55/atr3/none,BO,200,hi55,atr3,none,28,2.8613138686131383,0.32968369829683697,0.39285714285714285,-11.149725828001774,-0.16152865525537252,-0.00928518214651497,-0.10624125989600842,-0.20106511988792275,-0.0461799746852696,19,2.894800483675937,0.3222490931076179,0.5263157894736842,607.7697404204765,1.4210113567945508,0.14847601561730372,0.8736480704182963,-0.23529910355807404,0.6310096952012333,16,3.024756189047262,0.2528132033008252,0.5,374.375045095029,1.3012714332837405,0.01389579576697142,0.19323890834504764,-0.23234606677541958,0.0598064600783743,18,2.6083956296722253,0.44680851063829785,0.5,436.8129941068685,3.92151703674766,0.11217576541513452,0.8905944272575101,-0.15277960462858176,0.7342325939895047,-0.03061063151417176,-0.1692092246356683,-0.4184144138168001,
V30,BO/MA없음/hi55/atr3/none,BO,0,hi55,atr3,none,30,3.065693430656934,0.3519870235198702,0.36666666666666664,-25.0898084921473,-0.40331332537215836,-0.0141106693430888,-0.15735847357089647,-0.244064476354536,-0.057815334512635846,20,3.0471584038694077,0.3343409915356711,0.5,578.5799954794254,1.3551636931461126,0.14886793507819496,0.8719568665344329,-0.24376210316474844,0.6107099222785317,17,3.2138034508627156,0.2678169542385596,0.47058823529411764,353.7632684188188,1.2081467430757642,0.014325125948111417,0.19547406461723907,-0.24376210316474844,0.05876682947073882,20,2.8982173663024726,0.48533640023001723,0.55,367.9632766146682,3.5179472236738443,0.10124417419170229,0.7551830986113146,-0.2085545213496216,0.485456625617702,-0.04203505722145051,-0.2228731080321336,-0.4823699193553119,
V31,FL/C>MA200/rsi2<10/ma5/veto20,FL,200,rsi2<10,ma5,veto20,51,5.211678832116788,0.07502027575020276,0.7254901960784313,29.10350414150819,1.2884614068053697,0.014579532257286365,0.34815221562173687,-0.10349596795277882,0.1408705338544052,38,5.789600967351874,0.07980652962515115,0.6578947368421053,75.0775267364446,1.234546840780909,0.04044083419654032,0.3373584016559741,-0.22948559945774283,0.17622384276877923,29,5.482370592648162,0.07351837959489872,0.5862068965517241,8.747809999015082,0.14495206568172794,0.0033644351021304697,0.0835558800634249,-0.14961756494760037,0.022486899204039144,54,7.825186889016676,0.1242093156986774,0.7592592592592593,80.25920836922975,2.2466784129187882,0.0614727646417248,0.6877470773246287,-0.13022490555016986,0.4720507523658144,0.02718725303598135,0.36333100656826095,-0.19954901249548274,
V32,FL/C>MA200/rsi2<10/rsi70/veto20,FL,200,rsi2<10,rsi70,veto20,50,5.10948905109489,0.09367396593673966,0.76,38.106502056745896,1.2712457987432872,0.018783952598177667,0.4047379077985283,-0.1234059845766089,0.15221265534749512,37,5.637243047158404,0.09854897218863362,0.6756756756756757,99.139525074788,1.4636203062658308,0.053104128914800874,0.4153651773854032,-0.22948559945774305,0.2314050600137084,28,5.293323330832708,0.09152288072018004,0.6071428571428571,25.19289617534104,0.3614901240875379,0.011720638029235175,0.200237663743398,-0.16541156882760266,0.07085742619037008,54,7.825186889016676,0.12938470385278897,0.7777777777777778,99.96358452347368,2.661902622349278,0.07726054244181846,0.8295666481768652,-0.13022490555016952,0.5932854557690856,0.0449068428629511,0.5229346077027857,-0.2312339283457302,
V33,FL/C>MA200/rsi2<10/n5/veto20,FL,200,rsi2<10,n5,veto20,54,5.518248175182482,0.10948905109489052,0.5555555555555556,38.99001676820618,1.8361973607432034,0.020781338329047605,0.42090948675268336,-0.09635992248307523,0.215663709491855,38,5.789600967351874,0.11487303506650544,0.631578947368421,148.54891634111635,1.8107928848619907,0.08440782938799107,0.6134632506764505,-0.15230631471146372,0.5541978318357794,29,5.482370592648162,0.10877719429857464,0.5862068965517241,52.7739843657407,0.7177808387380082,0.02636845339929139,0.38964631687920503,-0.15178195164981856,0.173725881850083,56,8.115008625646922,0.16101207590569291,0.6607142857142857,157.88476180818319,3.447517203341482,0.13098655687480343,1.3194792221017302,-0.08932825037262537,1.4663508613277871,0.03630997662937907,0.40453279788084906,-0.19349835957943828,
V34,FL/C>MA200/ibs<0.2/ma5/veto20,FL,200,ibs<0.2,ma5,veto20,141,14.40875912408759,0.14801297648012976,0.6595744680851063,6.546245985439466,0.4948888387564529,0.007720473827453445,0.157929338593991,-0.20756470762941637,0.03719550358839177,104,15.84522370012092,0.16384522370012092,0.6826923076923077,65.93748013758047,1.9170115649551231,0.10428278930939228,0.6154700136899395,-0.26523482780912977,0.39317155356549566,69,13.044261065266317,0.14103525881470366,0.6376811594202898,3.8593599240688916,0.13845604732874864,0.003399816877853956,0.0831775021025406,-0.2232924950171601,0.015225844816650373,144,20.867165037377802,0.23691776883266244,0.6736111111111112,41.70866058521719,2.7105830321300215,0.08472660256927234,0.7418291646157579,-0.16911649630098735,0.5009954937718142,0.009954000358949777,0.143065941135423,-0.39717719398209883,1.0
V35,FL/C>MA200/ibs<0.2/rsi70/veto20,FL,200,ibs<0.2,rsi70,veto20,129,13.182481751824817,0.19140308191403083,0.6511627906976745,-0.4175971396050896,-0.027298201504432528,-0.002538623558489772,-0.0039048405047723347,-0.26848127488258977,-0.009455495768186977,97,14.778718258766627,0.2007255139056832,0.7216494845360825,94.1322550421247,2.159834559004492,0.1412470578889653,0.77845765918248,-0.26523482780912966,0.5325358628641733,64,12.099024756189047,0.17479369842460615,0.671875,9.918541407425133,0.3087869715002977,0.009505505444412643,0.14922424164424905,-0.19057424435085446,0.049878227127652386,131,18.983323749281194,0.261644623346751,0.6946564885496184,52.07588956485821,2.647372059840328,0.09736833857346494,0.820793984892067,-0.19177725732254736,0.5077157736681079,-0.006003239386322523,0.019111316926324437,-0.48942690528450405,6.0
V36,FL/C>MA200/ibs<0.2/n5/veto20,FL,200,ibs<0.2,n5,veto20,116,11.854014598540145,0.23438767234387672,0.5172413793103449,3.4479660906364256,0.18215510182224293,0.0031891867175002364,0.08101683975917523,-0.283691542517689,0.011241740551011953,93,14.169286577992745,0.28234582829504234,0.6129032258064516,97.84668919993763,1.4261646701475963,0.12724826297607184,0.7051358593125145,-0.21808650368360272,0.5834761015779413,62,11.720930232558139,0.23405851462865718,0.5483870967741935,-5.637312294227118,-0.12722879689565786,-0.014083332959386685,-0.08105887311413836,-0.21543946081717213,-0.06537025717557932,119,17.24439332949971,0.3421506612995975,0.6134453781512605,69.4274628645414,2.9187904570989978,0.1155561677199517,0.8878128092413052,-0.1671847423650502,0.691188478597127,0.007437855159718065,0.12273125757504538,-0.5026370181022207,3.0
V37,FL/C>MA200/c<min3/ma5/veto20,FL,200,c<min3,ma5,veto20,134,13.693430656934305,0.18329278183292783,0.6417910447761194,-1.5811945510088379,-0.1146384904423559,-0.004407672971184717,-0.02960806765455424,-0.23374648735865877,-0.018856638322105,84,12.798065296251512,0.16686819830713423,0.6547619047619048,51.6654520288358,1.1003395548080495,0.05868666322851657,0.39436174698062637,-0.3197483621547438,0.1835401527408446,59,11.153788447111777,0.1522880720180045,0.576271186440678,-16.006896784115412,-0.56118881762547,-0.019647910475665276,-0.18903802839971545,-0.19763007121472587,-0.09941761572467249,126,18.25876940770558,0.25704427832087406,0.7222222222222222,40.15908076434444,1.8735995000008667,0.0697670206940404,0.5912237831527813,-0.22948186713268026,0.3040197535681674,-0.00945081897554123,-0.003221942968037698,-0.42314806339567,9.0
V38,FL/C>MA200/c<min3/rsi70/veto20,FL,200,c<min3,rsi70,veto20,120,12.262773722627736,0.21532846715328466,0.6666666666666666,1.8456336845629635,0.1161999115115833,-8.214947597084965e-05,0.0354232021849738,-0.24875896662829722,-0.00033023724565313763,77,11.731559854897219,0.19407496977025393,0.7012987012987013,66.32932211008848,1.287704298303162,0.07066319799274323,0.45270462446270726,-0.31974836215474356,0.22099627818748757,54,10.20855213803451,0.17929482370592648,0.6296296296296297,-8.797286654057435,-0.24312901225354908,-0.011459726892570576,-0.08530778089763552,-0.229348772416054,-0.04996637554170932,119,17.24439332949971,0.2777458309373203,0.7310924369747899,54.03111317360568,2.1874455235203727,0.09105808759461609,0.7294125570759453,-0.22328238756513252,0.4078158093327178,0.0006801919012719981,0.07556284346529853,-0.45659516610849116,5.0
V39,FL/C>MA200/c<min3/n5/veto20,FL,200,c<min3,n5,veto20,119,12.160583941605838,0.24047039740470397,0.5042016806722689,-10.850137978408238,-0.5261943708471931,-0.014131637300972333,-0.16897107665762554,-0.29552717603189227,-0.047818401984957536,75,11.426844014510278,0.22853688029020555,0.5333333333333333,95.26814366913575,1.391886137182029,0.10138030085010086,0.5829839880219024,-0.23393615733525563,0.43336738537947345,53,10.019504876219054,0.2003000750187547,0.4528301886792453,-17.643204406844404,-0.5956441081738528,-0.024071265353798887,-0.21986018666925058,-0.22890194650214835,-0.10515972328602705,115,16.66474985623922,0.33064979873490513,0.6086956521739131,50.74218516708968,1.6532005019039127,0.07894000632924159,0.6309638371699362,-0.28954081490740213,0.2726386135042389,-0.011913063790901957,-0.018615745756892926,-0.5230853300619556,14.0
V40,FL/C>MA200/hi20/lo20/veto20,FL,200,hi20,lo20,veto20,36,3.6788321167883207,0.4448499594484996,0.3611111111111111,-8.107933835389822,-0.09853155956638027,-0.008661794624578723,-0.06443017975291747,-0.32285290521481924,-0.026828919562657656,18,2.742442563482467,0.466142684401451,0.5,854.1292360347356,1.5386094884558081,0.20853254012338374,1.0129803073659978,-0.23809236307468162,0.8758472444493066,16,3.024756189047262,0.3840960240060015,0.4375,545.3817292884883,1.4453580436314086,0.05867501472782766,0.5528132355011618,-0.18488966722234945,0.31735150811464613,20,2.8982173663024726,0.48591144335825187,0.6,402.22413804241137,3.0950439015138898,0.11574725639178296,0.8708242455570785,-0.1883385627803814,0.6145701373263318,-0.03531640556105553,-0.138101280364043,-0.6089354307972425,
V41,FL/C>MA200/hi20/atr3/veto20,FL,200,hi20,atr3,veto20,38,3.8832116788321165,0.4172749391727494,0.34210526315789475,-21.578835381633862,-0.2814777967563556,-0.015287220190537965,-0.15493047400381554,-0.3135853877236292,-0.048749784872026566,21,3.199516324062878,0.3966142684401451,0.47619047619047616,636.7467827796465,1.4770030407930579,0.16778623143896731,0.9375102261355063,-0.31480625411237184,0.5329825225742659,18,3.4028507126781697,0.3210802700675169,0.4444444444444444,406.2614401675046,1.4477054414929633,0.034541175715744776,0.3827443075372442,-0.18666194469556507,0.18504669375474178,18,2.6083956296722253,0.48303622771707877,0.6666666666666666,570.5496584473733,4.7983699589915245,0.1503189001908849,1.1343814302979667,-0.14882268529368614,1.0100536749101532,-0.04810445961752219,-0.23447222275627555,-0.5880669279774886,
V42,FL/C>MA200/hi55/lo20/veto20,FL,200,hi55,lo20,veto20,27,2.759124087591241,0.35117599351175993,0.4074074074074074,-15.47557390676714,-0.23649726275983426,-0.009210763775780895,-0.09737530424279779,-0.22436863563008758,-0.041051922207908376,16,2.437726723095526,0.38814993954050786,0.4375,817.4946896943987,1.4953948210526975,0.17820973578495303,0.9136660482414942,-0.23687040421496863,0.7523512123668312,14,2.646661665416354,0.31207801950487624,0.35714285714285715,520.8897874228909,1.3422818455507528,0.035319539907016306,0.37547339432754173,-0.23687040421496863,0.1491091300497065,20,2.8982173663024726,0.44968372627947095,0.45,283.4753333279482,2.438864167696486,0.07875047404806623,0.6320262338130953,-0.1921117822715892,0.40992006381334994,-0.03281920978938657,-0.17250557566939714,-0.47000698705100574,
V43,FL/C>MA200/hi55/atr3/veto20,FL,200,hi55,atr3,veto20,28,2.8613138686131383,0.32968369829683697,0.39285714285714285,-11.149725828001774,-0.16152865525537252,-0.00928518214651497,-0.10624125989600842,-0.20106511988792275,-0.0461799746852696,19,2.894800483675937,0.3192261185006046,0.5263157894736842,582.5373608497723,1.3937549955588462,0.13900596783218,0.8285961182407893,-0.2696566468608884,0.5154924584666032,16,3.024756189047262,0.24981245311327832,0.5,368.94405689875305,1.2840104429900994,0.012291738693035459,0.17684778851021138,-0.23234606677541836,0.052902719050184906,18,2.6083956296722253,0.44680851063829785,0.5,436.8129941068685,3.92151703674766,0.11217576541513452,0.8905944272575101,-0.15277960462858176,0.7342325939895047,-0.03061063151417176,-0.1692092246356683,-0.4184144138168001,
V44,FL/C>MA200/rsi2<10/ma5/conf60,FL,200,rsi2<10,ma5,conf60,14,1.4306569343065692,0.019464720194647202,0.6428571428571429,-16.64258722186055,-0.41189782671713027,-0.0025378698003786226,-0.10273997760144676,-0.07662077556727387,-0.03312247600718092,17,2.5900846432889963,0.042926239419588876,0.6470588235294118,29.505487252213282,0.5910610861093257,0.0050700812353112745,0.10172259738023201,-0.22948559945774316,0.0220932435294044,13,2.4576144036009,0.03825956489122281,0.6153846153846154,-1.8874208566472293,-0.027603645772088504,-0.0014407541459602324,-0.0018566159139935896,-0.08776126210480117,-0.01641674369085233,0,0.0,0.0,,,,0.0,,0.0,,-0.007592158361065304,-0.14666842653905882,-0.16091545781534755,
V45,FL/C>MA200/rsi2<10/rsi70/conf60,FL,200,rsi2<10,rsi70,conf60,14,1.4306569343065692,0.026358475263584754,0.6428571428571429,21.323734024440512,0.6210971410820206,0.002933224276911117,0.12596255268104806,-0.06506486295492409,0.045081540845528394,17,2.5900846432889963,0.05078597339782346,0.6470588235294118,44.81036749277181,0.917090615454447,0.008954055008908668,0.1297630403251239,-0.22948559945774294,0.03901793851146399,13,2.4576144036009,0.04426106526631658,0.6153846153846154,2.6620442877564825,0.03773743636144268,-0.0003796913720149897,0.019593055990973555,-0.08761359331143503,-0.004333703911279184,0,0.0,0.0,,,,0.0,,0.0,,0.003490512052605421,0.09318113817856728,-0.13050570962479602,
V46,FL/C>MA200/rsi2<10/n5/conf60,FL,200,rsi2<10,n5,conf60,14,1.4306569343065692,0.028386050283860504,0.6428571428571429,26.64980349260565,0.4705817316350831,0.003548662032642147,0.1508501709623036,-0.06613585958159074,0.05365715445588516,17,2.5900846432889963,0.051390568319226115,0.5294117647058824,97.95536882020639,1.1784075975735948,0.022838636030687143,0.23148897333440452,-0.15230631471146405,0.14995199689490016,13,2.4576144036009,0.04876219054763691,0.5384615384615384,-7.984365636795644,-0.17174618746788928,-0.003458840808740371,-0.03678427648732005,-0.11713717465033513,-0.029528122212827124,0,0.0,0.0,,,,0.0,,0.0,,0.004879723797659885,0.11961280230469779,-0.14154646844572538,
V47,FL/C>MA200/ibs<0.2/ma5/conf60,FL,200,ibs<0.2,ma5,conf60,37,3.7810218978102186,0.042984590429845905,0.43243243243243246,-46.478717440857146,-1.8035956842167225,-0.01784978521121694,-0.7002109139336525,-0.1782070747007709,-0.10016316827594345,53,8.07496977025393,0.07315598548972188,0.7169811320754716,149.3689070388082,2.6580507455538984,0.12253839743304806,0.8023046005621154,-0.17256236090378685,0.7101108074278728,29,5.482370592648162,0.04576144036009002,0.6206896551724138,41.71555077036895,1.4006042358261148,0.022529981089794093,0.5340278032516046,-0.06623412916928895,0.3401566740948511,0,0.0,0.0,,,,0.0,,0.0,,-0.03883884987203701,-0.7659999735635978,-0.3479780433079297,
V48,FL/C>MA200/ibs<0.2/rsi70/conf60,FL,200,ibs<0.2,rsi70,conf60,36,3.6788321167883207,0.057177615571776155,0.4722222222222222,-43.45551596981751,-1.5067949581614515,-0.016369550809747557,-0.5471021939989896,-0.17433365192604877,-0.09389782539914564,51,7.770253929866989,0.09371221281741234,0.7254901960784313,178.0754657489905,2.618190642547382,0.141417310062953,0.8881653694220472,-0.17256236090378674,0.8195142284927426,27,5.104276069017255,0.0622655663915979,0.6296296296296297,38.85934776647328,1.1675602560705785,0.01922468277849565,0.4242008189785443,-0.06623412916928895,0.290253424021911,0,0.0,0.0,,,,0.0,,0.0,,-0.03622640501245189,-0.6054772906896086,-0.3408097850411126,
V49,FL/C>MA200/ibs<0.2/n5/conf60,FL,200,ibs<0.2,n5,conf60,34,3.4744525547445253,0.0689375506893755,0.35294117647058826,-57.28042146142865,-2.147159794725083,-0.02028561639973303,-0.6250298048326485,-0.20052659055954836,-0.10116172794405047,49,7.465538089480049,0.14812575574365175,0.6326530612244898,224.72348461356958,2.1915216576707115,0.17050215304939376,0.9796362109823352,-0.11619917185254347,1.467326748815049,27,5.104276069017255,0.10127531882970743,0.5555555555555556,25.638725734253203,1.1918529786348173,0.011885414260420557,0.2293844794457251,-0.1021886765318476,0.1163085252084306,0,0.0,0.0,,,,0.0,,0.0,,-0.0444462376217728,-0.6746574068214153,-0.39013895615592253,
V50,FL/C>MA200/c<min3/ma5/conf60,FL,200,c<min3,ma5,conf60,40,4.087591240875912,0.06082725060827251,0.55,-40.369589780100405,-1.6258137375810444,-0.01698532020807142,-0.5237508821227989,-0.17566002276488124,-0.09669428445199543,46,7.008464328899637,0.07980652962515115,0.6521739130434783,91.23450892747523,1.2827577193208766,0.05905924826940634,0.4356124628353412,-0.2037769100542045,0.2898230631414355,31,5.8604651162790695,0.06676669167291822,0.5806451612903226,1.930361250998142,0.05010203639107741,-0.00036754255839077654,0.026364251495429487,-0.10916657942776109,-0.0033668047521264585,0,0.0,0.0,,,,0.0,,0.0,,-0.03848518390797706,-0.5968312762560568,-0.3456589746162978,
V51,FL/C>MA200/c<min3/rsi70/conf60,FL,200,c<min3,rsi70,conf60,38,3.8832116788321165,0.07745336577453366,0.5526315789473685,-33.92010690263387,-1.3080096250059068,-0.01369198650403114,-0.36228206690849063,-0.157109890290958,-0.08714910613631267,44,6.703748488512697,0.10157194679564692,0.6818181818181818,104.51708644908598,1.3521042249350472,0.06547876304375078,0.4703198853024043,-0.2035778250474194,0.3216399577336029,29,5.482370592648162,0.08702175543885972,0.6206896551724138,-5.542246461904093,-0.12102733058113166,-0.004791333882309123,-0.03928291902274696,-0.14681285267615785,-0.03263565685817661,0,0.0,0.0,,,,0.0,,0.0,,-0.03250611919978674,-0.42585196699283706,-0.3229885623501956,
V52,FL/C>MA200/c<min3/n5/conf60,FL,200,c<min3,n5,conf60,39,3.9854014598540144,0.07907542579075426,0.48717948717948717,-33.429663140200965,-1.1094147988356422,-0.013964633929962611,-0.3823613669382976,-0.14857780865754655,-0.09398869222892742,46,7.008464328899637,0.13905683192261184,0.5434782608695652,136.703975411013,1.3963359936479938,0.0913954143427842,0.5978889572178504,-0.17606170350620653,0.5191101331105905,31,5.8604651162790695,0.11627906976744186,0.5161290322580645,-7.883242087693622,-0.2689731849544901,-0.006258245056807388,-0.052561788404069644,-0.12225830615694833,-0.05118871063675138,0,0.0,0.0,,,,0.0,,0.0,,-0.03119303955222552,-0.41296893688557196,-0.30146311530371517,
V53,FL/C>MA200/hi20/lo20/conf60,FL,200,hi20,lo20,conf60,27,2.759124087591241,0.3146796431467964,0.37037037037037035,-39.80489634470959,-0.5640428131194828,-0.011641199409550773,-0.15499078062057153,-0.23330229504919942,-0.0498974920375123,18,2.742442563482467,0.4498186215235792,0.5,776.134703260788,1.4201371248341716,0.1847993106604977,0.9235590752663577,-0.2380923630746815,0.7761664770513131,16,3.024756189047262,0.3735933983495874,0.4375,470.03859307725827,1.3002773687149698,0.035811409030606534,0.36655739360339284,-0.21541848530862806,0.16624111426324376,0,0.0,0.0,,,,0.0,,0.0,,-0.03783967308335734,-0.24305408775939485,-0.4576190468465209,
V54,FL/C>MA200/hi20/atr3/conf60,FL,200,hi20,atr3,conf60,28,2.8613138686131383,0.2923763179237632,0.35714285714285715,-40.5976206770099,-0.517756955440129,-0.013631208555033525,-0.20176294934276123,-0.23031870085230588,-0.05918411533492745,21,3.199516324062878,0.37968561064087064,0.42857142857142855,586.3531558937617,1.3383238293693325,0.15029170049590412,0.8619243429719061,-0.2943973987805296,0.5105062107153505,18,3.4028507126781697,0.31057764441110275,0.3888888888888889,345.2472631316032,1.2235465899042892,0.012534635276062467,0.17414901327145918,-0.21281389679562535,0.05889951485687062,0,0.0,0.0,,,,0.0,,0.0,,-0.03810398673987714,-0.2658855766084341,-0.4429825809568688,
V55,FL/C>MA200/hi55/lo20/conf60,FL,200,hi55,lo20,conf60,22,2.2481751824817517,0.2688564476885645,0.45454545454545453,-44.93630883607912,-0.6785771040056993,-0.010455285047136664,-0.15338141663301993,-0.2079359784300444,-0.05028126987006301,16,2.437726723095526,0.3827085852478839,0.4375,739.944606928089,1.3869986088648953,0.15837180751096347,0.8316167288760657,-0.24156020669254252,0.6556204338429751,14,2.646661665416354,0.30682670667666917,0.35714285714285715,447.79339068464725,1.222103008712949,0.01708681737093043,0.2124107758127991,-0.24156020669254252,0.07073523244943446,0,0.0,0.0,,,,0.0,,0.0,,-0.033051408035620455,-0.23201019310069362,-0.4246983459459053,
V56,FL/C>MA200/hi55/atr3/conf60,FL,200,hi55,atr3,conf60,23,2.3503649635036497,0.24695863746958638,0.391304347826087,-40.75415632074109,-0.5185266699315751,-0.01128288579080905,-0.18457200756156067,-0.19930978767702778,-0.05660979283713071,19,2.894800483675937,0.3137847642079806,0.47368421052631576,537.3550184664268,1.2680894848252073,0.12578839014995413,0.7644203959089465,-0.24790298678116973,0.5074097403311673,16,3.024756189047262,0.245311327831958,0.4375,313.73607788932355,1.0919061019923015,-0.0045026246669903625,-0.0026623839673901883,-0.23286297077547147,-0.019335941012844988,0,0.0,0.0,,,,0.0,,0.0,,-0.03215062495395815,-0.2475607469044032,-0.3823575518792349,
