asset,entry,exit,days,entry_px,exit_px,gross_bp,net_bp
069500,2003-06-09,2003-06-10,1,5352.0,5413.0,113.97608370702584,108.91972778867665
069500,2003-06-12,2003-06-13,1,5550.0,5592.0,75.67567567567491,70.63846756756753
069500,2003-06-24,2003-06-27,3,5592.0,5781.0,337.98283261802675,332.8144873256456
069500,2003-06-30,2003-07-02,2,5708.0,5735.0,47.302032235458924,42.279009175718585
069500,2003-07-04,2003-07-07,1,5781.0,5919.0,238.71302542812555,233.59430883497456
069500,2003-07-11,2003-07-15,2,5876.0,6102.0,384.6153846153855,379.4237259615385
069500,2003-07-16,2003-07-18,1,6057.0,5970.0,-143.6354631005443,-148.56302934621036
069500,2003-07-21,2003-07-25,4,5949.0,5913.0,-60.51437216338829,-65.48349375945506
069500,2003-07-31,2003-08-04,2,6050.0,6146.0,158.67768595041244,153.59898202479184
069500,2003-08-05,2003-08-06,1,6135.0,6084.0,-83.12958435207851,-88.08739975550095
069500,2003-08-11,2003-08-14,3,5949.0,6084.0,226.928895612708,221.8160703479577
069500,2003-08-21,2003-08-22,1,6298.0,6428.0,206.41473483645535,201.31216536995788
069500,2003-08-29,2003-09-01,1,6444.0,6464.0,31.036623215394687,26.021731843575147
069500,2003-09-05,2003-09-15,3,6521.0,6534.0,19.935592700506266,14.926251150131353
069500,2003-09-16,2003-09-17,1,6422.0,6552.0,202.42914979757165,197.32857287449556
069500,2003-09-19,2003-10-02,9,6515.0,6102.0,-633.9217191097468,-638.6041728702996
069500,2003-10-09,2003-10-10,1,6112.0,6283.0,279.7774869109948,274.638240653633
069500,2003-10-20,2003-10-21,1,6591.0,6742.0,229.10028827188623,223.98637744651896
069500,2003-10-30,2003-10-31,1,6753.0,6813.0,88.84940026654853,83.8056061195025
069500,2003-11-07,2003-11-10,1,6839.0,6911.0,105.27854949553995,100.2265418007009
069500,2003-11-17,2003-11-26,7,6928.0,6626.0,-435.912240184757,-440.69368630917927
069500,2003-12-08,2003-12-11,3,6693.0,6839.0,218.13835350366074,213.029922960557
069500,2003-12-12,2003-12-15,1,6903.0,7004.0,146.3131971606546,141.24067470664858
069500,2003-12-18,2003-12-22,2,6851.0,6911.0,87.57845569989709,82.5352969457005
069500,2003-12-23,2004-01-02,5,6928.0,7140.0,306.0046189376453,300.8522607534658
069500,2004-01-09,2004-01-12,1,7402.0,7463.0,82.41015941637286,77.36958448729902
069500,2004-01-29,2004-02-09,7,7599.0,7606.0,9.211738386629698,4.207758093170977
069500,2004-02-19,2004-02-20,1,7806.0,7777.0,-37.150909556751266,-42.13171142390504
069500,2004-02-25,2004-03-02,3,7677.0,7907.0,299.596196430898,294.4470420574441
069500,2004-03-04,2004-03-05,1,7964.0,8136.0,215.97187343043612,210.8645259919628
069500,2004-03-08,2004-03-18,8,8083.0,7821.0,-324.13707781764225,-328.9744045373011
069500,2004-03-23,2004-03-29,4,7574.0,7710.0,179.5616583047277,174.4725136981784
069500,2004-04-06,2004-04-07,1,7980.0,8040.0,75.18796992481258,70.1510056390986
069500,2004-04-14,2004-04-16,1,8091.0,8069.0,-27.19070572240745,-32.176487068965585
069500,2004-04-19,2004-04-21,2,7920.0,8046.0,159.09090909090872,154.0119985795463
069500,2004-04-23,2004-04-26,1,8234.0,8255.0,25.504007772649828,20.491882362763114
069500,2004-04-27,2004-05-12,10,8099.0,7010.0,-1344.6104457340414,-1348.937599549327
069500,2004-09-23,2004-10-04,4,7227.0,7428.0,278.12370278123666,272.98528331257677
069500,2004-10-13,2004-10-20,5,7462.0,7389.0,-97.82900026802488,-102.77946688220352
069500,2004-11-05,2004-11-08,1,7494.0,7608.0,152.12169735788538,147.046271016813
069500,2004-11-09,2004-11-11,2,7354.0,7448.0,127.82159369050916,122.75831588251407
069500,2004-11-17,2004-11-18,1,7652.0,7744.0,120.2300052273908,115.17052273915196
069500,2004-11-19,2004-11-25,4,7673.0,7621.0,-67.77010295842545,-72.73559714257804
069500,2004-11-26,2004-12-01,3,7608.0,7673.0,85.43638275499532,80.39429490339201
069500,2004-12-03,2004-12-06,1,7755.0,7687.0,-87.68536428110929,-92.64090207930397
069500,2004-12-08,2004-12-16,6,7463.0,7512.0,65.65724239582016,60.62504287819959
069500,2004-12-24,2004-12-29,3,7560.0,7608.0,63.49206349206327,58.46094642857125
069500,2005-01-07,2005-01-12,3,7821.0,7880.0,75.43792353919,70.40083429229016
069500,2005-01-19,2005-01-20,1,8184.0,8127.0,-69.64809384164217,-74.61264914772725
069500,2005-02-02,2005-02-04,2,8229.0,8224.0,-6.076072426783874,-11.072409770325198
069500,2005-02-23,2005-02-25,2,8522.0,8759.0,278.103731518422,272.9653220341466
069500,2005-03-09,2005-03-10,1,8800.0,8880.0,90.90909090909038,85.86426704545458
069500,2005-03-11,2005-03-14,1,8866.0,8931.0,73.31378299120229,68.27775568181815
069500,2005-03-16,2005-03-29,9,8720.0,8714.0,-6.880733944953921,-11.876669008027418
069500,2005-03-30,2005-04-04,3,8495.0,8701.0,242.4955856386113,237.37497800176533
069500,2005-04-15,2005-04-22,5,8522.0,8394.0,-150.19948368927504,-155.12376833489827
069500,2005-04-25,2005-04-26,1,8263.0,8374.0,134.33377707854356,129.26724358586438
069500,2005-04-27,2005-05-06,6,8263.0,8264.0,1.2102142079140066,-3.7897658235519494
069500,2005-05-11,2005-05-17,4,8250.0,8294.0,53.333333333334124,48.30729500000075
069500,2005-05-26,2005-05-30,2,8342.0,8529.0,224.16686645888362,219.05542203608297
069500,2005-06-03,2005-06-07,1,8631.0,8619.0,-13.903371567605127,-18.89579575078182
069500,2005-06-14,2005-06-16,2,8782.0,8886.0,118.42404919152783,113.36546956843607
069500,2005-07-06,2005-07-07,1,9010.0,8943.0,-74.36182019977755,-79.32401893729124
069500,2005-07-11,2005-07-12,1,9058.0,9237.0,197.61536763082344,192.51719729796778
069500,2005-07-13,2005-07-14,1,9196.0,9288.0,100.0434971726838,94.99410667681562
069500,2005-07-18,2005-07-19,1,9418.0,9373.0,-47.78084519006187,-52.756332753769456
069500,2005-08-04,2005-08-11,5,9886.0,9816.0,-70.80720210398516,-75.77117792838317
069500,2005-08-17,2005-08-23,4,9801.0,9905.0,106.11162126313633,101.05919708448097
069500,2005-08-29,2005-09-01,3,9466.0,9663.0,208.1132474117897,203.00982879516204
069500,2005-09-13,2005-09-14,1,10318.0,10214.0,-100.79472766039932,-105.74371159623897
069500,2005-09-26,2005-09-27,1,10455.0,10764.0,295.55236728837866,290.4052345767583
069500,2005-10-04,2005-10-05,1,10858.0,10954.0,88.41407257321742,83.37049606281121
069500,2005-10-13,2005-10-24,7,10658.0,10466.0,-180.14636892475178,-185.05568199943755
069500,2005-10-26,2005-10-27,1,10421.0,10345.0,-72.92966126091538,-77.89257598838861
069500,2005-10-28,2005-11-02,3,10188.0,10505.0,311.15037298782954,305.9954422482347
069500,2005-11-23,2005-11-24,1,11000.0,11431.0,391.81818181818204,386.622922215909
069500,2005-12-05,2005-12-06,1,11527.0,11551.0,20.82068187733155,15.810897837684745
069500,2006-01-18,2006-01-26,6,12549.0,12273.0,-219.93784365288093,-224.82726347716974
069500,2006-02-06,2006-02-13,5,12116.0,12191.0,61.90161769560998,56.87129575561389
069500,2006-02-16,2006-02-20,2,11896.0,12287.0,328.6819098856752,323.5182144733528
069500,2006-03-03,2006-03-14,7,12426.0,12151.0,-221.31015612425585,-226.1988898780787
069500,2006-03-22,2006-03-28,4,11979.0,12081.0,85.14901076884573,80.10706658527545
069500,2006-05-04,2006-05-08,1,13098.0,13275.0,135.13513513513598,130.06820101351346
069500,2006-05-23,2006-05-30,5,12090.0,12144.0,44.665012406948094,39.6433076923075
069500,2006-06-02,2006-06-19,10,12009.0,11477.0,-443.0010825214425,-447.77898466774934
069500,2006-08-18,2006-08-21,1,12229.0,12322.0,76.04873660969736,71.01134199443804
069500,2006-09-05,2006-09-06,1,12497.0,12539.0,33.608065935823994,28.59188900335985
069500,2006-09-12,2006-09-15,3,12255.0,12414.0,129.74296205630287,124.67872368421062
069500,2006-11-09,2006-11-10,1,12728.0,12809.0,63.63922061596527,58.60802998310932
069500,2006-11-21,2006-11-23,2,12862.0,12966.0,80.85834240397993,75.81854328642335
069500,2006-12-05,2006-12-15,8,13136.0,12963.0,-131.69914738124234,-136.6326810387486
069500,2007-01-04,2007-01-15,7,13109.0,12912.0,-150.278434663208,-155.20267983827884
069500,2007-01-30,2007-02-02,3,12720.0,12867.0,115.56603773584806,110.50888693985739
069500,2007-02-28,2007-03-08,5,13037.0,13084.0,36.05123878192895,31.033840415739533
069500,2007-03-15,2007-03-20,3,13097.0,13390.0,223.71535466137348,218.60413596625162
069500,2007-03-23,2007-03-26,1,13445.0,13445.0,0.0,-4.999374999999917
069500,2007-04-27,2007-05-03,3,14450.0,14427.0,-15.91695501730106,-20.90837253460154
069500,2007-05-11,2007-05-14,1,14688.0,14876.0,127.99564270152608,122.93227787990358
069500,2007-05-16,2007-05-17,1,14653.0,14831.0,121.47683068313597,116.41672486009557
069500,2007-06-12,2007-06-15,3,15604.0,16066.0,296.07792873622253,290.9305332767253
069500,2007-06-21,2007-06-22,1,16097.0,16303.0,127.97415667515688,122.91080259520415
069500,2007-07-02,2007-07-03,1,15916.0,16147.0,145.13696908771135,140.06503467422826
069500,2007-07-19,2007-07-23,2,17622.0,17994.0,211.0997616615595,205.9948499744646
069500,2007-07-27,2007-08-09,9,17748.0,17549.0,-112.12530989407222,-117.06862924695693
069500,2007-08-17,2007-08-22,3,15690.0,15921.0,147.22753346080307,142.15455389579466
069500,2007-08-28,2007-08-29,1,16556.0,16412.0,-86.97753080454174,-91.9334224752355
069500,2007-08-31,2007-09-03,1,17017.0,17424.0,239.17259211376773,234.05364576599698
069500,2007-09-05,2007-09-07,2,17418.0,17388.0,-17.223561832586665,-22.21432612814267
069500,2007-09-13,2007-09-14,1,16631.0,16896.0,159.3409897179976,154.2619541819512
069500,2007-09-19,2007-09-20,1,17210.0,17357.0,85.41545613015788,80.37337874055916
069500,2007-10-15,2007-10-26,9,18730.0,18003.0,-388.1473571809935,-392.95268276161255
069500,2007-11-05,2007-11-07,2,18453.0,18845.0,212.4315829404444,207.32600542594736
069500,2007-11-08,2007-11-15,5,18366.0,17966.0,-217.7937493193949,-222.68424105684414
069500,2007-11-20,2007-11-27,5,17099.0,16633.0,-272.5305573425352,-277.3936840970237
069500,2007-11-29,2007-11-30,1,17246.0,17281.0,20.294561057636606,15.28504004551845
069500,2007-12-10,2007-12-13,3,17906.0,18001.0,53.054841952417945,48.028942847369024
069500,2007-12-18,2007-12-24,3,17021.0,17567.0,320.78021267845537,315.62046762087846
069500,2008-01-02,2008-01-16,10,17736.0,16061.0,-944.4068561118623,-948.9340867092344
069500,2008-05-13,2008-05-15,2,17167.0,17462.0,171.84132346944824,166.7560385477973
069500,2008-05-22,2008-05-30,6,17352.0,17446.0,54.1724296911017,49.1459718620324
069500,2008-06-04,2008-06-17,8,17167.0,16569.0,-348.34275062620156,-353.16797602231054
069500,2009-04-07,2009-04-08,1,12572.0,12472.0,-79.5418390073177,-84.50144805917881
069500,2009-04-17,2009-04-21,2,12947.0,12680.0,-206.22538039700265,-211.1216555958906
069500,2009-04-29,2009-05-04,2,12652.0,13373.0,569.8703762251034,564.58610165389
069500,2009-05-15,2009-05-20,3,13384.0,13695.0,232.3670053795568,227.25146139980444
069500,2009-05-25,2009-05-29,4,13352.0,13384.0,23.96644697423511,18.955090248651274
069500,2009-06-03,2009-06-04,1,13605.0,13490.0,-84.52774715178246,-89.48486356119112
069500,2009-06-05,2009-06-11,4,13315.0,13547.0,174.23957942170443,169.15309552196777
069500,2009-06-19,2009-06-23,2,13256.0,13242.0,-10.56125528062779,-15.555350313065652
069500,2009-06-30,2009-07-01,1,13534.0,13423.0,-82.01566425299234,-86.97403654684521
069500,2009-07-14,2009-07-16,2,13639.0,13998.0,263.2157782828659,258.08481184470986
069500,2009-08-06,2009-08-07,1,15230.0,15276.0,30.203545633618045,25.189070748523612
069500,2009-08-14,2009-08-17,1,15407.0,15482.0,48.6791718050239,43.655460261569075
069500,2009-08-18,2009-08-21,3,14971.0,15465.0,329.97127780375337,324.8069377880558
069500,2009-09-21,2009-09-22,1,16761.0,16693.0,-40.570371696199146,-45.549464045999684
069500,2009-10-06,2009-10-12,4,15985.0,16360.0,234.5949327494523,229.47827494526064
069500,2009-10-19,2009-10-20,1,16137.0,16405.0,166.07795748900145,160.99555389012866
069500,2009-10-29,2009-11-05,5,15683.0,15516.0,-106.48472868711289,-111.43086797806512
069500,2009-11-06,2009-11-09,1,15569.0,15570.0,0.6423020104051602,-4.357394100455991
069500,2009-11-11,2009-11-12,1,15723.0,15861.0,87.76950963556462,82.72625536634104
069500,2009-11-13,2009-11-17,2,15672.0,15882.0,133.99693721286354,128.93057211906589
069500,2009-11-18,2009-11-19,1,15820.0,16003.0,115.67635903919182,110.61915308944404
069500,2009-11-27,2009-12-03,4,15723.0,15910.0,118.9340456655863,113.87521107613097
069500,2009-12-18,2009-12-23,3,16252.0,16499.0,151.98129460989307,146.90593846141908
069500,2010-01-08,2010-01-13,3,16956.0,16891.0,-38.33451285680578,-43.314722996283805
069500,2010-01-14,2010-01-18,2,16758.0,16876.0,70.41413056450673,65.37955290010666
069500,2010-01-28,2010-02-04,5,16293.0,16176.0,-71.80997974590264,-76.77345424415338
069500,2010-02-22,2010-02-23,1,16104.0,16277.0,107.42672627918503,102.37364463021592
069500,2010-02-26,2010-03-03,2,15896.0,16121.0,141.54504277805734,136.47490410323425
069500,2010-03-12,2010-03-18,4,16590.0,16712.0,73.53827606992213,68.50213652803028
069500,2010-03-19,2010-03-22,1,16754.0,16696.0,-34.61859854363092,-39.60066640802174
069500,2010-03-25,2010-03-26,1,16761.0,16793.0,19.091939621740384,14.083019845176903
069500,2010-04-13,2010-04-15,2,17131.0,17428.0,173.36991419064861,168.28386506917204
069500,2010-05-06,2010-05-14,6,16755.0,16778.0,13.727245598329496,8.721007833483174
069500,2010-06-30,2010-07-07,5,16708.0,16720.0,7.182188173329163,2.1792225281291877
069500,2010-07-14,2010-07-15,1,17414.0,17431.0,9.76226025037219,4.758004730387455
069500,2010-07-19,2010-07-22,3,17015.0,17240.0,132.23626212165664,127.17077725536319
069500,2010-07-23,2010-07-26,1,17431.0,17506.0,43.026791348745874,38.005905642246596
069500,2010-08-02,2010-08-03,1,17545.0,17825.0,159.5896266742658,154.51046683528037
069500,2010-08-11,2010-08-18,5,17616.0,17483.0,-75.4995458673935,-80.46117581318124
069500,2010-08-24,2010-08-31,5,17579.0,17369.0,-119.46072017748443,-124.40037228369061
069500,2010-09-08,2010-09-13,3,17645.0,17885.0,136.0158685179935,130.9484940847261
069500,2010-09-17,2010-09-20,1,17998.0,18047.0,27.225247249693663,22.212261327647642
069500,2010-09-29,2010-09-30,1,18423.0,18456.0,17.91239211854645,12.904062042011777
069500,2010-10-12,2010-10-15,3,18728.0,18779.0,27.231952157198425,22.218962883115978
069500,2010-10-19,2010-10-25,4,18589.0,18735.0,78.54107267738941,73.50243204986783
069500,2010-11-01,2010-11-02,1,18637.0,18885.0,133.06862692493482,128.00272592826235
069500,2010-11-08,2010-11-09,1,19245.0,19203.0,-21.823850350740635,-26.812314789556034
069500,2010-11-12,2010-11-19,5,19353.0,19194.0,-82.15780499147397,-87.11610622384126
069500,2010-11-29,2010-12-02,3,19041.0,19357.0,165.9576702904264,160.8753268276364
069500,2010-12-09,2010-12-10,1,19673.0,19945.0,138.260560158594,133.19206351980029
069500,2010-12-27,2010-12-29,2,20456.0,20587.0,64.03989049667658,59.00849955392084
069500,2011-01-14,2011-01-17,1,21307.0,21467.0,75.09269254235784,70.05577588937939
069500,2011-01-18,2011-01-20,2,21344.0,21437.0,43.571964017989906,38.55080575922764
069500,2011-01-24,2011-01-27,3,20984.0,21496.0,243.99542508577898,238.8740676229495
069500,2011-02-01,2011-02-16,8,21176.0,20448.0,-343.7854174537214,-348.6129212315825
069500,2011-02-17,2011-02-21,2,20356.0,20479.0,60.42444488111531,55.39486143520289
069500,2011-02-25,2011-03-04,4,19973.0,20271.0,149.2014219195914,144.1274555337202
069500,2011-03-08,2011-03-09,1,20142.0,20479.0,167.3120842021647,162.22906361706978
069500,2011-04-13,2011-04-14,1,21358.0,21720.0,169.49152542372838,164.4074152542374
069500,2011-05-11,2011-05-19,6,21966.0,21848.0,-53.719384503323475,-58.6919031685329
069500,2011-05-20,2011-05-23,1,21456.0,21517.0,28.430275913498004,23.416687552433313
069500,2011-05-24,2011-05-27,3,21064.0,21481.0,197.96809722749663,192.8697505518895
069500,2011-06-13,2011-06-15,2,20843.0,21321.0,229.33358921460422,224.2195617533471
069500,2011-06-17,2011-06-22,3,20963.0,20996.0,15.74202165720573,10.734776630254572
069500,2011-06-29,2011-06-30,1,21263.0,21392.0,60.66876734233118,55.63906175045874
069500,2011-07-13,2011-07-18,3,21567.0,21741.0,80.67881485603002,75.6391054910277
069500,2011-08-01,2011-08-02,1,21749.0,21749.0,0.0,-4.999374999999917
069500,2011-08-03,2011-08-17,9,20903.0,18625.0,-1089.7957231019473,-1094.250268352629
069500,2012-02-17,2012-02-20,1,20754.0,21009.0,122.86788089043155,117.80707962922854
069500,2012-03-05,2012-03-12,5,20906.0,20693.0,-101.88462642303664,-106.83306547761396
069500,2012-03-13,2012-03-14,1,20737.0,21119.0,184.21179534165998,179.12032595722715
069500,2012-03-15,2012-03-16,1,21124.0,21236.0,53.02026131414506,47.99437949725372
069500,2012-03-19,2012-03-20,1,21032.0,21232.0,95.09319132749994,90.04627567515966
069500,2012-04-12,2012-04-16,2,20816.0,20717.0,-47.55956956187579,-52.53516774956779
069500,2012-04-18,2012-04-19,1,20937.0,20763.0,-83.10646224387486,-88.06428920690723
069500,2012-04-26,2012-04-27,1,20573.0,20665.0,44.718806202304066,39.69707459412941
069500,2012-05-14,2012-05-23,7,19911.0,18960.0,-477.62543317764084,-482.3860253126411
069500,2012-08-22,2012-08-30,6,20182.0,19836.0,-171.439896937865,-176.35356270438996
069500,2012-09-21,2012-09-25,2,20653.0,20494.0,-76.986394228441,-81.94728084297664
069500,2012-09-26,2012-10-02,3,20372.0,20523.0,74.12134301983065,69.0849119809056
069500,2012-10-04,2012-10-05,1,20542.0,20607.0,31.642488560024162,26.627294293399828
069500,2012-10-10,2012-10-17,5,20159.0,20007.0,-75.40056550424113,-80.36224493402466
069500,2012-12-11,2012-12-12,1,20267.0,20403.0,67.10415947106085,62.071236585334866
069500,2012-12-24,2013-01-02,4,20514.0,20931.0,203.27581164083063,198.17481143974857
069500,2013-01-10,2013-01-11,1,20734.0,21019.0,137.45538728658246,132.38729318389986
069500,2013-02-07,2013-02-12,2,20073.0,20296.0,111.09450505654372,106.039589747422
069500,2013-02-26,2013-03-04,3,20876.0,21111.0,112.56945775052651,107.51380505724217
069500,2013-03-05,2013-03-06,1,21032.0,21186.0,73.22175732217495,68.18577601987342
069500,2013-03-13,2013-03-26,9,20625.0,20463.0,-78.54545454545448,-83.50556172727286
069500,2013-04-01,2013-04-02,1,20777.0,20667.0,-52.94315830004281,-57.91606502984048
069500,2013-06-03,2013-06-18,10,20502.0,19321.0,-576.0413618183591,-580.7527521400347
069500,2013-09-16,2013-09-17,1,20666.0,20685.0,9.19384496274045,4.189873614874884
069500,2013-10-04,2013-10-08,2,20574.0,20525.0,-23.816467386020832,-28.80393564085648
069500,2013-10-17,2013-10-18,1,21278.0,21312.0,15.978945389605315,10.97158191559533
069500,2013-10-24,2013-10-29,3,21105.0,21156.0,24.16488983653098,19.15343390191948
069500,2013-11-07,2013-11-13,4,20806.0,20628.0,-85.55224454484312,-90.50884876958598
069500,2013-11-15,2013-11-18,1,20487.0,20877.0,190.36462146727163,185.2700760543269
069500,2013-11-26,2013-11-27,1,20780.0,20905.0,60.15399422521605,55.12454598772809
069500,2013-12-03,2013-12-10,5,20954.0,20742.0,-101.1740001908945,-106.12279451417406
069500,2013-12-12,2013-12-19,5,20377.0,20725.0,170.78078225450267,165.6960275371744
069500,2013-12-20,2013-12-23,1,20474.0,20653.0,87.42795740939835,82.38487389494065
069500,2013-12-27,2013-12-30,1,20780.0,20995.0,103.46487006737348,98.4137690988951
069500,2014-01-17,2014-01-21,2,20288.0,20284.0,-1.9716088328081138,-6.9699981516169185
069500,2014-03-06,2014-03-07,1,20429.0,20504.0,36.71251652063168,31.694787556904025
069500,2014-04-04,2014-04-07,1,20551.0,20540.0,-5.352537589411455,-10.349236655150529
069500,2014-04-29,2014-05-12,6,20396.0,20150.0,-120.61188468327155,-125.55096127917275
069500,2014-05-27,2014-05-29,2,20866.0,20899.0,15.815201763633713,10.807920151201245
069500,2014-06-02,2014-06-05,2,20681.0,20747.0,31.913350418257824,26.898020737633477
069500,2014-06-10,2014-06-11,1,20750.0,20834.0,40.481927710842584,35.46231427710822
069500,2014-07-22,2014-07-23,1,20745.0,20913.0,80.98336948662244,75.94350786334081
069500,2014-08-01,2014-08-05,2,21299.0,21349.0,23.47528052960124,18.46416935654238
069500,2014-08-11,2014-08-14,3,20947.0,21075.0,61.10660237742982,56.076677895404714
069500,2014-08-27,2014-08-28,1,21155.0,21155.0,0.0,-4.999374999999917
069500,2014-09-12,2014-09-17,3,20720.0,20838.0,56.949806949806444,51.92196060569421
069500,2014-09-22,2014-10-07,10,20806.0,19905.0,-433.0481591848501,-437.8310371707672
069500,2015-03-27,2015-04-01,3,20598.0,20582.0,-7.767744441208313,-12.763236054471605
069500,2015-04-02,2015-04-06,2,20492.0,20622.0,63.43939098184759,58.408300251318046
069500,2015-04-29,2015-05-14,9,21693.0,21106.0,-270.59420089429744,-275.4582957059881
069500,2015-05-29,2015-06-12,10,20804.0,20362.0,-212.45914247260188,-217.35230118006154
069500,2016-04-21,2016-04-22,1,20292.0,20288.0,-1.9712201852950528,-6.969609698403989
069500,2016-05-27,2016-05-30,1,19736.0,19803.0,33.948115119577515,28.931768183775297
069500,2016-06-14,2016-06-21,5,19926.0,20025.0,49.68383017163403,44.6596163617885
069500,2016-08-01,2016-08-02,1,20668.0,20708.0,19.35359009096249,14.344539505517506
069500,2016-08-17,2016-08-18,1,20911.0,20933.0,10.520778537612685,5.516143805892604
069500,2016-09-08,2016-09-09,1,21328.0,21130.0,-92.83570892723137,-97.78867187499985
069500,2016-09-13,2016-09-21,3,20748.0,20791.0,20.72488914594217,15.715152996675918
069500,2016-09-23,2016-09-26,1,21189.0,21114.0,-35.395724196517484,-40.377403546651976
069500,2016-09-29,2016-09-30,1,21221.0,21151.0,-32.98619292210536,-37.969076887280906
069500,2016-10-04,2016-10-05,1,21169.0,21022.0,-69.44116396617738,-74.40582272426721
069500,2016-10-10,2016-10-11,1,21177.0,21231.0,25.499362515937207,20.48723942838837
069500,2016-10-14,2016-10-18,2,20827.0,20943.0,55.69693186728841,50.66971188241398
069500,2016-11-15,2016-11-18,3,20486.0,20543.0,27.823879722737033,22.810594521869287
069500,2016-12-20,2016-12-21,1,21476.0,21541.0,30.26634382566673,25.25183754540139
069500,2016-12-22,2016-12-28,4,21491.0,21534.0,20.008375599087636,14.998997661812563
069500,2016-12-29,2017-01-04,3,21553.0,21825.0,126.20052892868827,121.13806155175766
069500,2017-02-03,2017-02-07,2,22372.0,22444.0,32.18308600035691,27.16762146879992
069500,2017-02-13,2017-02-14,1,22333.0,22412.0,35.373662293467504,30.35660267317386
069500,2017-02-28,2017-03-03,2,22426.0,22560.0,59.75207348613232,54.72282618389501
069500,2017-03-10,2017-03-13,1,22512.0,22652.0,62.189054726369264,57.15858908582172
069500,2017-03-24,2017-03-30,4,23544.0,23496.0,-20.387359836900877,-25.376542431192473
069500,2017-04-03,2017-04-04,1,23471.0,23441.0,-12.781730646329592,-17.774715579864655
069500,2017-04-12,2017-04-14,2,23018.0,23168.0,65.16639151967985,60.13443739681934
069500,2017-05-02,2017-05-04,1,24066.0,24252.0,77.28745948641259,72.24944558713587
069500,2017-05-11,2017-05-12,1,24892.0,25082.0,76.3297444962241,71.29220939458448
069500,2017-05-15,2017-05-16,1,24991.0,25183.0,76.82765795686386,71.78987392961523
069500,2017-06-08,2017-06-09,1,25579.0,25699.0,46.91348371711257,41.89065490734612
069500,2017-09-14,2017-09-15,1,26006.0,26087.0,31.146658463432342,26.131712080867953
069500,2017-10-20,2017-10-23,1,27389.0,27635.0,89.81707984957454,84.77280192321635
069500,2017-10-25,2017-10-26,1,27589.0,27589.0,0.0,-4.999374999999917
069500,2017-11-14,2017-11-17,3,28021.0,28133.0,39.97002248313785,34.95066497002375
069500,2017-12-01,2017-12-05,2,27316.0,27374.0,21.23297700981075,16.22298684836654
069500,2017-12-15,2017-12-18,1,27474.0,27357.0,-42.58571740554662,-47.56380220845124
069500,2017-12-21,2018-01-02,5,27232.0,27550.0,116.77438307873045,111.7166281855897
069500,2018-01-11,2018-01-17,4,27716.0,27862.0,52.67715399047468,47.65144370580066
069500,2018-01-19,2018-01-22,1,27903.0,27872.0,-11.109916496434558,-16.10373723255565
069500,2018-03-22,2018-03-23,1,27291.0,26806.0,-177.71426477593332,-182.62479375068642
069500,2018-05-04,2018-05-11,4,27123.0,27017.0,-39.08122257862301,-44.06105940991001
069500,2019-04-16,2019-04-17,1,25078.0,25225.0,58.61711460243946,53.588434708709
069500,2019-09-26,2019-10-02,4,23943.0,23743.0,-83.53172117111507,-88.48933553126214
069500,2019-11-01,2019-11-04,1,24103.0,24528.0,176.32659834875275,171.2390710699907
069500,2019-11-11,2019-11-13,2,24702.0,24659.0,-17.407497368634452,-22.398169707918967
069500,2019-11-27,2019-11-28,1,24732.0,24574.0,-63.88484554423424,-68.85228211426453
069500,2019-11-29,2019-12-09,6,24628.0,24293.0,-136.0240376806887,-140.95540916335025
069500,2019-12-26,2019-12-30,2,25574.0,26133.0,218.58137170563953,213.47271968112258
069500,2020-01-22,2020-01-23,1,26638.0,26875.0,88.97064344169925,83.92678868064385
069500,2020-01-31,2020-02-05,3,25651.0,25932.0,109.54738606681946,104.49324422049821
069500,2020-02-14,2020-02-17,1,26560.0,26727.0,62.87650602409656,57.8456967008667
069500,2020-02-24,2020-03-05,8,25424.0,24778.0,-254.09062303335395,-258.9629686025008
069500,2020-06-05,2020-06-08,1,25366.0,26195.0,326.8154222187181,321.6526599335734
069500,2020-06-09,2020-06-10,1,26008.0,25824.0,-70.74746231928609,-75.71146800984252
069500,2020-07-01,2020-07-03,2,25203.0,25351.0,58.723167876839625,53.69443496309856
069500,2020-07-08,2020-07-14,4,25544.0,25638.0,36.79924835577886,31.78147603155379
069500,2020-07-17,2020-07-20,1,25793.0,26026.0,90.33458690342444,85.29005025588398
069500,2020-07-31,2020-08-03,1,26952.0,26629.0,-119.84268328880998,-124.78214443733316
069500,2020-08-19,2020-08-25,4,28003.0,27737.0,-94.989822519016,-99.94170854462081
069500,2020-08-28,2020-08-31,1,27851.0,28003.0,54.576137302071444,49.54947764442829
069500,2020-09-22,2020-09-29,5,28017.0,27668.0,-124.56722704072499,-129.50432621265605
069500,2020-10-20,2020-10-21,1,27722.0,28090.0,132.74655508260568,127.68081510172502
069500,2020-10-27,2020-11-04,6,27788.0,27995.0,74.49258672808324,69.45597009050618
069500,2020-12-09,2020-12-10,1,32597.0,32774.0,54.29947541184754,49.27295406785825
069500,2020-12-23,2020-12-24,1,32774.0,33130.0,108.62268871666636,103.56900916122625
069500,2021-01-07,2021-01-08,1,36723.0,37646.0,251.3411213680805,246.21609151621593
069500,2021-01-18,2021-01-21,3,37512.0,38586.0,286.30838131797896,281.16587002159355
069500,2021-01-25,2021-01-26,1,38678.0,39352.0,174.25926883499753,169.17277509178373
069500,2021-01-28,2021-02-03,4,37609.0,38475.0,230.26403254540196,225.14953992063047
069500,2021-02-09,2021-02-15,2,38216.0,38637.0,110.16328239480843,105.1088326388161
069500,2021-02-19,2021-02-26,5,37863.0,37436.0,-112.77500462192668,-117.71799916805325
069500,2021-03-09,2021-03-12,3,37012.0,37699.0,185.61547606181784,180.52330492475343
069500,2021-04-12,2021-04-14,2,38543.0,38950.0,105.59634693718678,100.544180363491
069500,2021-04-23,2021-04-27,2,38516.0,39131.0,159.6739017551152,154.59469978385653
069500,2021-05-04,2021-05-07,2,38122.0,38688.0,148.47069933371816,143.39709826346913
069500,2021-06-10,2021-06-14,2,38794.0,39224.0,110.84188276537566,105.78709375161033
069500,2021-07-05,2021-07-06,1,39663.0,39789.0,31.767642387110495,26.75238555139403
069500,2021-07-28,2021-07-30,2,38783.0,38860.0,19.854059768456,14.844758979450923
069500,2021-08-06,2021-08-09,1,39541.0,39186.0,-89.78022811764963,-94.73471861485505
069500,2021-08-18,2021-08-25,5,37357.0,37547.0,50.860615145755794,45.83581301697226
069500,2021-09-03,2021-09-06,1,37914.0,38085.0,45.10207311283487,40.08014989515863
069500,2023-01-31,2023-02-03,3,30414.0,30542.0,42.085881501940925,37.065466191557036
069500,2023-02-07,2023-02-09,2,30047.0,30498.0,150.09817951875394,145.02376481013047
069500,2023-02-27,2023-03-06,4,29624.0,30107.0,163.04347826086916,157.96259171195538
069500,2023-03-08,2023-03-20,8,29839.0,29397.0,-148.12828848151716,-153.0536085952938
069500,2023-05-12,2023-05-17,3,30639.0,30720.0,26.436894154509005,21.424302359738245
069500,2023-06-08,2023-06-09,1,32301.0,32523.0,68.72852233676952,63.69478737113354
069500,2023-06-16,2023-06-19,1,32622.0,32519.0,-31.57378456256521,-36.55737464364539
069500,2023-06-30,2023-07-04,2,31976.0,32546.0,178.2586940205144,173.17020081467183
069500,2023-07-07,2023-07-12,3,31698.0,31957.0,81.70862514985222,76.66840094406658
069500,2023-07-14,2023-07-17,1,32608.0,32731.0,37.72080471050154,32.70257166569701
069500,2023-07-27,2023-07-28,1,32409.0,32561.0,46.900552315713995,41.877729970840605
069500,2023-08-08,2023-08-10,2,32404.0,32171.0,-71.90470312307129,-76.86813026555383
069500,2023-08-14,2023-08-23,6,32065.0,31132.0,-290.97146421331655,-295.8253716669268
069500,2023-08-31,2023-09-01,1,31817.0,31681.0,-42.744444793664236,-47.72245024279531
069500,2023-09-07,2023-09-15,6,31936.0,32349.0,129.3211422845686,124.2571147959981
069500,2023-12-04,2023-12-11,5,32093.0,32181.0,27.420309724861536,22.407226283769344
069500,2023-12-14,2023-12-15,1,32480.0,32538.0,17.857142857142794,12.848840401786799
069500,2023-12-26,2023-12-27,1,33436.0,33469.0,9.869601626988356,4.865292443025915
069500,2024-01-09,2024-01-22,9,33516.0,32201.0,-392.3499224251104,-397.1531469857681
069500,2024-01-31,2024-02-01,1,32116.0,32161.0,14.011707560095399,9.005327582047862
069500,2024-02-16,2024-02-19,1,33953.0,34120.0,49.1856389715184,44.16167422613526
069500,2024-02-26,2024-02-29,3,34148.0,34078.0,-20.499004334074698,-25.488131113095
069500,2024-03-12,2024-03-13,1,34543.0,34862.0,92.34866687896303,87.30312331731494
069500,2024-04-02,2024-04-03,1,36123.0,36029.0,-26.022201921214183,-31.00856744664093
069500,2024-04-11,2024-04-23,8,35201.0,34533.0,-189.76733615522323,-194.67183934760436
069500,2024-04-24,2024-04-25,1,34886.0,34624.0,-75.10176001834567,-80.06358883219656
069500,2024-05-13,2024-05-17,3,35970.0,36144.0,48.37364470392069,43.35008590492073
069500,2024-05-31,2024-06-04,2,34997.0,35098.0,28.859616538561284,23.845813534018045
069500,2024-06-14,2024-06-17,1,36179.0,36102.0,-21.28306476132602,-26.27179955913661
069500,2024-07-09,2024-07-10,1,38403.0,38149.0,-66.14066609379465,-71.1069748945392
069500,2024-07-18,2024-07-30,8,37451.0,36268.0,-315.8794157699396,-320.72087080451837
069500,2024-08-02,2024-08-12,6,36022.0,34271.0,-486.09183276886347,-490.84819223321864
069500,2024-09-02,2024-09-13,9,35111.0,33306.0,-514.0839053288149,-518.8262705063939
069500,2025-03-26,2025-03-27,1,34772.0,34557.0,-61.83135856436262,-66.79982174954024
069500,2025-05-16,2025-05-19,1,34676.0,34508.0,-48.44849463605971,-53.42364841677272
069500,2025-05-21,2025-05-22,1,34518.0,34380.0,-39.97914131757319,-44.95852924561117
069500,2025-07-02,2025-07-04,2,41145.0,41884.0,179.60870093571612,174.5195328107929
069500,2025-07-14,2025-07-15,1,42388.0,42709.0,75.72897989997162,70.6917451430833
069500,2025-07-25,2025-07-28,1,42506.0,43103.0,140.45075989272073,135.3811682909467
069500,2025-08-04,2025-08-06,2,41712.0,42480.0,184.11967779056403,179.02825445914817
069500,2025-08-13,2025-08-14,1,43301.0,43434.0,30.715225976305494,25.700495283018654
069500,2025-08-19,2025-08-25,4,42745.0,42905.0,37.43127851210559,32.41319021230371
069500,2025-10-01,2025-10-02,1,47370.0,48815.0,305.0453873759773,299.89350874762624
069500,2025-10-22,2025-10-23,1,53113.0,53088.0,-4.7069455688819595,-9.70396739028101
069500,2025-11-19,2025-11-21,2,55507.0,53779.0,-311.3120867638319,-316.1558251774554
069500,2025-11-24,2025-11-27,3,54787.0,56166.0,251.70204610582834,246.576835814154
069500,2025-12-01,2025-12-03,2,55788.0,56469.0,122.06926220692526,117.00886020515
069500,2025-12-12,2025-12-15,1,58052.0,57133.0,-158.30634603459015,-163.22657775571957
069500,2025-12-17,2025-12-23,4,56206.0,58275.0,368.110166174429,362.9267590982277
069500,2025-12-26,2025-12-29,1,58410.0,59193.0,134.05238828967603,128.98599547380485
069500,2026-02-11,2026-02-12,1,77722.0,79749.0,260.8013175162749,255.6715581575997
069500,2026-03-04,2026-03-11,5,82744.0,84404.0,200.61877598375634,195.5191041344384
069500,2026-03-18,2026-03-19,1,86083.0,85720.0,-42.168604718701985,-47.14689805188077
069500,2026-03-26,2026-04-02,5,83062.0,82680.0,-45.9897426019118,-50.966125604969825
069500,2026-04-03,2026-04-06,1,79694.0,80887.0,149.69759329435118,144.62337885380316
069500,2026-04-13,2026-04-14,1,85909.0,89665.0,437.2068118590611,431.98886077855826
069500,2026-05-04,2026-05-06,1,102324.0,111236.0,870.9589148195929,865.524114797116
069500,2026-05-18,2026-05-22,4,115826.0,123855.0,693.1949648610857,687.8490357033406
069500,2026-05-28,2026-05-29,1,129274.0,133261.0,308.414685087488,303.2611220208614
069500,2026-06-09,2026-06-15,4,124529.0,136046.0,924.8448152639144,919.3830756590837
069500,2026-06-24,2026-06-26,2,134374.0,143700.0,694.0330718740229,688.6867237151529
069500,2026-07-03,2026-07-16,9,124135.0,110896.0,-1066.5001812542796,-1070.9663728199137
069500,2026-07-21,2026-07-24,3,103596.0,111305.0,744.1407004131429,738.7693015717311
069500,2026-07-27,2026-08-03,5,108581.0,101980.0,-607.9332479899801,-612.6286943618131
069500,2026-08-07,2026-08-13,4,99800.0,107030.0,724.4488977955909,719.0873436247491
069500,2026-08-19,2026-08-21,2,102635.0,106835.0,409.2171286598134,404.01317067155327
069500,2026-08-25,2026-08-28,3,103035.0,108045.0,486.242538943078,481.00007306376426
069500,2026-08-31,2026-09-01,1,104455.0,106630.0,208.22363697285962,203.120163168351
069500,2026-09-09,2026-09-10,1,110640.0,111815.0,106.20028922631919,101.14782071922512
069500,2026-09-18,2026-09-21,1,109150.0,110185.0,94.82363719651943,89.77685630439768
069500,2026-09-23,2026-09-28,1,114290.0,112740.0,-135.6199142532155,-140.5514877723335
069500,2026-09-29,,0,109285.0,,,
122630,2010-02-26,2010-03-03,2,9655.0,9975.0,331.4344899016053,326.26941837130994
122630,2010-03-12,2010-03-18,4,10570.0,10680.0,104.06811731314968,99.01671475875062
122630,2010-03-19,2010-03-22,1,10760.0,10745.0,-13.940520446096283,-18.932926057155797
122630,2010-03-25,2010-03-26,1,10765.0,10840.0,69.67022758941121,64.63602183000683
122630,2010-04-13,2010-04-15,2,11245.0,11650.0,360.16007114273,354.9806386171639
122630,2010-05-06,2010-05-14,6,10660.0,10580.0,-75.0469043151969,-80.00876055347051
122630,2010-06-30,2010-07-07,5,10530.0,10430.0,-94.9667616334282,-99.91865918803411
122630,2010-07-14,2010-07-15,1,11370.0,11425.0,48.372911169745066,43.34935273746731
122630,2010-07-19,2010-07-22,3,10870.0,11125.0,234.5906163753453,229.4739607290719
122630,2010-07-23,2010-07-26,1,11375.0,11520.0,127.47252747252746,122.40942417582446
122630,2010-08-02,2010-08-03,1,11525.0,11915.0,338.3947939262466,333.22624267895895
122630,2010-08-11,2010-08-18,5,11550.0,11285.0,-229.43722943722932,-234.32190016233756
122630,2010-08-24,2010-08-31,5,11445.0,11170.0,-240.27959807776278,-245.1588482961986
122630,2010-09-08,2010-09-13,3,11540.0,11900.0,311.9584055459268,306.80307084055335
122630,2010-09-17,2010-09-20,1,12020.0,12080.0,49.91680532445919,44.89247504159799
122630,2010-09-29,2010-09-30,1,12520.0,12640.0,95.84664536741228,90.79935303514475
122630,2010-10-12,2010-10-15,3,12900.0,13005.0,81.3953488372099,76.35528125000013
122630,2010-10-19,2010-10-25,4,12695.0,12945.0,196.92792437967734,191.83009772548277
122630,2010-11-01,2010-11-02,1,12705.0,13020.0,247.93388429751982,242.8105578512385
122630,2010-11-08,2010-11-09,1,13600.0,13600.0,0.0,-4.999374999999917
122630,2010-11-12,2010-11-19,5,13775.0,13540.0,-170.59891107078062,-175.512997277677
122630,2010-11-29,2010-12-02,3,13205.0,13725.0,393.7902309731167,388.5939854695186
122630,2010-12-09,2010-12-10,1,14160.0,14520.0,254.23728813559254,249.1108103813544
122630,2010-12-27,2010-12-29,2,15280.0,15600.0,209.42408376963374,204.32000981675412
122630,2011-01-14,2011-01-17,1,16510.0,16720.0,127.19563900666309,122.13267413688777
122630,2011-01-18,2011-01-20,2,16510.0,16700.0,115.08176862507602,110.02485993337308
122630,2011-01-24,2011-01-27,3,15965.0,16740.0,485.4368932038833,480.1948300970871
122630,2011-02-01,2011-02-16,8,16300.0,15050.0,-766.8711656441718,-771.4871529907974
122630,2011-02-17,2011-02-21,2,14950.0,15170.0,147.15719063545185,142.0842462374594
122630,2011-02-25,2011-03-04,4,14310.0,14720.0,286.5129280223622,281.37031446541005
122630,2011-03-08,2011-03-09,1,14575.0,15040.0,319.0394511149219,313.88057632933067
122630,2011-04-13,2011-04-14,1,16210.0,16715.0,311.53608883405235,306.380965260642
122630,2011-05-11,2011-05-19,6,17140.0,16820.0,-186.69778296382722,-191.6038207409565
122630,2011-05-20,2011-05-23,1,16220.0,16200.0,-12.330456226880004,-17.323666769419876
122630,2011-05-24,2011-05-27,3,15540.0,16015.0,305.6628056628052,300.51061836389835
122630,2011-06-13,2011-06-15,2,15045.0,15935.0,591.5586573612486,586.2635400049832
122630,2011-06-17,2011-06-22,3,15360.0,15500.0,91.14583333333259,86.10089111328101
122630,2011-06-29,2011-06-30,1,15860.0,16040.0,113.49306431273743,108.43694987389796
122630,2011-07-13,2011-07-18,3,16120.0,16435.0,195.4094292803976,190.31236177884603
122630,2011-08-01,2011-08-02,1,16335.0,16370.0,21.4263850627483,16.416298209365188
122630,2011-08-03,2011-08-17,9,15280.0,11865.0,-2234.9476439790574,-2238.829684841296
122630,2012-02-17,2012-02-20,1,13725.0,14080.0,258.6520947176685,253.523409836065
122630,2012-03-05,2012-03-12,5,13855.0,13705.0,-108.2641645615301,-113.20941424575959
122630,2012-03-13,2012-03-14,1,13625.0,14215.0,433.0275229357805,427.81166123853296
122630,2012-03-15,2012-03-16,1,14165.0,14315.0,105.89481115425237,100.84249536710166
122630,2012-03-19,2012-03-20,1,14090.0,14170.0,56.777856635912286,51.75009625621119
122630,2012-04-12,2012-04-16,2,13540.0,13485.0,-40.62038404726742,-45.59945139401722
122630,2012-04-18,2012-04-19,1,13750.0,13600.0,-109.09090909090868,-114.03574545454487
122630,2012-04-26,2012-04-27,1,13290.0,13300.0,7.524454477050302,2.5213177200900105
122630,2012-05-14,2012-05-23,7,12370.0,11115.0,-1014.5513338722711,-1019.0434966147932
122630,2012-08-22,2012-08-30,6,12445.0,12015.0,-345.5202892728004,-350.3469257231817
122630,2012-09-21,2012-09-25,2,12955.0,12785.0,-131.22346584330424,-136.15723731184914
122630,2012-09-26,2012-10-02,3,12585.0,12770.0,147.00039729837133,141.927531287247
122630,2012-10-04,2012-10-05,1,12820.0,12875.0,42.90171606864179,37.88089289196384
122630,2012-10-10,2012-10-17,5,12350.0,12120.0,-186.23481781376518,-191.14108704453403
122630,2012-12-11,2012-12-12,1,12350.0,12520.0,137.65182186234793,132.58362955465674
122630,2012-12-24,2013-01-02,4,12600.0,13175.0,456.34920634920695,451.1216852678568
122630,2013-01-10,2013-01-11,1,12875.0,13255.0,295.14563106796123,289.9987016990302
122630,2013-02-07,2013-02-12,2,11995.0,12305.0,258.44101709045384,253.31243773447198
122630,2013-02-26,2013-03-04,3,12935.0,13270.0,258.9872439118679,253.8583914766157
122630,2013-03-05,2013-03-06,1,13160.0,13385.0,170.97264437689884,165.88779374050011
122630,2013-03-13,2013-03-26,9,12655.0,12345.0,-244.96246542868417,-249.83937450612336
122630,2013-04-01,2013-04-02,1,12785.0,12640.0,-113.41415721548675,-118.35683222526372
122630,2013-06-03,2013-06-18,10,12300.0,10890.0,-1146.341463414634,-1150.7677393292681
122630,2013-09-16,2013-09-17,1,12310.0,12300.0,-8.123476848090894,-13.118790617383524
122630,2013-10-04,2013-10-08,2,12165.0,12075.0,-73.98273736128225,-78.945125616523
122630,2013-10-17,2013-10-18,1,12985.0,12990.0,3.850596842509546,-1.150703215249127
122630,2013-10-24,2013-10-29,3,12725.0,12800.0,58.93909626718985,53.9102554027493
122630,2013-11-07,2013-11-13,4,12390.0,12100.0,-234.05972558514952,-238.9420853510893
122630,2013-11-15,2013-11-18,1,11945.0,12400.0,380.9125156969451,375.72270824612895
122630,2013-11-26,2013-11-27,1,12240.0,12370.0,106.20915032679702,101.15667738970657
122630,2013-12-03,2013-12-10,5,12465.0,12175.0,-232.65142398716355,-237.5344878158836
122630,2013-12-12,2013-12-19,5,11730.0,12170.0,375.10656436487545,369.91965952685393
122630,2013-12-20,2013-12-23,1,11850.0,12060.0,177.21518987341867,172.12721835443202
122630,2013-12-27,2013-12-30,1,12200.0,12455.0,209.0163934426226,203.91252330942632
122630,2014-01-17,2014-01-21,2,11590.0,11530.0,-51.768766177739955,-56.74226003019922
122630,2014-03-06,2014-03-07,1,11675.0,11755.0,68.52248394004334,63.488851980728626
122630,2014-04-04,2014-04-07,1,11780.0,11755.0,-21.222410865874288,-26.211175986842193
122630,2014-04-29,2014-05-12,6,11560.0,11245.0,-272.4913494809689,-277.3544958369378
122630,2014-05-27,2014-05-29,2,12080.0,12120.0,33.11258278145601,28.09665355960167
122630,2014-06-02,2014-06-05,2,11875.0,11920.0,37.894736842105644,32.87641684210474
122630,2014-06-10,2014-06-11,1,11900.0,11985.0,71.42857142857117,66.39348660714361
122630,2014-07-22,2014-07-23,1,11830.0,12025.0,164.83516483516425,159.75338255494353
122630,2014-08-01,2014-08-05,2,12450.0,12500.0,40.160642570281624,35.14118975903591
122630,2014-08-11,2014-08-14,3,12070.0,12200.0,107.70505385252704,102.65183305716575
122630,2014-08-27,2014-08-28,1,12245.0,12245.0,0.0,-4.999374999999917
122630,2014-09-12,2014-09-17,3,11730.0,11845.0,98.03921568627416,92.99082720588103
122630,2014-09-22,2014-10-07,10,11800.0,10780.0,-864.4067796610167,-868.9740052966099
122630,2015-03-27,2015-04-01,3,11320.0,11280.0,-35.33568904593665,-40.31739840989368
122630,2015-04-02,2015-04-06,2,11205.0,11320.0,102.6327532351634,97.58206827309212
122630,2015-04-29,2015-05-14,9,12450.0,11810.0,-514.0562248995983,-518.7986039156623
122630,2015-05-29,2015-06-12,10,11440.0,10930.0,-445.80419580419584,-450.5806965690562
122630,2016-04-21,2016-04-22,1,10420.0,10390.0,-28.790786948176272,-33.775768354126214
122630,2016-05-27,2016-05-30,1,9785.0,9830.0,45.98875830352567,40.96639179867134
122630,2016-06-14,2016-06-21,5,9935.0,10010.0,75.49068948162984,70.45357385505824
122630,2016-08-01,2016-08-02,1,10620.0,10655.0,32.956685499059276,27.940834216102495
122630,2016-08-17,2016-08-18,1,10850.0,10885.0,32.258064516128556,27.242562500000567
122630,2016-09-08,2016-09-09,1,11220.0,11055.0,-147.05882352941126,-151.984678308823
122630,2016-09-13,2016-09-21,3,10640.0,10695.0,51.69172932330879,46.666511689379405
122630,2016-09-23,2016-09-26,1,11085.0,11000.0,-76.68019846639562,-81.64123815967427
122630,2016-09-29,2016-09-30,1,11130.0,11025.0,-94.33962264150941,-99.29183372641481
122630,2016-10-04,2016-10-05,1,11055.0,10925.0,-117.59384893713198,-122.53443436227917
122630,2016-10-10,2016-10-11,1,11070.0,11145.0,67.75067750677488,62.71743140243924
122630,2016-10-14,2016-10-18,2,10705.0,10805.0,93.41429238673538,88.36821607893563
122630,2016-11-15,2016-11-18,3,10310.0,10365.0,53.3462657613959,48.320220962656535
122630,2016-12-20,2016-12-21,1,11265.0,11345.0,71.0164225477139,65.98154377496668
122630,2016-12-22,2016-12-28,4,11290.0,11330.0,35.42958370239102,30.41249612488972
122630,2016-12-29,2017-01-04,3,11330.0,11625.0,260.3706972639008,255.24115318843687
122630,2017-02-03,2017-02-07,2,12205.0,12260.0,45.06349856616243,40.04159463334878
122630,2017-02-13,2017-02-14,1,12140.0,12220.0,65.8978583196057,60.865538509062844
122630,2017-02-28,2017-03-03,2,12230.0,12365.0,110.38430089942875,105.32974064799694
122630,2017-03-10,2017-03-13,1,12335.0,12470.0,109.44466963923816,104.39057914471084
122630,2017-03-24,2017-03-30,4,13435.0,13350.0,-63.26758466691507,-68.2353298288052
122630,2017-04-03,2017-04-04,1,13315.0,13295.0,-15.020653398423178,-20.01251901051493
122630,2017-04-12,2017-04-14,2,12795.0,12970.0,136.77217663149665,131.70442409144113
122630,2017-05-02,2017-05-04,1,13935.0,14155.0,157.87585217079237,152.7975491119471
122630,2017-05-11,2017-05-12,1,14905.0,15100.0,130.8285810130827,125.76379989936326
122630,2017-05-15,2017-05-16,1,14970.0,15210.0,160.3206412825653,155.24111598196333
122630,2017-06-08,2017-06-09,1,15680.0,15820.0,89.28571428571396,84.24170200892922
122630,2017-09-14,2017-09-15,1,16045.0,16115.0,43.627298223745115,38.60611230134037
122630,2017-10-20,2017-10-23,1,17680.0,17980.0,169.68325791855142,164.59905189479596
122630,2017-10-25,2017-10-26,1,17975.0,17895.0,-44.506258692628144,-49.483383344922636
122630,2017-11-14,2017-11-17,3,18480.0,18640.0,86.58008658008586,81.53742694805067
122630,2017-12-01,2017-12-05,2,17550.0,17610.0,34.18803418803407,29.171567307693103
122630,2017-12-15,2017-12-18,1,17710.0,17580.0,-73.4048560135514,-78.367533173348
122630,2017-12-21,2018-01-02,5,17430.0,17730.0,172.1170395869187,167.0316168244401
122630,2018-01-11,2018-01-17,4,17950.0,18160.0,116.99164345403857,111.93377994428877
122630,2018-01-19,2018-01-22,1,18195.0,18120.0,-41.220115416322756,-46.1988829348714
122630,2018-03-22,2018-03-23,1,17240.0,16605.0,-368.3294663573089,-373.14469964472187
122630,2018-05-04,2018-05-11,4,16875.0,16750.0,-74.07407407407418,-79.03641666666684
122630,2019-04-16,2019-04-17,1,13840.0,14005.0,119.21965317919003,114.16067580382938
122630,2019-09-26,2019-10-02,4,12390.0,12150.0,-193.7046004842613,-198.60713529055607
122630,2019-11-01,2019-11-04,1,12470.0,12800.0,264.6351242983158,259.5034482758618
122630,2019-11-11,2019-11-13,2,13110.0,13055.0,-41.95270785659844,-46.931109124713764
122630,2019-11-27,2019-11-28,1,13100.0,12900.0,-152.6717557251911,-157.5948043893127
122630,2019-11-29,2019-12-09,6,12970.0,12580.0,-300.69390902081716,-305.5429558596756
122630,2019-12-26,2019-12-30,2,13940.0,14470.0,380.20086083213835,375.0114091642764
122630,2020-01-22,2020-01-23,1,15070.0,15375.0,202.38885202388923,197.28829524717995
122630,2020-01-31,2020-02-05,3,13965.0,14275.0,221.98353025420613,216.87317736305056
122630,2020-02-14,2020-02-17,1,14945.0,15140.0,130.4784208765475,125.41381482101156
122630,2020-02-24,2020-03-05,8,13565.0,12900.0,-490.23221525986037,-494.9865047917434
122630,2020-06-05,2020-06-08,1,12650.0,13610.0,758.8932806324111,753.5145064229254
122630,2020-06-09,2020-06-10,1,13330.0,13110.0,-165.0412603150786,-169.95812499999928
122630,2020-07-01,2020-07-03,2,12300.0,12485.0,150.40650406504153,145.33193521341525
122630,2020-07-08,2020-07-14,4,12740.0,12805.0,51.020408163264804,45.99552614795943
122630,2020-07-17,2020-07-20,1,12925.0,13190.0,205.02901353965262,199.92713684719553
122630,2020-07-31,2020-08-03,1,14095.0,13780.0,-223.48350478893275,-228.3711520042575
122630,2020-08-19,2020-08-25,4,15265.0,14935.0,-216.1808057648218,-221.07210387323994
122630,2020-08-28,2020-08-31,1,15005.0,15170.0,109.96334555148258,104.90899575141599
122630,2020-09-22,2020-09-29,5,15135.0,14735.0,-264.28807400066034,-269.15532148166443
122630,2020-10-20,2020-10-21,1,14755.0,15150.0,267.7058624195183,262.57265121992555
122630,2020-10-27,2020-11-04,6,14840.0,15085.0,165.0943396226423,160.0124277712278
122630,2020-12-09,2020-12-10,1,20170.0,20410.0,118.9885969261284,113.92973506445303
122630,2020-12-23,2020-12-24,1,20405.0,20890.0,237.6868414604272,232.56863789512528
122630,2021-01-07,2021-01-08,1,25700.0,26935.0,480.54474708171256,475.3051297422184
122630,2021-01-18,2021-01-21,3,26705.0,28100.0,522.3740872495797,517.1135578543362
122630,2021-01-25,2021-01-26,1,28285.0,29300.0,358.8474456425672,353.66866934771093
122630,2021-01-28,2021-02-03,4,26295.0,27785.0,566.6476516448005,561.3649882344563
122630,2021-02-09,2021-02-15,2,27340.0,27965.0,228.60277980980337,223.48911770757152
122630,2021-02-19,2021-02-26,5,26835.0,26075.0,-283.2122228433021,-288.0700094326438
122630,2021-03-09,2021-03-12,3,25595.0,26460.0,337.9566321547167,332.78829996092884
122630,2021-04-12,2021-04-14,2,27625.0,28185.0,202.71493212669745,197.61421233031706
122630,2021-04-23,2021-04-27,2,27590.0,28460.0,315.3316418992391,310.17462078651636
122630,2021-05-04,2021-05-07,2,27000.0,27775.0,287.0370370370368,281.89416145833366
122630,2021-06-10,2021-06-14,2,27895.0,28505.0,218.67718229073407,213.5684823669126
122630,2021-07-05,2021-07-06,1,29065.0,29270.0,70.53156717701681,65.49693080165176
122630,2021-07-28,2021-07-30,2,27755.0,27875.0,43.235453071519544,38.21446304719922
122630,2021-08-06,2021-08-09,1,28810.0,28270.0,-187.43491843110084,-192.34058768656803
122630,2021-08-18,2021-08-25,5,25770.0,26040.0,104.77299185098987,99.7212369033762
122630,2021-09-03,2021-09-06,1,26495.0,26685.0,71.71164370636029,66.67641736648466
122630,2023-01-31,2023-02-03,3,15565.0,15645.0,51.39736588499755,46.3722954143897
122630,2023-02-07,2023-02-09,2,15180.0,15650.0,309.6179183135694,304.4637537055328
122630,2023-02-27,2023-03-06,4,14680.0,15185.0,344.0054495912803,338.83409336682433
122630,2023-03-08,2023-03-20,8,14855.0,14385.0,-316.39178727701056,-321.2329861578589
122630,2023-05-12,2023-05-17,3,15500.0,15580.0,51.612903225806136,46.58772500000019
122630,2023-06-08,2023-06-09,1,17185.0,17415.0,133.83764911259811,128.77136365289533
122630,2023-06-16,2023-06-19,1,17510.0,17430.0,-45.6881781838947,-50.66471195031341
122630,2023-06-30,2023-07-04,2,16775.0,17375.0,357.6751117734722,352.49692157228066
122630,2023-07-07,2023-07-12,3,16465.0,16690.0,136.65350744002325,131.58581422714644
122630,2023-07-14,2023-07-17,1,17355.0,17505.0,86.43042350907626,81.38783869922284
122630,2023-07-27,2023-07-28,1,17145.0,17300.0,90.40536599591809,85.36079396325613
122630,2023-08-08,2023-08-10,2,17145.0,16850.0,-172.06182560513318,-176.97518044619497
122630,2023-08-14,2023-08-23,6,16740.0,15775.0,-576.4635603345281,-581.1747395833333
122630,2023-08-31,2023-09-01,1,16410.0,16275.0,-82.2669104204754,-87.22515710694711
122630,2023-09-07,2023-09-15,6,16495.0,16945.0,272.8099424067909,267.67417948620806
122630,2023-12-04,2023-12-11,5,16350.0,16415.0,39.7553516819582,34.73610149082651
122630,2023-12-14,2023-12-15,1,16725.0,16880.0,92.67563527653122,87.62992825112059
122630,2023-12-26,2023-12-27,1,17790.0,17820.0,16.86340640809414,11.85560075885217
122630,2024-01-09,2024-01-22,9,17780.0,16400.0,-776.1529808773904,-780.7643278965127
122630,2024-01-31,2024-02-01,1,16240.0,16255.0,9.23645320197064,4.23246055264892
122630,2024-02-16,2024-02-19,1,18030.0,18200.0,94.28729894620069,89.24078618968379
122630,2024-02-26,2024-02-29,3,18250.0,18095.0,-84.93150684931506,-89.88842140410958
122630,2024-03-12,2024-03-13,1,18545.0,18900.0,191.42626044756028,186.33118428147856
122630,2024-04-02,2024-04-03,1,20180.0,20050.0,-64.42021803766073,-69.38738695490554
122630,2024-04-11,2024-04-23,8,19120.0,18280.0,-439.3305439330542,-444.11028111924657
122630,2024-04-24,2024-04-25,1,18750.0,18400.0,-186.6666666666672,-191.57272000000057
122630,2024-05-13,2024-05-17,3,19775.0,19975.0,101.13780025284402,96.0878626738304
122630,2024-05-31,2024-06-04,2,18605.0,18725.0,64.49879064767572,59.467170283527
122630,2024-06-14,2024-06-17,1,19860.0,19840.0,-10.070493454179541,-15.064833836858638
122630,2024-07-09,2024-07-10,1,22305.0,22025.0,-125.532391840395,-130.46900849024934
122630,2024-07-18,2024-07-30,8,21150.0,19790.0,-643.0260047281322,-647.7039069148938
122630,2024-08-02,2024-08-12,6,19595.0,17450.0,-1094.6670068895125,-1099.1191168027558
122630,2024-09-02,2024-09-13,9,18200.0,16325.0,-1030.21978021978,-1034.7041097184062
122630,2025-03-26,2025-03-27,1,17025.0,16880.0,-85.16886930983847,-90.12566519823739
122630,2025-05-16,2025-05-19,1,16615.0,16410.0,-123.38248570568754,-128.32017717424037
122630,2025-05-21,2025-05-22,1,16445.0,16340.0,-63.84919428397695,-68.81664867741
122630,2025-07-02,2025-07-04,2,23215.0,24025.0,348.9123411587336,343.73853179517465
122630,2025-07-14,2025-07-15,1,24470.0,24925.0,185.94196975888931,180.84963539538367
122630,2025-07-25,2025-07-28,1,24620.0,25330.0,288.3834281072306,283.2398794171409
122630,2025-08-04,2025-08-06,2,23540.0,24515.0,414.1886151231944,408.9821717024211
122630,2025-08-13,2025-08-14,1,25435.0,25605.0,66.83703558089337,61.804246240417804
122630,2025-08-19,2025-08-25,4,24795.0,24935.0,56.4629965718888,51.43539360253912
122630,2025-10-01,2025-10-02,1,30200.0,32115.0,634.1059602649013,628.7895719163905
122630,2025-10-22,2025-10-23,1,37825.0,37785.0,-10.575016523463043,-15.5691046761397
122630,2025-11-19,2025-11-21,2,40775.0,38035.0,-671.9803801348867,-676.6438069435932
122630,2025-11-24,2025-11-27,3,39315.0,41570.0,573.5724278265297,568.2863024608941
122630,2025-12-01,2025-12-03,2,40920.0,41965.0,255.37634408602239,250.2492968750003
122630,2025-12-12,2025-12-15,1,44160.0,42830.0,-301.1775362318836,-306.02634128736315
122630,2025-12-17,2025-12-23,4,41470.0,44460.0,721.0031347962387,715.6433032915355
122630,2025-12-26,2025-12-29,1,44735.0,46120.0,309.60098356991097,304.4468274281886
122630,2026-02-11,2026-02-12,1,77290.0,81490.0,543.4079441066109,538.1368990975543
122630,2026-03-04,2026-03-11,5,85140.0,86180.0,122.15175005872769,117.09130681818225
122630,2026-03-18,2026-03-19,1,89545.0,89050.0,-55.27946842369791,-60.251207144452756
122630,2026-03-26,2026-04-02,5,82440.0,80980.0,-177.0984958757882,-182.00933269650665
122630,2026-04-03,2026-04-06,1,74695.0,76495.0,240.97998527344623,235.86013534205864
122630,2026-04-13,2026-04-14,1,86205.0,93810.0,882.1994083869855,876.7589888202542
122630,2026-05-04,2026-05-06,1,120860.0,144155.0,1927.436703624028,1921.473730737011
122630,2026-05-18,2026-05-22,4,152000.0,173610.0,1421.7105263157891,1416.0003849095392
122630,2026-05-28,2026-05-29,1,188000.0,199000.0,585.106382978724,579.814491356383
122630,2026-06-09,2026-06-15,4,171000.0,200000.0,1695.9064327485373,1690.0592105263156
122630,2026-06-24,2026-06-26,2,194460.0,220440.0,1336.007405121875,1330.3401099197765
122630,2026-07-03,2026-07-16,9,161405.0,125780.0,-2207.180694526192,-2211.076617127722
122630,2026-07-21,2026-07-24,3,109115.0,125230.0,1476.8821885167017,1471.1444647275807
122630,2026-07-27,2026-08-03,5,118855.0,100005.0,-1585.9660931386989,-1590.1725842150106
122630,2026-08-07,2026-08-13,4,93920.0,107465.0,1442.1848381601365,1436.4644608776089
122630,2026-08-19,2026-08-21,2,98000.0,105840.0,800.0000000000007,794.6006750000012
122630,2026-08-25,2026-08-28,3,98280.0,108010.0,990.0284900284895,984.5341626602556
122630,2026-08-31,2026-09-01,1,100610.0,105050.0,441.30802107146485,436.08801964267974
122630,2026-09-09,2026-09-10,1,112680.0,114770.0,185.481008164714,180.38890425319477
122630,2026-09-18,2026-09-21,1,108350.0,110920.0,237.19427780341417,232.07632048915406
122630,2026-09-23,2026-09-28,1,119140.0,115830.0,-277.82440825919076,-282.6848884190869
122630,2026-09-29,,0,109165.0,,,
IDX,2001-05-23,2001-05-24,1,77.6,76.69,-117.26804123711298,-119.24448880154537
IDX,2001-05-28,2001-05-30,2,77.25,78.47,157.92880258899578,155.89731840776722
IDX,2001-06-07,2001-06-11,2,73.64,75.95,313.6882129277563,311.6255784220545
IDX,2001-06-12,2001-06-14,2,74.89,75.71,109.49392442248573,107.47212673254181
IDX,2001-06-15,2001-06-18,1,75.16,76.15,131.71899946780252,129.6927569851003
IDX,2001-06-19,2001-07-02,9,74.49,72.87,-217.47885622231067,-219.43526262585445
IDX,2001-07-04,2001-07-05,1,72.67,73.79,154.12137057933205,152.0906478464301
IDX,2001-07-06,2001-07-23,10,71.56,65.97,-781.1626607043042,-783.0063359837891
IDX,2001-11-07,2001-11-08,1,70.22,69.96,-37.026488180006424,-39.01898325263442
IDX,2001-11-21,2001-11-23,2,75.74,78.18,322.15473989965824,320.0904121732262
IDX,2001-11-29,2001-12-04,3,77.75,80.56,361.41479099678577,359.3426116527354
IDX,2001-12-11,2001-12-21,8,82.26,81.41,-103.33090201799288,-105.31013687089752
IDX,2002-01-09,2002-01-10,1,91.84,93.87,221.03658536585468,218.99248025914807
IDX,2002-01-11,2002-01-15,2,92.23,91.83,-43.36983627886815,-45.36106274531049
IDX,2002-01-16,2002-01-22,4,89.93,90.25,35.58323140220088,33.57621511175246
IDX,2002-02-04,2002-02-07,3,92.32,91.82,-54.15944540727913,-56.14851405979171
IDX,2002-02-08,2002-02-14,1,91.15,95.53,480.5266044980794,478.43060398244705
IDX,2002-02-18,2002-02-19,1,97.99,99.3,133.68711092968778,131.66047484437283
IDX,2002-02-20,2002-02-22,2,96.76,96.79,3.1004547333601806,1.0999346734186233
IDX,2002-03-05,2002-03-06,1,106.21,105.24,-91.32850014123007,-93.31013535448629
IDX,2002-03-08,2002-03-13,3,103.61,105.01,135.12209246211881,133.0951693948479
IDX,2002-03-26,2002-03-28,2,108.49,112.99,414.7847727901199,412.7019199834114
IDX,2002-03-29,2002-04-01,1,112.73,112.53,-17.741506253881045,-19.737858130044472
IDX,2002-04-02,2002-04-03,1,109.68,112.41,248.90590809627966,246.8562294037202
IDX,2002-04-09,2002-04-15,4,112.37,110.01,-210.0204680964668,-211.97836610305166
IDX,2002-04-22,2002-04-24,2,116.61,116.12,-42.02040991338585,-44.01190625160645
IDX,2002-04-26,2002-05-03,4,110.19,107.07,-283.1472910427446,-285.0905644160084
IDX,2002-05-07,2002-05-09,2,101.86,108.67,668.5646966424508,666.4310903887705
IDX,2002-05-10,2002-05-15,3,104.51,107.02,240.1684049373265,238.12047365802334
IDX,2002-05-17,2002-05-20,1,109.3,110.46,106.12991765782232,104.10879273559104
IDX,2002-05-21,2002-05-23,2,107.9,108.1,18.53568118628246,16.532074235402483
IDX,2002-05-24,2002-05-27,1,107.51,107.28,-21.393358757325622,-23.38898029950687
IDX,2002-05-28,2002-05-29,1,106.8,106.06,-69.288389513108,-71.27443252808897
IDX,2002-06-03,2002-06-07,3,100.54,100.16,-37.79590212850681,-39.78824332603992
IDX,2002-06-17,2002-07-02,10,103.34,91.16,-1178.633636539579,-1180.3978215986067
IDX,2002-07-09,2002-07-10,1,99.3,100.1,80.56394763343411,78.54793564954664
IDX,2002-07-12,2002-07-15,1,97.99,99.02,105.11276660883695,103.09184510664426
IDX,2002-07-16,2002-07-31,10,98.79,91.1,-778.4188683065097,-780.2630923170361
IDX,2003-06-09,2003-06-10,1,81.5,82.2,85.88957055214675,83.8724934969326
IDX,2003-06-12,2003-06-13,1,83.86,84.49,75.12520868113492,73.1102843906517
IDX,2003-06-24,2003-06-27,3,84.71,87.22,296.30504072718725,294.24588268209374
IDX,2003-06-30,2003-07-02,2,86.04,87.25,140.63226406322516,138.60423901673525
IDX,2003-07-04,2003-07-07,1,87.75,89.4,188.03418803418958,185.9966830769255
IDX,2003-07-11,2003-07-15,2,88.79,92.65,434.7336411758085,432.6467987949112
IDX,2003-07-16,2003-07-18,1,92.4,89.75,-286.7965367965375,-288.7390803571432
IDX,2003-07-21,2003-07-25,4,89.6,89.5,-11.160714285713969,-13.158382254463419
IDX,2003-07-31,2003-08-04,2,91.91,92.45,58.75312806005839,56.74147802197771
IDX,2003-08-05,2003-08-06,1,92.94,91.27,-179.6858188078332,-181.64978344092918
IDX,2003-08-11,2003-08-14,3,89.73,91.58,206.17407778892095,204.13294503510483
IDX,2003-08-21,2003-08-22,1,95.48,97.22,182.23711772098915,180.20077211981624
IDX,2003-08-29,2003-09-01,1,97.22,98.07,87.43056984159558,85.41318460193459
IDX,2003-09-05,2003-09-15,3,98.58,98.52,-6.08642726719455,-8.085110042604926
IDX,2003-09-16,2003-09-17,1,96.71,99.32,269.879019749768,267.8251466446091
IDX,2003-09-19,2003-10-02,9,98.57,92.22,-644.2122349599266,-646.0832989550557
IDX,2003-10-09,2003-10-10,1,93.16,94.81,177.11464147702972,175.07932031988193
IDX,2003-10-20,2003-10-21,1,99.17,101.12,196.63204598164842,194.59282153877265
IDX,2003-10-30,2003-10-31,1,101.79,102.25,45.191079673838615,43.1821419098144
IDX,2003-11-07,2003-11-10,1,103.22,103.81,57.159465219918104,55.148133898470505
IDX,2003-11-17,2003-11-26,7,104.46,99.95,-431.7442083094003,-433.6577637851802
IDX,2003-12-08,2003-12-11,3,100.55,103.0,243.6598707110904,241.61124117354714
IDX,2003-12-12,2003-12-15,1,104.2,106.37,208.2533589251434,206.21181033589232
IDX,2003-12-18,2003-12-22,2,103.5,104.85,130.4347826086949,128.40879695652063
IDX,2003-12-23,2004-01-02,5,104.89,105.9,96.29135284583867,94.27219553818311
IDX,2004-01-09,2004-01-12,1,108.79,110.05,115.81946870116599,113.79640596562047
IDX,2004-01-29,2004-02-09,7,111.46,112.62,104.07321012022352,102.05249651893178
IDX,2004-02-19,2004-02-20,1,115.33,114.83,-43.35385415763504,-45.34508382034175
IDX,2004-02-25,2004-03-02,3,113.41,117.22,335.9492108279705,333.8821243452972
IDX,2004-03-04,2004-03-05,1,117.89,119.19,110.27228772584552,108.25033437102505
IDX,2004-03-08,2004-03-18,8,119.37,115.45,-328.3907179358303,-330.32494307615013
IDX,2004-03-23,2004-03-29,4,112.14,114.2,183.69894774389107,181.6623097913328
IDX,2004-04-06,2004-04-07,1,118.58,119.61,86.86119075729471,84.84391938775593
IDX,2004-04-14,2004-04-16,1,119.56,118.8,-63.5664101706257,-65.55359752425494
IDX,2004-04-19,2004-04-21,2,118.22,119.35,95.58450346810909,93.56548752326165
IDX,2004-04-23,2004-04-26,1,122.52,122.17,-28.56676460985863,-30.56095154260308
IDX,2004-04-27,2004-05-12,10,120.11,104.11,-1332.1122304554156,-1333.8457213304466
IDX,2004-09-23,2004-10-04,4,106.75,111.14,411.2412177985947,409.15907366744887
IDX,2004-10-13,2004-10-20,5,111.23,109.59,-147.4422368066175,-149.41264983367785
IDX,2004-11-05,2004-11-08,1,111.76,112.17,36.68575518969153,34.67851840551095
IDX,2004-11-09,2004-11-11,2,109.27,110.67,128.1229980781551,126.09747475976985
IDX,2004-11-17,2004-11-18,1,114.12,114.64,45.566070802662836,43.55705804416354
IDX,2004-11-19,2004-11-25,4,113.81,112.84,-85.22976891310097,-87.21262381161554
IDX,2004-11-26,2004-12-01,3,113.31,112.88,-37.948989497837985,-39.941300079427975
IDX,2004-12-03,2004-12-06,1,114.97,112.92,-178.30738453509576,-180.27162484126168
IDX,2004-12-08,2004-12-16,6,110.24,112.04,163.2801161103048,161.24756171988386
IDX,2004-12-24,2004-12-29,3,112.69,111.96,-64.77948353891261,-66.76642828999934
IDX,2005-01-07,2005-01-12,3,113.61,114.71,96.8224628113723,94.80319928703463
IDX,2005-01-19,2005-01-20,1,119.85,118.05,-150.18773466833557,-152.15759862327815
IDX,2005-02-02,2005-02-04,2,120.3,120.5,16.625103906899863,14.621879052370002
IDX,2005-02-23,2005-02-25,2,125.49,128.66,252.60976970276516,250.5593502749237
IDX,2005-03-09,2005-03-10,1,128.83,130.07,96.25087324380831,94.23172403166814
IDX,2005-03-11,2005-03-14,1,129.84,131.34,115.5268022181155,113.50379801294164
IDX,2005-03-16,2005-03-29,9,127.64,126.65,-77.56189282356551,-79.54628122061935
IDX,2005-03-30,2005-04-04,3,123.26,126.77,284.763913678403,282.70706374330825
IDX,2005-04-15,2005-04-22,5,123.49,123.03,-37.24997975544486,-39.24243013199269
IDX,2005-04-25,2005-04-26,1,120.79,122.21,117.55940061263237,115.53598990810431
IDX,2005-04-27,2005-05-06,6,120.85,120.4,-37.236243276788095,-39.22869640049398
IDX,2005-05-11,2005-05-17,4,119.48,120.9,118.84834281888246,116.8246743388024
IDX,2005-05-26,2005-05-30,2,121.24,124.02,229.2972616298261,227.25150447047372
IDX,2005-06-03,2005-06-07,1,125.2,125.62,33.54632587859507,31.539716948882912
IDX,2005-06-14,2005-06-16,2,127.51,129.04,119.9905889734132,117.96669205552446
IDX,2005-07-06,2005-07-07,1,131.15,130.24,-69.38619900876853,-71.37222246282771
IDX,2005-07-11,2005-07-12,1,132.99,134.88,142.11594856756048,140.0876267990081
IDX,2005-07-13,2005-07-14,1,134.79,136.09,96.44632391127006,94.42713561095273
IDX,2005-07-18,2005-07-19,1,136.73,136.76,2.194105170774119,0.19376637168111444
IDX,2005-08-04,2005-08-11,5,144.55,142.64,-132.1342096160516,-134.10768409547023
IDX,2005-08-17,2005-08-23,4,143.13,144.61,103.40250122266693,101.38192175644711
IDX,2005-08-29,2005-09-01,3,137.85,141.45,261.1534276387384,259.1012995647457
IDX,2005-09-13,2005-09-14,1,150.39,149.87,-34.57676707227741,-36.5697520646302
IDX,2005-09-26,2005-09-27,1,153.2,156.7,228.4595300261105,226.41394040470163
IDX,2005-10-04,2005-10-05,1,158.49,160.33,116.09565272256984,114.0725347529825
IDX,2005-10-13,2005-10-24,7,154.82,152.98,-118.84769409637008,-120.82382574602701
IDX,2005-10-26,2005-10-27,1,152.18,150.92,-82.79668813247598,-84.78002962281516
IDX,2005-10-28,2005-11-02,3,147.58,153.8,421.4663233500482,419.38213430004146
IDX,2005-11-23,2005-11-24,1,160.61,165.55,307.57736131000524,305.5159489135173
IDX,2005-12-05,2005-12-06,1,167.84,167.79,-2.9790276453767195,-4.978331869637254
IDX,2006-01-18,2006-01-26,6,176.82,174.45,-134.0346114692914,-136.00770588734323
IDX,2006-02-06,2006-02-13,5,171.77,173.15,80.33998952087006,78.32402232636593
IDX,2006-02-16,2006-02-20,2,168.8,172.78,235.78199052132652,233.7349364810426
IDX,2006-03-03,2006-03-14,7,176.52,173.07,-195.4452753229108,-197.40608822229834
IDX,2006-03-22,2006-03-28,4,171.52,172.14,36.14738805969964,34.14025894356243
IDX,2006-05-04,2006-05-08,1,186.23,189.44,172.36750255060994,170.33313077377653
IDX,2006-05-23,2006-05-30,5,171.66,172.59,54.176861237329454,52.16612640685181
IDX,2006-06-02,2006-06-19,10,170.38,162.11,-485.3856086395103,-487.2884363716379
IDX,2006-08-18,2006-08-21,1,172.94,173.46,30.068231756679165,28.0623184110107
IDX,2006-09-05,2006-09-06,1,176.57,176.91,19.2558192218395,17.25206825055503
IDX,2006-09-12,2006-09-15,3,173.02,175.85,163.56490579123806,161.5322944457298
IDX,2006-11-09,2006-11-10,1,178.93,180.55,90.5381992958132,88.52019256133659
IDX,2006-11-21,2006-11-23,2,181.76,183.8,112.23591549295975,110.21356943222038
IDX,2006-12-05,2006-12-15,8,185.11,183.51,-86.4350926476165,-88.41770649343772
IDX,2007-01-04,2007-01-15,7,182.26,180.55,-93.8220125096001,-95.80314904531706
IDX,2007-01-30,2007-02-02,3,176.7,179.58,162.98811544991577,160.95561945670855
IDX,2007-02-28,2007-03-08,5,180.5,182.07,86.98060941828123,84.96331416620428
IDX,2007-03-15,2007-03-20,3,183.35,187.02,200.16362148895573,198.1236907662942
IDX,2007-03-23,2007-03-26,1,187.39,187.41,1.0672928117827496,-0.932820636105891
IDX,2007-04-27,2007-05-03,3,198.76,201.12,118.73616421815392,116.71251817267247
IDX,2007-05-11,2007-05-14,1,204.14,207.12,145.97825022043764,143.94915603017643
IDX,2007-05-16,2007-05-17,1,204.42,207.32,141.8647881811963,139.83651664220886
IDX,2007-06-12,2007-06-15,3,218.02,224.85,313.2740115585708,311.21145988900037
IDX,2007-06-21,2007-06-22,1,225.65,228.65,132.9492576999769,130.9227691779302
IDX,2007-07-02,2007-07-03,1,220.88,227.29,290.20282506338367,288.1448874003989
IDX,2007-07-19,2007-07-23,2,245.43,250.66,213.09538361243386,211.05286666666555
IDX,2007-07-27,2007-08-09,9,243.56,242.85,-29.150927902775734,-31.144998008704185
IDX,2007-08-17,2007-08-22,3,217.05,220.9,177.3784842202253,175.34311029716588
IDX,2007-08-28,2007-08-29,1,229.11,225.41,-161.4944786347172,-163.46208135393448
IDX,2007-08-31,2007-09-03,1,234.38,238.64,181.756122536052,179.7198731291072
IDX,2007-09-05,2007-09-07,2,239.01,239.25,10.041420861053307,8.039512677295857
IDX,2007-09-13,2007-09-14,1,230.02,234.73,204.76480306060196,202.72395214763873
IDX,2007-09-19,2007-09-20,1,239.51,241.04,63.880422529329906,61.86774708362819
IDX,2007-10-15,2007-10-26,9,259.24,249.95,-358.355192099985,-360.2834246451159
IDX,2007-11-05,2007-11-07,2,255.05,261.78,263.86982944520463,261.817158118014
IDX,2007-11-08,2007-11-15,5,254.38,249.79,-180.4387137353569,-182.4025277969965
IDX,2007-11-20,2007-11-27,5,234.58,230.68,-166.25458265836835,-168.221233404382
IDX,2007-11-29,2007-11-30,1,239.42,239.72,12.530281513658537,10.527875582659885
IDX,2007-12-10,2007-12-13,3,246.93,246.32,-24.703357226745215,-26.698316802332698
IDX,2007-12-18,2007-12-24,3,231.79,242.25,451.2705466154721,449.18039701885573
IDX,2008-01-02,2008-01-16,10,240.47,216.9,-980.1638458019712,-981.9677228344481
IDX,2008-05-13,2008-05-15,2,234.82,238.12,140.53317434630895,138.50516911677158
IDX,2008-05-22,2008-05-30,6,234.3,236.96,113.52966282543787,111.50705802817073
IDX,2008-06-04,2008-06-17,8,233.46,225.65,-334.5326822582029,-336.46567906707725
IDX,2009-04-07,2009-04-08,1,168.3,166.3,-118.83541295306,-120.81154705882224
IDX,2009-04-17,2009-04-21,2,174.03,168.58,-313.1643969430553,-315.10166719531
IDX,2009-04-29,2009-05-04,2,168.53,178.23,575.5651812733631,573.45017399276
IDX,2009-05-15,2009-05-20,3,178.09,182.75,261.6654500533433,259.6132195799883
IDX,2009-05-25,2009-05-29,4,177.58,178.16,32.66133573600616,30.654903795472865
IDX,2009-06-03,2009-06-04,1,181.78,179.55,-122.67576191000052,-124.65112798437539
IDX,2009-06-05,2009-06-11,4,177.43,180.49,172.46237952995625,170.42798877867415
IDX,2009-06-19,2009-06-23,2,176.96,175.17,-101.15280289331064,-103.13247334425957
IDX,2009-06-30,2009-07-01,1,180.65,178.53,-117.35399944644342,-119.33042982009367
IDX,2009-07-14,2009-07-16,2,181.13,186.57,300.3367746922092,298.2768103406386
IDX,2009-08-06,2009-08-07,1,202.59,203.41,40.47583789920539,38.46784313638496
IDX,2009-08-14,2009-08-17,1,204.92,205.97,51.2395081007222,49.229360711497975
IDX,2009-08-18,2009-08-21,3,198.88,206.05,360.5189058728886,358.44690569690306
IDX,2009-09-21,2009-09-22,1,222.35,222.72,16.640431751742124,14.637203831797674
IDX,2009-10-06,2009-10-12,4,212.19,217.34,242.70700787030418,240.65856889580184
IDX,2009-10-19,2009-10-20,1,213.89,218.31,206.64827715180854,204.60704956286156
IDX,2009-10-29,2009-11-05,5,207.5,205.57,-93.01204819277098,-94.99334671325244
IDX,2009-11-06,2009-11-09,1,207.0,207.29,14.0096618357477,12.00696004347801
IDX,2009-11-11,2009-11-12,1,209.41,210.51,52.528532543814066,50.51812736259098
IDX,2009-11-13,2009-11-17,2,208.0,210.86,137.5000000000015,135.47260137500183
IDX,2009-11-18,2009-11-19,1,210.54,212.28,82.64462809917327,80.62820000000137
IDX,2009-11-27,2009-12-03,4,207.4,211.01,174.05978784956534,172.0250776325938
IDX,2009-12-18,2009-12-23,3,215.82,218.66,131.59114076545242,129.5649238532115
IDX,2010-01-08,2010-01-13,3,222.65,220.82,-82.19178082191858,-84.17524328767078
IDX,2010-01-14,2010-01-18,2,220.39,222.26,84.8495848268982,82.83271575842966
IDX,2010-01-28,2010-02-04,5,213.94,211.82,-99.09320370197317,-101.07328605216459
IDX,2010-02-22,2010-02-23,1,211.92,213.29,64.64703661759108,62.634207856737675
IDX,2010-02-26,2010-03-03,2,208.53,211.42,138.58917182179908,136.56155537332683
IDX,2010-03-12,2010-03-18,4,218.11,219.69,72.44051166842347,70.42612429049467
IDX,2010-03-19,2010-03-22,1,220.05,219.31,-33.62872074528567,-35.62189533742321
IDX,2010-03-25,2010-03-26,1,220.11,220.35,10.903639089545614,8.901558470764126
IDX,2010-04-13,2010-04-15,2,225.21,229.52,191.37693708094704,189.33876360730073
IDX,2010-05-06,2010-05-14,6,219.56,219.58,0.9109127345596768,-1.0891694388770468
IDX,2010-06-30,2010-07-07,5,218.7,219.09,17.832647462276974,15.82918111111109
IDX,2010-07-14,2010-07-15,1,228.79,228.75,-1.7483281611951895,-3.747878513045144
IDX,2010-07-19,2010-07-22,3,223.64,227.33,164.9973171167951,162.96441930334638
IDX,2010-07-23,2010-07-26,1,229.05,229.7,28.378083387905484,26.372508055010346
IDX,2010-08-02,2010-08-03,1,230.82,234.1,142.10207087774097,140.07375188458627
IDX,2010-08-11,2010-08-18,5,231.15,229.14,-86.95652173913105,-88.9390313043481
IDX,2010-08-24,2010-08-31,5,228.6,227.88,-31.496062992125708,-33.48966409448706
IDX,2010-09-08,2010-09-13,3,231.31,235.23,169.46954303748151,167.4357508235702
IDX,2010-09-17,2010-09-20,1,237.04,236.71,-13.92170097873735,-15.918816777757971
IDX,2010-09-29,2010-09-30,1,241.94,242.67,30.172770108289892,28.16683585599611
IDX,2010-10-12,2010-10-15,3,245.76,246.03,10.986328125,8.984230969240059
IDX,2010-10-19,2010-10-25,4,242.96,246.52,146.52617714850268,144.49697337833635
IDX,2010-11-01,2010-11-02,1,243.92,247.02,127.09084945883964,125.0655325598582
IDX,2010-11-08,2010-11-09,1,252.32,251.81,-20.212428662016446,-22.208286378407884
IDX,2010-11-12,2010-11-19,5,252.78,252.3,-18.988844054117493,-20.984946475194334
IDX,2010-11-29,2010-12-02,3,249.92,254.61,187.66005121638952,185.6226210827483
IDX,2010-12-09,2010-12-10,1,258.57,261.57,116.02274045712902,113.99963706926641
IDX,2010-12-27,2010-12-29,2,267.68,268.29,22.7884040645554,20.783946611626636
IDX,2011-01-14,2011-01-17,1,275.39,278.49,112.56763135916393,110.54521895856873
IDX,2011-01-18,2011-01-20,2,276.43,278.52,75.60684440907295,73.59182379625962
IDX,2011-01-24,2011-01-27,3,272.25,279.34,260.42240587695,258.3704239999984
IDX,2011-02-01,2011-02-16,8,274.5,264.95,-347.90528233151207,-349.83560475409735
IDX,2011-02-17,2011-02-21,2,264.41,265.88,55.595476721757024,53.584458182367456
IDX,2011-02-25,2011-03-04,4,258.49,263.06,176.79600758249813,174.76075014894343
IDX,2011-03-08,2011-03-09,1,261.87,264.84,113.41505327070678,111.39247139420493
IDX,2011-04-13,2011-04-14,1,276.5,279.89,122.60397830017978,120.57955873056025
IDX,2011-05-11,2011-05-19,6,285.66,282.39,-114.47174963243101,-116.44875642722097
IDX,2011-05-20,2011-05-23,1,277.26,277.08,-6.49210127678046,-8.490702921445381
IDX,2011-05-24,2011-05-27,3,270.87,275.62,175.36087422010516,173.32590379887102
IDX,2011-06-13,2011-06-15,2,266.81,275.12,311.4575915445439,309.3954031408108
IDX,2011-06-17,2011-06-22,3,270.18,271.25,39.60322747797784,37.59540722851451
IDX,2011-06-29,2011-06-30,1,275.33,275.82,17.79682562742968,15.793366440273182
IDX,2011-07-13,2011-07-18,3,276.83,279.93,111.98208286674172,109.95978756999092
IDX,2011-08-01,2011-08-02,1,280.86,279.54,-46.99850459303545,-48.98900536210115
IDX,2011-08-03,2011-08-17,9,269.8,240.68,-1079.318013343218,-1081.1020605337285
IDX,2012-02-17,2012-02-20,1,265.9,268.28,89.5073335840535,87.48953301241036
IDX,2012-03-05,2012-03-12,5,266.56,265.67,-33.38835534213658,-35.381578004950455
IDX,2012-03-13,2012-03-14,1,265.1,270.47,202.56506978498788,200.52465879668136
IDX,2012-03-15,2012-03-16,1,269.81,271.39,58.559727215448106,56.5481158556036
IDX,2012-03-19,2012-03-20,1,269.01,270.2,44.236273744471255,42.22752693208598
IDX,2012-04-12,2012-04-16,2,263.88,263.58,-11.368804001818944,-13.366430354705416
IDX,2012-04-18,2012-04-19,1,267.39,265.6,-66.94341598414199,-68.92992797037812
IDX,2012-04-26,2012-04-27,1,262.89,262.7,-7.227357449883787,-9.225812050667193
IDX,2012-05-14,2012-05-23,7,254.07,240.7,-526.2329279332467,-528.1275866099888
IDX,2012-08-22,2012-08-30,6,256.9,253.29,-140.52160373686172,-142.49340082132966
IDX,2012-09-21,2012-09-25,2,263.26,262.18,-41.024082655929384,-43.01577824963876
IDX,2012-09-26,2012-10-02,3,259.38,262.82,132.6239494178427,130.59752595419917
IDX,2012-10-04,2012-10-05,1,262.68,263.65,36.92705954012388,34.91977449748607
IDX,2012-10-10,2012-10-17,5,257.25,255.98,-49.3683187560745,-51.358345586005605
IDX,2012-12-11,2012-12-12,1,259.7,261.19,57.373892953407335,55.36251874855624
IDX,2012-12-24,2013-01-02,4,262.39,266.24,146.7281527497244,144.69890858645584
IDX,2013-01-10,2013-01-11,1,263.09,266.47,128.47314607168815,126.44755272720687
IDX,2013-02-07,2013-02-12,2,254.68,258.33,143.31710381655373,141.28854182896112
IDX,2013-02-26,2013-03-04,3,263.76,268.51,180.08795875037896,178.05204295950892
IDX,2013-03-05,2013-03-06,1,267.57,269.01,53.81769256643132,51.80702956609551
IDX,2013-03-13,2013-03-26,9,262.69,259.42,-124.48132780082943,-126.45633278008161
IDX,2013-04-01,2013-04-02,1,264.16,262.37,-67.76196244700272,-69.74831073213173
IDX,2013-06-03,2013-06-18,10,260.48,245.44,-577.3955773955786,-579.2800040540546
IDX,2013-09-16,2013-09-17,1,263.4,263.19,-7.972665148062719,-9.970970694759274
IDX,2013-10-04,2013-10-08,2,262.27,260.95,-50.32981278834781,-52.31964732908767
IDX,2013-10-17,2013-10-18,1,270.6,270.51,-3.32594235033401,-5.325177195122377
IDX,2013-10-24,2013-10-29,3,267.85,269.5,61.60164271047152,59.58942299794767
IDX,2013-11-07,2013-11-13,4,264.71,262.42,-86.5097654036484,-88.49236431566432
IDX,2013-11-15,2013-11-18,1,260.48,265.38,188.1142506142508,186.07672964527035
IDX,2013-11-26,2013-11-27,1,264.02,265.28,47.72365729868832,45.71421304446544
IDX,2013-12-03,2013-12-10,5,266.64,263.55,-115.88658865886447,-117.86331249999837
IDX,2013-12-12,2013-12-19,5,258.95,263.16,162.57964858080953,160.547234276891
IDX,2013-12-20,2013-12-23,1,259.85,262.78,112.75736001539194,110.73490967096421
IDX,2013-12-27,2013-12-30,1,262.47,263.55,41.14755972111084,39.139430620642734
IDX,2014-01-17,2014-01-21,2,255.54,255.03,-19.95773655787736,-21.953645210142092
IDX,2014-03-06,2014-03-07,1,257.66,258.21,21.345959791971847,19.34179081347409
IDX,2014-04-04,2014-04-07,1,259.21,259.03,-6.944176536399782,-8.94268777053342
IDX,2014-04-29,2014-05-12,6,257.52,254.23,-127.75706741223969,-129.73141727632753
IDX,2014-05-27,2014-05-29,2,262.92,263.61,26.243724326791007,24.238575844364174
IDX,2014-06-02,2014-06-05,2,260.49,262.27,68.3327574954884,66.3191916273176
IDX,2014-06-10,2014-06-11,1,261.24,262.19,36.36502832644162,34.35785568442817
IDX,2014-07-22,2014-07-23,1,261.94,263.34,53.447354355957714,51.436765419561326
IDX,2014-08-01,2014-08-05,2,268.01,268.92,33.953956941905616,31.947266490057746
IDX,2014-08-11,2014-08-14,3,264.59,266.47,71.05332779016705,69.03921783514289
IDX,2014-08-27,2014-08-28,1,266.12,267.24,42.08627686757893,40.07796003306918
IDX,2014-09-12,2014-09-17,3,261.01,262.71,65.13160415309693,63.118678483582435
IDX,2014-09-22,2014-10-07,10,262.06,250.9,-425.8566740441116,-427.7714069678684
IDX,2015-03-27,2015-04-01,3,256.41,256.44,1.1700011700011004,-0.8301328185322809
IDX,2015-04-02,2015-04-06,2,256.07,257.2,44.12855859725839,42.119833326825784
IDX,2015-04-29,2015-05-14,9,269.54,263.18,-235.9575573198791,-237.9102681679901
IDX,2015-05-29,2015-06-12,10,259.88,253.94,-228.56703093735553,-230.52121981683715
IDX,2016-04-21,2016-04-22,1,248.45,248.44,-0.4024954719250573,-2.4023149768548357
IDX,2016-05-27,2016-05-30,1,241.25,241.94,28.601036269428892,26.595416348185186
IDX,2016-06-14,2016-06-21,5,243.79,244.6,33.22531687107721,31.21877213995594
IDX,2016-08-01,2016-08-02,1,252.91,252.8,-4.349373294847414,-6.348403463681818
IDX,2016-08-17,2016-08-18,1,255.82,256.62,31.271988116645666,29.26583403174199
IDX,2016-09-08,2016-09-09,1,260.72,258.68,-78.24486038662259,-80.22911219699336
IDX,2016-09-13,2016-09-21,3,253.39,254.65,49.7257192470113,47.715874600420264
IDX,2016-09-23,2016-09-26,1,258.44,258.07,-14.316669246247082,-16.313706055564037
IDX,2016-09-29,2016-09-30,1,259.6,258.3,-50.0770416024654,-52.06692669491475
IDX,2016-10-04,2016-10-05,1,259.51,257.51,-77.06832106662564,-79.05280817309458
IDX,2016-10-10,2016-10-11,1,258.85,259.29,16.998261541432136,14.99496205910722
IDX,2016-10-14,2016-10-18,2,254.7,256.17,57.7149587750303,55.70351636042581
IDX,2016-11-15,2016-11-18,3,250.39,250.9,20.368225568114795,18.364252126683578
IDX,2016-12-20,2016-12-21,1,262.78,263.76,37.29355354288755,35.286195205115334
IDX,2016-12-22,2016-12-28,4,262.71,259.65,-116.4782459746494,-118.45485149023615
IDX,2016-12-29,2017-01-04,3,259.02,263.19,160.99142923326372,158.9593325573313
IDX,2017-02-03,2017-02-07,2,269.1,269.52,15.607580824970047,13.604559464881483
IDX,2017-02-13,2017-02-14,1,268.48,268.82,12.66388557806808,10.661452927591686
IDX,2017-02-28,2017-03-03,2,269.27,271.03,65.36190440821431,63.34893268095332
IDX,2017-03-10,2017-03-13,1,271.08,273.03,71.93448428508108,69.92019810756922
IDX,2017-03-24,2017-03-30,4,282.66,282.44,-7.783202434020753,-9.781545871365704
IDX,2017-04-03,2017-04-04,1,281.51,281.25,-9.235906362118351,-11.233959273204697
IDX,2017-04-12,2017-04-14,2,276.11,277.59,53.60182535945724,51.59120553040353
IDX,2017-05-02,2017-05-04,1,288.6,290.53,66.87456687456405,64.86129262993634
IDX,2017-05-11,2017-05-12,1,297.25,299.78,85.11354079058009,83.09661893355802
IDX,2017-05-15,2017-05-16,1,298.54,301.25,90.77510551349866,88.75705140014789
IDX,2017-06-08,2017-06-09,1,305.7,307.51,59.20837422309422,57.196633140335074
IDX,2017-09-14,2017-09-15,1,310.82,311.19,11.903995881861196,9.901715201725558
IDX,2017-10-20,2017-10-23,1,327.08,330.24,96.6124495536258,94.59322802984005
IDX,2017-10-25,2017-10-26,1,329.75,328.63,-33.965125094769235,-35.95823240940099
IDX,2017-11-14,2017-11-17,3,334.63,336.05,42.434928129575496,40.42654156829917
IDX,2017-12-01,2017-12-05,2,326.85,326.77,-2.447605935446129,-4.4470164387344635
IDX,2017-12-15,2017-12-18,1,327.39,327.09,-9.16338312104914,-11.161450536057993
IDX,2017-12-21,2018-01-02,5,325.82,325.73,-2.7622613713085276,-4.761608946656226
IDX,2018-01-11,2018-01-17,4,326.92,329.31,73.1065704147804,71.09204983176465
IDX,2018-01-19,2018-01-22,1,329.81,328.78,-31.230102180044295,-33.22375647190845
IDX,2018-03-22,2018-03-23,1,322.97,316.6,-197.2319410471557,-199.19239663126476
IDX,2018-05-04,2018-05-11,4,320.56,318.03,-78.92438233092159,-80.90849824369806
IDX,2019-04-16,2019-04-17,1,289.18,290.68,51.870807109759554,49.86053346704544
IDX,2019-09-26,2019-10-02,4,275.61,272.39,-116.83175501614684,-118.8082898334608
IDX,2019-11-01,2019-11-04,1,276.17,279.9,135.0617373356977,133.03482633884923
IDX,2019-11-11,2019-11-13,2,283.3,282.28,-36.00423579244727,-37.99693530532999
IDX,2019-11-27,2019-11-28,1,283.56,281.23,-82.16955847086926,-84.15302538086978
IDX,2019-11-29,2019-12-09,6,282.08,278.31,-133.6500283607478,-135.62319969157576
IDX,2019-12-26,2019-12-30,2,293.12,294.6,50.49126637554746,48.48126862718516
IDX,2020-01-22,2020-01-23,1,301.79,303.77,65.60853573676972,63.595514685708125
IDX,2020-01-31,2020-02-05,3,290.24,293.57,114.73263506063924,112.70978968095369
IDX,2020-02-14,2020-02-17,1,300.95,302.84,62.801129755774014,60.788670157834176
IDX,2020-02-24,2020-03-05,8,285.51,280.66,-169.87145809253533,-171.83738549963024
IDX,2020-06-05,2020-06-08,1,286.3,295.41,318.1976947258125,316.13415836884593
IDX,2020-06-09,2020-06-10,1,293.96,291.03,-99.67342495577624,-101.65339126751883
IDX,2020-07-01,2020-07-03,2,283.1,285.59,87.95478629459285,85.93729621688252
IDX,2020-07-08,2020-07-14,4,287.2,288.42,42.479108635098406,40.4707132381632
IDX,2020-07-17,2020-07-20,1,289.9,292.76,98.65470852018055,96.63507856502385
IDX,2020-07-31,2020-08-03,1,303.69,299.57,-135.66465803944828,-137.6374264644864
IDX,2020-08-19,2020-08-25,4,315.96,312.45,-111.09001139384733,-113.06769450246779
IDX,2020-08-28,2020-08-31,1,313.86,315.46,50.97814312113647,48.9680480022936
IDX,2020-09-22,2020-09-29,5,315.53,310.01,-174.9437454441727,-176.90865844452009
IDX,2020-10-20,2020-10-21,1,311.02,315.34,138.89782007587837,136.87014190084224
IDX,2020-10-27,2020-11-04,6,311.5,314.31,90.2086677367575,88.19072690529728
IDX,2020-12-09,2020-12-10,1,363.77,370.74,191.60458531489732,189.56636631388025
IDX,2020-12-23,2020-12-24,1,367.02,371.67,126.69609285597572,124.67085490436514
IDX,2021-01-07,2021-01-08,1,404.0,412.06,199.50495049504858,197.46515150000033
IDX,2021-01-18,2021-01-21,3,419.7,425.29,133.19037407672153,131.16383733380977
IDX,2021-01-25,2021-01-26,1,427.64,436.27,201.80525675802085,199.7649977247229
IDX,2021-01-28,2021-02-03,4,422.92,422.69,-5.438380781235264,-7.437193159461897
IDX,2021-02-09,2021-02-15,2,420.71,420.85,3.3277079223226202,1.3271424140159915
IDX,2021-02-19,2021-02-26,5,417.98,421.19,76.79793291545111,74.78267409684713
IDX,2021-03-09,2021-03-12,3,407.33,413.67,155.6477548916124,153.61672689711224
IDX,2021-04-12,2021-04-14,2,424.73,429.14,103.83066889553261,101.81000380006023
IDX,2021-04-23,2021-04-27,2,426.68,432.46,135.46451673385195,133.43752518515163
IDX,2021-05-04,2021-05-07,2,420.99,426.51,131.11950402622253,129.09338143661353
IDX,2021-06-10,2021-06-14,2,428.23,432.7,104.3831585830035,102.36238299511812
IDX,2021-07-05,2021-07-06,1,436.53,437.96,32.75834421460067,30.7518928733419
IDX,2021-07-28,2021-07-30,2,427.3,428.12,19.19026445120542,17.186526590218243
IDX,2021-08-06,2021-08-09,1,434.85,431.57,-75.42830861216542,-77.41312370472487
IDX,2021-08-18,2021-08-25,5,410.92,414.01,75.19711866056599,73.18217998880661
IDX,2021-09-03,2021-09-06,1,417.67,418.99,31.603897814063142,29.597677350539087
IDX,2023-01-31,2023-02-03,3,322.71,323.58,26.959189365065583,24.953897796784474
IDX,2023-02-07,2023-02-09,2,319.36,323.71,136.20991983967824,134.18277921781075
IDX,2023-02-27,2023-03-06,4,314.29,319.22,156.86149734321918,154.83022661236578
IDX,2023-03-08,2023-03-20,8,316.14,311.59,-143.92357816157443,-145.89469488517693
IDX,2023-05-12,2023-05-17,3,324.83,325.61,24.0125604162178,22.00785814426176
IDX,2023-06-08,2023-06-09,1,342.16,344.28,61.95931727846382,59.947026034601336
IDX,2023-06-16,2023-06-19,1,345.09,344.36,-21.153901880667235,-23.149571311829042
IDX,2023-06-30,2023-07-04,2,337.56,343.54,177.1536911956395,175.11836222893874
IDX,2023-07-07,2023-07-12,3,334.79,336.82,60.63502494100703,58.6229985423703
IDX,2023-07-14,2023-07-17,1,343.49,345.38,55.02343590788605,53.01253177093956
IDX,2023-07-27,2023-07-28,1,341.64,343.55,55.906802482146304,53.89572168071899
IDX,2023-08-08,2023-08-10,2,342.12,339.69,-71.02770957558735,-73.01340474394902
IDX,2023-08-14,2023-08-23,6,338.58,328.95,-284.42317916002156,-286.3661973684206
IDX,2023-08-31,2023-09-01,1,335.38,334.11,-37.86749358936081,-39.8598204693168
IDX,2023-09-07,2023-09-15,6,336.93,341.56,137.41726768171424,135.38988560235055
IDX,2023-12-04,2023-12-11,5,337.2,337.68,14.2348754448407,12.232128612101878
IDX,2023-12-14,2023-12-15,1,341.97,343.43,42.69380355001795,40.68536521624644
IDX,2023-12-26,2023-12-27,1,350.57,350.05,-14.832986279487148,-16.829919830559923
IDX,2024-01-09,2024-01-22,9,350.01,335.76,-407.13122482214817,-409.04970264849516
IDX,2024-01-31,2024-02-01,1,335.5,335.89,11.624441132638275,9.6222163606563
IDX,2024-02-16,2024-02-19,1,354.19,356.4,62.39588921200357,60.383510658121864
IDX,2024-02-26,2024-02-29,3,356.75,355.38,-38.40224246671298,-40.3944624022412
IDX,2024-03-12,2024-03-13,1,359.95,363.15,88.90123628281677,86.88355692457294
IDX,2024-04-02,2024-04-03,1,374.16,373.09,-28.597391490272628,-30.591572297947735
IDX,2024-04-11,2024-04-23,8,364.53,357.56,-191.2051134337356,-193.16677432309913
IDX,2024-04-24,2024-04-25,1,361.66,359.05,-72.16722888901184,-74.15269616490528
IDX,2024-05-13,2024-05-17,3,372.1,374.43,62.6175759204517,60.605153031443315
IDX,2024-05-31,2024-06-04,2,362.02,363.37,37.29075741671694,35.283399638141866
IDX,2024-06-14,2024-06-17,1,375.76,375.42,-9.04832872045902,-11.04641914519755
IDX,2024-07-09,2024-07-10,1,396.59,395.01,-39.83963287021774,-41.8315653420398
IDX,2024-07-18,2024-07-30,8,385.24,375.39,-255.68476793687122,-257.6335335401303
IDX,2024-08-02,2024-08-12,6,371.76,353.64,-487.4112330535829,-489.31365568108396
IDX,2024-09-02,2024-09-13,9,362.57,343.47,-526.7948258267363,-528.6893721295182
IDX,2025-03-26,2025-03-27,1,352.78,351.4,-39.11786382447935,-41.10994064289275
IDX,2025-05-16,2025-05-19,1,350.56,348.38,-62.186216339571445,-64.17367971816468
IDX,2025-05-21,2025-05-22,1,349.15,347.66,-42.67506802233867,-44.666433435484045
IDX,2025-07-02,2025-07-04,2,415.4,422.24,164.66056812710627,162.6277376600882
IDX,2025-07-14,2025-07-15,1,428.21,431.04,66.08906844772555,64.07595129492849
IDX,2025-07-25,2025-07-28,1,429.49,435.04,129.22303196814866,127.19728865398628
IDX,2025-08-04,2025-08-06,2,420.23,428.9,206.31558908216886,204.27442802750883
IDX,2025-08-13,2025-08-14,1,436.93,436.93,0.0,-1.9998999999992773
IDX,2025-08-19,2025-08-25,4,430.28,431.84,36.255461559915325,34.24831083015833
IDX,2025-10-01,2025-10-02,1,477.16,491.25,295.288792019448,293.229837213933
IDX,2025-10-22,2025-10-23,1,534.98,534.75,-4.299226139294898,-6.2982663370581005
IDX,2025-11-19,2025-11-21,2,557.76,550.07,-137.87292025243758,-139.84524704711566
IDX,2025-11-24,2025-11-27,3,550.52,564.24,249.21892029354132,247.1691790016717
IDX,2025-12-01,2025-12-03,2,560.57,567.89,130.5813725315286,128.5553575628362
IDX,2025-12-12,2025-12-15,1,581.71,570.01,-201.1311478227995,-203.0908236045459
IDX,2025-12-17,2025-12-23,4,564.59,585.43,369.11741263571554,367.04369284436433
IDX,2025-12-26,2025-12-29,1,587.89,594.65,114.98749766112759,112.96460131147157
IDX,2026-02-11,2026-02-12,1,778.25,800.15,281.40057822036545,279.34440091872847
IDX,2026-03-04,2026-03-11,5,827.46,842.21,178.25635076015755,176.22080127257078
IDX,2026-03-18,2026-03-19,1,861.48,861.23,-2.9019826345355604,-4.901302267027452
IDX,2026-03-26,2026-04-02,5,829.6,825.52,-49.180327868852956,-51.17039229508124
IDX,2026-04-03,2026-04-06,1,797.34,806.59,116.01073569619035,113.9876347091584
IDX,2026-04-13,2026-04-14,1,857.95,895.98,443.2659245876791,441.177375835422
IDX,2026-05-04,2026-05-06,1,1022.41,1076.73,531.2937080036395,529.187554574977
IDX,2026-05-18,2026-05-22,4,1154.84,1232.73,674.4657268539366,672.330940453223
IDX,2026-05-28,2026-05-29,1,1287.18,1327.15,310.5237806678174,308.461779016922
IDX,2026-06-09,2026-06-15,4,1221.75,1360.33,1134.2746060978093,1132.0478625193364
IDX,2026-06-24,2026-06-26,2,1348.99,1433.15,623.8741577031703,621.7494891103726
IDX,2026-07-03,2026-07-16,9,1235.2,1106.26,-1043.8795336787566,-1045.6706682108152
IDX,2026-07-21,2026-07-24,3,1038.95,1110.62,689.8310794552187,687.6932201376395
IDX,2026-07-27,2026-08-03,5,1076.67,1005.4,-661.948415020388,-663.8159319568671
IDX,2026-08-07,2026-08-13,4,994.75,1063.04,686.5041467705457,684.3669528062346
IDX,2026-08-19,2026-08-21,2,1023.7,1066.22,415.35606134609714,413.27309428738965
IDX,2026-08-25,2026-08-28,3,1025.65,1077.74,507.8730561107592,505.7715865782675
IDX,2026-08-31,2026-09-01,1,1036.58,1065.37,277.7402612437041,275.68481596885965
IDX,2026-09-09,2026-09-10,1,1102.39,1113.43,100.14604631754631,98.12611810974481
IDX,2026-09-18,2026-09-21,1,1087.24,1097.76,96.75876531400674,94.73951452853235
IDX,2026-09-23,2026-09-28,1,1137.29,1121.1,-142.35595142839563,-144.3273816616686
IDX,2026-09-29,,0,1082.06,,,
229200,2017-05-26,2017-05-29,1,9238.0,9264.0,28.144620047629854,23.13117449664448
229200,2017-06-23,2017-06-26,1,9674.0,9783.0,112.67314451105959,107.61743998087603
229200,2017-06-29,2017-07-03,2,9752.0,9717.0,-35.89007383100862,-40.871506037222225
229200,2017-07-24,2017-07-25,1,9912.0,9968.0,56.49717514124353,51.4695550847466
229200,2017-08-14,2017-08-17,2,9258.0,9461.0,219.26982069561564,214.16082448963093
229200,2017-08-31,2017-09-01,1,9770.0,9875.0,107.47185261003045,102.41874840071662
229200,2017-09-11,2017-09-12,1,9889.0,9965.0,76.85306906664024,71.81527233542484
229200,2017-09-29,2017-10-10,1,10210.0,10292.0,80.31341821743476,75.27389152791386
229200,2017-10-19,2017-10-20,1,11007.0,10856.0,-137.1854274552553,-142.1162183156166
229200,2017-11-27,2017-12-04,5,13325.0,13255.0,-52.532833020637604,-57.50594488742933
229200,2017-12-06,2017-12-12,4,12857.0,12743.0,-88.66765186279824,-93.62269857859485
229200,2017-12-19,2017-12-26,4,12534.0,12622.0,70.2090314344983,65.17455630684621
229200,2017-12-27,2017-12-28,1,13087.0,13407.0,244.5174600748845,239.39584162718796
229200,2018-01-18,2018-01-19,1,15817.0,16063.0,155.5288613517103,150.45173164158766
229200,2018-01-22,2018-01-24,2,15248.0,15908.0,432.84365162644224,427.6278818533563
229200,2018-02-06,2018-02-09,3,14059.0,14270.0,150.08179813642553,145.00739161746878
229200,2018-02-13,2018-02-19,2,14503.0,14596.0,64.12466386264803,59.093230538507235
229200,2018-02-21,2018-02-22,1,14730.0,14816.0,58.384249830278904,53.35568635437937
229200,2018-02-28,2018-03-07,4,14775.0,14791.0,10.829103214891056,5.824314340101555
229200,2018-03-08,2018-03-09,1,14508.0,14665.0,108.21615660325357,103.16268028846221
229200,2018-03-20,2018-03-21,1,14927.0,15341.0,277.34976887519247,272.2117363251164
229200,2018-03-22,2018-03-30,6,15283.0,14792.0,-321.27200157037186,-326.1107606490865
229200,2018-04-03,2018-04-04,1,14479.0,14832.0,243.8013674977557,238.68010705159205
229200,2018-04-13,2018-04-16,1,14779.0,14915.0,92.02246430746408,86.97708382671365
229200,2018-04-19,2018-04-27,6,14726.0,14461.0,-179.9538231699038,-184.86323250543225
229200,2018-05-02,2018-05-11,6,14185.0,13493.0,-487.8392668311593,-492.59475268769836
229200,2018-05-23,2018-05-24,1,13836.0,13822.0,-10.118531367446781,-15.112847734171098
229200,2018-06-11,2018-06-25,9,13980.0,13394.0,-419.1702432045785,-423.96005928111657
229200,2018-06-28,2018-07-09,7,13252.0,13325.0,55.08602475098101,50.05911018148179
229200,2020-01-15,2020-01-17,2,9994.0,10168.0,174.1044626776067,169.01804632779795
229200,2020-01-21,2020-01-23,2,10001.0,10033.0,31.996800319968877,26.981428919607975
229200,2020-02-24,2020-02-27,3,9408.0,9587.0,190.2636054421758,185.16911053092943
229200,2020-05-19,2020-05-20,1,10424.0,10394.0,-28.77973906369902,-33.764725992900814
229200,2020-06-16,2020-06-17,1,10933.0,11318.0,352.1448824659279,346.96945703375
229200,2020-06-30,2020-07-03,3,11415.0,11376.0,-34.16557161629474,-39.14786596583508
229200,2020-08-18,2020-08-25,5,12914.0,12795.0,-92.14805637292822,-97.1013631039952
229200,2020-09-10,2020-09-11,1,13423.0,13383.0,-29.799597705431058,-34.7840747690531
229200,2020-09-17,2020-09-21,2,13641.0,13586.0,-40.31962466094829,-45.29884236859405
229200,2020-09-22,2020-09-29,5,13244.0,12811.0,-326.94050135910646,-331.7764265422085
229200,2020-10-23,2020-10-29,4,12082.0,11847.0,-194.5042211554382,-199.4063562013737
229200,2020-11-09,2020-11-10,1,12592.0,12543.0,-38.91359593392596,-43.89351656805873
229200,2020-12-09,2020-12-10,1,13977.0,13825.0,-108.75008943263987,-113.69509618480377
229200,2020-12-23,2020-12-29,3,14497.0,14827.0,227.63330344209186,222.52012601745142
229200,2021-01-07,2021-01-11,2,14995.0,15167.0,114.70490163387748,109.64818135211773
229200,2021-01-15,2021-01-21,4,14868.0,14863.0,-3.362927091740131,-8.360620838376853
229200,2021-01-28,2021-02-02,3,14570.0,14704.0,91.96980096087826,86.92444680850953
229200,2021-02-10,2021-02-16,2,14329.0,14651.0,224.71910112359606,219.6073806179788
229200,2021-02-17,2021-02-26,7,14342.0,13415.0,-646.3533677311395,-651.0296064443588
229200,2021-03-09,2021-03-12,3,13292.0,13582.0,218.1763466746922,213.0678971373756
229200,2021-04-28,2021-05-10,7,14435.0,13755.0,-471.07724281260863,-475.84110863353015
229200,2021-06-25,2021-06-30,3,14273.0,14242.0,-21.71933020388095,-26.70784689623673
229200,2021-07-07,2021-07-08,1,14585.0,14617.0,21.940349674323123,16.93000587075888
229200,2021-07-28,2021-08-03,4,14507.0,14396.0,-76.51478596539584,-81.47590835458685
229200,2021-08-13,2021-08-24,6,14587.0,14322.0,-181.66860903544247,-186.57716108521294
229200,2021-09-09,2021-09-15,4,14633.0,14789.0,106.60835098749376,101.55567847502267
229200,2021-10-21,2021-10-27,4,14318.0,14483.0,115.23955859756852,110.1825710207427
229200,2021-10-29,2021-11-03,3,14346.0,14469.0,85.73818485989149,80.6959461260992
229200,2021-12-13,2021-12-17,4,14656.0,14478.0,-121.45196506550215,-126.39062167371762
229200,2021-12-23,2021-12-24,1,14513.0,14546.0,22.738234686143777,17.727491989940614
229200,2021-12-30,2022-01-03,1,14897.0,14848.0,-32.892528697052725,-37.8754594884867
229200,2023-02-13,2023-02-15,2,10797.0,11044.0,228.767250162083,223.65350583495535
229200,2023-03-03,2023-03-06,1,11256.0,11644.0,344.70504619758424,339.53334021855187
229200,2023-03-22,2023-03-23,1,11824.0,11764.0,-50.74424898511509,-55.71825503213779
229200,2023-04-13,2023-04-17,2,13328.0,13668.0,255.10204081632625,249.97513073979684
229200,2023-04-20,2023-04-28,6,13492.0,13109.0,-283.87192410317175,-288.72938088311486
229200,2023-05-09,2023-05-17,6,12687.0,12214.0,-372.82257428864153,-377.6355613029081
229200,2023-05-19,2023-05-22,1,12616.0,12577.0,-30.91312618896613,-35.89704655794223
229200,2023-06-15,2023-06-19,2,13328.0,13503.0,131.3025210084029,126.23750295430725
229200,2023-06-21,2023-06-27,4,13433.0,13229.0,-151.8648105412046,-156.78826262748413
229200,2023-07-07,2023-07-12,3,13305.0,13468.0,122.51033446072812,117.44971195039477
229200,2023-07-27,2023-08-01,3,14886.0,15533.0,434.63657127502444,429.4199051541736
229200,2023-09-04,2023-09-18,10,14422.0,13767.0,-454.16724448758885,-458.9395642507976
229200,2023-09-26,2023-10-12,7,13154.0,12881.0,-207.54143226395016,-212.43704951915743
229200,2023-10-19,2023-10-25,4,12417.0,12433.0,12.885560119191286,7.879743144478812
229200,2023-11-09,2023-11-15,4,12901.0,13055.0,119.37059142702155,114.31153859196908
229200,2023-12-05,2023-12-11,4,12950.0,13165.0,166.0231660231659,160.94078981660152
229200,2023-12-26,2023-12-28,2,13601.0,13712.0,81.61164620248407,76.57147048011126
229200,2024-02-28,2024-02-29,1,13662.0,13797.0,98.81422924901129,93.7654533102772
229200,2024-03-29,2024-04-15,10,15309.0,13912.0,-912.535110065974,-917.0782745443851
229200,2024-05-08,2024-05-17,6,14236.0,13767.0,-329.44647372857514,-334.2811460821149
229200,2024-06-14,2024-06-28,10,14016.0,13523.0,-351.7408675799083,-356.56439412992233
229200,2024-07-12,2024-07-26,10,14031.0,13204.0,-589.4091654194289,-594.1138726747919
229200,2025-06-13,2025-06-20,5,12925.0,12615.0,-239.8452611218571,-244.7247284816245
229200,2025-07-02,2025-07-03,1,12605.0,12725.0,95.20031733439183,90.1533481257455
229200,2025-07-25,2025-08-01,5,13490.0,13230.0,-192.7353595255743,-197.63837889177128
229200,2025-08-04,2025-08-06,2,12835.0,13210.0,292.16984807167944,287.0244064082583
229200,2025-08-13,2025-08-14,1,13625.0,13695.0,51.37614678899061,46.351086926605944
229200,2025-08-19,2025-08-26,5,13415.0,13315.0,-74.5434215430485,-79.50552949124057
229200,2025-10-02,2025-10-10,1,14190.0,14245.0,38.75968992248069,33.74093749999973
229200,2025-11-25,2025-11-27,2,15015.0,15265.0,166.50016650016752,161.41755182317752
229200,2025-12-17,2025-12-23,4,15440.0,15480.0,25.90673575129543,20.894409002589764
229200,2025-12-24,2025-12-29,2,15390.0,15415.0,16.244314489928247,11.23681834795276
229200,2026-02-02,2026-02-10,6,20045.0,19600.0,-222.00049887752593,-226.8888875031183
229200,2026-02-11,2026-02-13,2,19260.0,19095.0,-85.66978193146446,-90.62632739486043
229200,2026-03-04,2026-03-09,3,19490.0,19400.0,-46.17752693689026,-51.15381605951708
229200,2026-03-11,2026-03-16,3,20400.0,19920.0,-235.2941176470591,-240.1758602941173
229200,2026-03-18,2026-03-19,1,20000.0,19700.0,-150.00000000000014,-154.92438437500033
229200,2026-03-27,2026-03-30,1,19350.0,19040.0,-160.20671834625298,-165.1259999999999
229200,2026-04-01,2026-04-09,6,18875.0,18710.0,-87.41721854304663,-92.37289039735086
229200,2026-05-04,2026-05-07,2,20125.0,20300.0,86.95652173912993,81.91367391304327
229200,2026-05-27,2026-05-28,1,20085.0,19630.0,-226.5372168284785,-231.42333737864007
229200,2026-06-02,2026-06-05,2,18350.0,18045.0,-166.21253405994517,-171.12881318119832
229200,2026-06-08,2026-06-12,4,16225.0,18360.0,1315.8705701078577,1310.2133420647144
229200,2026-06-15,2026-06-16,1,18520.0,18300.0,-118.79049676025932,-123.73048393628517
229200,2026-06-17,2026-06-18,1,17930.0,18135.0,114.33351924149405,109.27698462771751
229200,2026-06-19,2026-06-30,7,17670.0,16700.0,-548.9530277306164,-553.6779605263154
