part,vid,rule,proxy,window,lookback,filter,selectable,d_start,d_end,d_days,d_trades,d_tpy,d_exposure,d_win,d_gross_bp,d_net_bp,d_t_net,d_cagr,d_sharpe,d_mdd,d_calmar,d_bh_cagr,d_bh_mdd,d_delta_bp,d_t_delta,v_start,v_end,v_days,v_trades,v_tpy,v_exposure,v_win,v_gross_bp,v_net_bp,v_t_net,v_cagr,v_sharpe,v_mdd,v_calmar,v_bh_cagr,v_bh_mdd,v_delta_bp,v_t_delta,vx_start,vx_end,vx_days,vx_trades,vx_tpy,vx_exposure,vx_win,vx_gross_bp,vx_net_bp,vx_t_net,vx_cagr,vx_sharpe,vx_mdd,vx_calmar,vx_bh_cagr,vx_bh_mdd,d_rank_in_part,chosen_part_rep,chosen_final
A,A01,SP 14:30-15:00 ROLL20 q>=2/3,SP,14:30-15:00,20.0,-,True,2022-03-25,2023-12-28,437,129,74.38901601830663,0.2951945080091533,0.5426356589147286,8.63853057281954,3.638530572819536,0.7319535064143479,0.025406930042647158,0.43055529350979094,-0.04318492189662437,0.5883287250921979,0.014456951407713081,-0.2248608314580125,8.920736644939916,1.152272503451251,2024-01-02,2026-09-28,666,204,77.1891891891892,0.3063063063063063,0.6029411764705882,27.36271822929087,22.362718229290856,1.742765672296059,0.17399223346531367,1.0962057593384664,-0.11556551747583266,1.505572226609026,0.55093954908414,-0.4080955854541519,13.38924438917425,0.8124761931662802,2024-01-02,2025-06-05,346,107,77.9306358381503,0.3092485549132948,0.5794392523364486,3.0575069048844083,-1.942493095115596,-0.20048797735296706,-0.018764872121505904,-0.1741420730727477,-0.11556551747583266,-0.16237431832060165,0.061523947650643285,-0.21606396510993875,1.0,True,False
A,A02,SP 14:30-15:00 ROLL63 q>=2/3,SP,14:30-15:00,63.0,-,True,2022-03-25,2023-12-28,437,136,78.42562929061785,0.3112128146453089,0.5367647058823529,7.16811682451704,2.1681168245170355,0.4041605924890981,0.014939918845456646,0.2579096426723681,-0.06528306420821706,0.2288483089244482,0.014456951407713081,-0.2248608314580125,6.993408899114,0.8740332294048029,2024-01-02,2026-09-28,666,209,79.08108108108108,0.3138138138138138,0.5933014354066986,18.768226354682565,13.76822635468256,1.3239857472380596,0.09988537289076493,0.6541203588123499,-0.13759981431646295,0.7259121197724921,0.55093954908414,-0.4080955854541519,1.0107206111802316,0.06438535392462533,2024-01-02,2025-06-05,346,111,80.84393063583815,0.3208092485549133,0.5765765765765766,4.644131237270405,-0.3558687627295996,-0.037541340157313426,-0.0066944504851939035,-0.03293896193091873,-0.11335682156227966,-0.05905644135863397,0.061523947650643285,-0.21606396510993875,3.0,False,False
A,A03,SP 14:40-15:10 ROLL20 q>=2/3,SP,14:40-15:10,20.0,-,True,2022-03-25,2023-12-28,437,136,78.42562929061785,0.3112128146453089,0.5514705882352942,6.697800331680023,1.69780033168002,0.24929925626005334,0.011211657550861176,0.2023050702516976,-0.08319091802336331,0.1347702107063237,0.014456951407713081,-0.2248608314580125,6.310590602204443,0.8204895477946536,2024-01-02,2026-09-28,666,198,74.91891891891892,0.2972972972972973,0.6161616161616161,31.21892419369426,26.218924193694253,2.7154980053932456,0.20548958677867124,1.4223932531298598,-0.11056704121250194,1.8585066989694965,0.55093954908414,-0.4080955854541519,18.7052651283999,1.390096803051265,2024-01-02,2025-06-05,346,105,76.47398843930635,0.30346820809248554,0.5904761904761905,14.098140659187807,9.098140659187804,0.9869209671716082,0.06647826636313425,0.6807177731485436,-0.11056704121250194,0.6012484881038626,0.061523947650643285,-0.21606396510993875,4.0,False,False
A,A04,SP 14:40-15:10 ROLL63 q>=2/3,SP,14:40-15:10,63.0,-,True,2022-03-25,2023-12-28,437,140,80.73226544622425,0.32036613272311215,0.5142857142857142,2.8088970669593913,-2.191102933040613,-0.3199052644317907,-0.01972516866629781,-0.2647554738489045,-0.10635479819826066,-0.18546571476283802,0.014456951407713081,-0.2248608314580125,0.6735254026283269,0.08588136545092294,2024-01-02,2026-09-28,666,216,81.72972972972973,0.32432432432432434,0.6203703703703703,26.62658270656096,21.626582706560956,2.1880106976221874,0.18061801205200334,1.2077657302797975,-0.1619360454984603,1.1153663256135316,0.55093954908414,-0.4080955854541519,12.656810332578598,1.0647103850537545,2024-01-02,2025-06-05,346,118,85.94219653179191,0.34104046242774566,0.5932203389830508,13.929944261936525,8.92994426193652,1.0696072208375944,0.07424506494584748,0.7573396040438191,-0.10441344343285086,0.7110680627403605,0.061523947650643285,-0.21606396510993875,9.0,False,False
A,A05,SP 14:30-15:20 ROLL20 q>=2/3,SP,14:30-15:20,20.0,-,True,2022-03-25,2023-12-28,437,148,85.34553775743707,0.33867276887871856,0.5067567567567568,1.9934603370988737,-3.0065396629011305,-0.5450738736895545,-0.027682424715005927,-0.3696685185899917,-0.09658212642318709,-0.28662057608580493,0.014456951407713081,-0.2248608314580125,-0.5408609216900676,-0.07565950366641096,2024-01-02,2026-09-28,666,207,78.32432432432432,0.3108108108108108,0.5990338164251208,16.973765709225923,11.973765709225917,1.1911083182145954,0.08704267147822176,0.6530575575124383,-0.1969231535034507,0.442013394208094,0.55093954908414,-0.4080955854541519,-1.5974106112522095,-0.09974422343306609,2024-01-02,2025-06-05,346,108,78.65895953757226,0.31213872832369943,0.5555555555555556,11.29118382739303,6.291183827393027,0.6803042493235726,0.046123117021430016,0.5269133753103926,-0.09415755047549978,0.48985043460143385,0.061523947650643285,-0.21606396510993875,12.0,False,False
A,A06,SP 14:30-15:20 ROLL63 q>=2/3,SP,14:30-15:20,63.0,-,True,2022-03-25,2023-12-28,437,141,81.30892448512586,0.32265446224256294,0.475177304964539,0.5327244247547922,-4.467275575245212,-0.8576461653985904,-0.03768819675811641,-0.5619786352500726,-0.09520801165928983,-0.3958511064487609,0.014456951407713081,-0.2248608314580125,-2.6846297299418755,-0.3648528146645021,2024-01-02,2026-09-28,666,218,82.48648648648648,0.32732732732732733,0.6100917431192661,20.32588253290504,15.325882532905037,1.6269448979341607,0.1230187577320625,0.8766150811500423,-0.1614275734834666,0.7620678120684388,0.55093954908414,-0.4080955854541519,3.3466480669766296,0.22708484501623474,2024-01-02,2025-06-05,346,117,85.21387283236994,0.33815028901734107,0.5897435897435898,14.347701635309516,9.347701635309512,1.0834881081383494,0.07796258532346134,0.8312026059459853,-0.08755581856165928,0.8904329444257081,0.061523947650643285,-0.21606396510993875,22.0,False,False
A,A07,SP 15:00-15:20 ROLL20 q>=2/3,SP,15:00-15:20,20.0,-,True,2022-03-25,2023-12-28,437,134,77.27231121281464,0.30663615560640733,0.5223880597014925,1.9286541543472784,-3.0713458456527256,-0.5775914888367656,-0.025420551557780335,-0.37397029727233244,-0.07618163584801929,-0.33368345631870894,0.014456951407713081,-0.2248608314580125,-0.6093369908609815,-0.08459947445678784,2024-01-02,2026-09-28,666,211,79.83783783783784,0.31681681681681684,0.6161137440758294,26.66189463280865,21.661894632808643,2.1855363569713413,0.17587576679979566,1.1684723449671792,-0.14993089937669923,1.1730454998332953,0.55093954908414,-0.4080955854541519,12.569411851739202,0.8984629302111826,2024-01-02,2025-06-05,346,112,81.57225433526011,0.3236994219653179,0.5803571428571429,10.080916575630274,5.080916575630271,0.6189231897366019,0.038332893039082716,0.47162722674761415,-0.09985726031968967,0.3838768750150089,0.061523947650643285,-0.21606396510993875,13.0,False,False
A,A08,SP 15:00-15:20 ROLL63 q>=2/3,SP,15:00-15:20,63.0,-,True,2022-03-25,2023-12-28,437,142,81.88558352402745,0.32494279176201374,0.5070422535211268,1.5823444906779358,-3.417655509322069,-0.6411975046955811,-0.029667613498250867,-0.4289725989643627,-0.07324641866314074,-0.40503841743706004,0.014456951407713081,-0.2248608314580125,-1.1388692584894253,-0.15776672134916467,2024-01-02,2026-09-28,666,220,83.24324324324324,0.3303303303303303,0.6136363636363636,19.356870024579585,14.356870024579582,1.2540152557704543,0.11203684747518117,0.7338895253685013,-0.24042469529921429,0.46599558891298015,0.55093954908414,-0.4080955854541519,1.9146547162797838,0.11810013491185385,2024-01-02,2025-06-05,346,119,86.67052023121387,0.3439306358381503,0.5882352941176471,9.630103349093135,4.6301033490931305,0.5741203192310235,0.03658184334897974,0.4362894767481131,-0.1065010939347526,0.3434879586437998,0.061523947650643285,-0.21606396510993875,17.0,False,False
A,A09,SP 14:40-14:50 ROLL20 q>=2/3,SP,14:40-14:50,20.0,-,True,2022-03-25,2023-12-28,437,123,70.92906178489703,0.2814645308924485,0.5121951219512195,3.5160516428736113,-1.4839483571263925,-0.23406754426859513,-0.012254953175945715,-0.1751097737896405,-0.08144750622949626,-0.1504644370745335,0.014456951407713081,-0.2248608314580125,1.6212216377551913,0.2063294496693102,2024-01-02,2026-09-28,666,197,74.54054054054055,0.2957957957957958,0.6040609137055838,29.090610346788168,24.090610346788164,1.925085252435214,0.18030750437729282,1.0682681807014052,-0.10510159471448666,1.71555441063579,0.55093954908414,-0.4080955854541519,15.643085411624051,0.9094567301257861,2024-01-02,2025-06-05,346,106,77.20231213872832,0.3063583815028902,0.6037735849056604,11.748477870728344,6.74847787072834,0.8335066281768891,0.04851740231656532,0.5352243028641723,-0.10510159471448666,0.46162384546462004,0.061523947650643285,-0.21606396510993875,7.0,False,False
A,A10,SP 14:40-14:50 ROLL63 q>=2/3,SP,14:40-14:50,63.0,-,True,2022-03-25,2023-12-28,437,135,77.84897025171624,0.30892448512585813,0.5333333333333333,7.876746886504103,2.8767468865040984,0.4870553465306103,0.02072712744690719,0.36482433310473933,-0.053479271101089076,0.387573110481027,0.014456951407713081,-0.2248608314580125,7.995653694442568,1.0064600299844844,2024-01-02,2026-09-28,666,202,76.43243243243244,0.3033033033033033,0.599009900990099,26.45853455101659,21.458534551016587,1.8596339340139356,0.16134606397674367,0.9540313601924992,-0.10358480926167901,1.557622832216126,0.55093954908414,-0.4080955854541519,12.033716763077189,0.7229059417869566,2024-01-02,2025-06-05,346,106,77.20231213872832,0.3063583815028902,0.5849056603773585,8.067697091611928,3.0676970916119224,0.35274878569140533,0.01879154970284791,0.23490775229769903,-0.10358480926167901,0.18141221513838135,0.061523947650643285,-0.21606396510993875,2.0,False,False
A,A11,NQ 14:30-15:00 ROLL20 q>=2/3,NQ,14:30-15:00,20.0,-,True,2022-03-25,2023-12-28,437,139,80.15560640732265,0.3180778032036613,0.460431654676259,-2.5459056979913455,-7.5459056979913495,-1.3695525048574875,-0.06096263065685659,-0.8716955050481956,-0.1331331330374934,-0.457907278721429,0.014456951407713081,-0.2248608314580125,-7.1812475292042395,-0.9497750683352737,2024-01-02,2026-09-28,666,209,79.08108108108108,0.3138138138138138,0.5789473684210527,24.822123827095837,19.822123827095833,1.5914306331839054,0.1517471100341432,0.8851501074796764,-0.10560955390970017,1.4368691507199458,0.55093954908414,-0.4080955854541519,9.833249531589956,0.5912778128201908,2024-01-02,2025-06-05,346,109,79.38728323699422,0.315028901734104,0.5596330275229358,3.8076129288312304,-1.1923870711687738,-0.16537423964207282,-0.014073431821609472,-0.0973531028802552,-0.0931545911713979,-0.15107609452888207,0.061523947650643285,-0.21606396510993875,30.0,False,False
A,A12,NQ 14:30-15:00 ROLL63 q>=2/3,NQ,14:30-15:00,63.0,-,True,2022-03-25,2023-12-28,437,146,84.19221967963387,0.3340961098398169,0.4657534246575342,-0.524889667365885,-5.52488966736589,-1.0497387885658385,-0.0477243572302225,-0.6739108162253291,-0.111328015120009,-0.42868236875306504,0.014456951407713081,-0.2248608314580125,-4.3189957330568,-0.5534584173052652,2024-01-02,2026-09-28,666,220,83.24324324324324,0.3303303303303303,0.5772727272727273,24.374909729250607,19.374909729250604,1.8092687264044045,0.1563257542401788,0.8949470312011064,-0.10913866157811314,1.432359092367032,0.55093954908414,-0.4080955854541519,9.407960642985843,0.6133217648288735,2024-01-02,2025-06-05,346,115,83.75722543352602,0.33236994219653176,0.5652173913043478,6.540859580962457,1.5408595809624528,0.23009056826624438,0.008067683737975617,0.13047616464290232,-0.08082890088536432,0.0998118698832441,0.061523947650643285,-0.21606396510993875,24.0,False,False
A,A13,NQ 14:40-15:10 ROLL20 q>=2/3,NQ,14:40-15:10,20.0,-,True,2022-03-25,2023-12-28,437,132,76.11899313501144,0.30205949656750575,0.4772727272727273,-0.49857124184005625,-5.49857124184006,-0.9047399216610009,-0.0431190263422041,-0.6286197716301376,-0.10590549738853094,-0.40714625213472333,0.014456951407713081,-0.2248608314580125,-4.083038053654897,-0.5541734575150961,2024-01-02,2026-09-28,666,214,80.97297297297297,0.3213213213213213,0.6542056074766355,20.236824470809665,15.23682447080966,1.4708878751192516,0.1177325156162572,0.7965687712647509,-0.21899691564898704,0.5375989669414404,0.55093954908414,-0.4080955854541519,3.1858089925885187,0.2104668151471085,2024-01-02,2025-06-05,346,109,79.38728323699422,0.315028901734104,0.6422018348623854,15.536193712939076,10.53619371293907,1.2278363443800686,0.08177131432341356,0.8321182455115745,-0.11099736398456006,0.7366960023914451,0.061523947650643285,-0.21606396510993875,23.0,False,False
A,A14,NQ 14:40-15:10 ROLL63 q>=2/3,NQ,14:40-15:10,63.0,-,True,2022-03-25,2023-12-28,437,143,82.46224256292906,0.32723112128146453,0.4965034965034965,1.9079765010480927,-3.0920234989519115,-0.5676625067661589,-0.027299887751180862,-0.38619723411506934,-0.07786875443917662,-0.35058847348720384,0.014456951407713081,-0.2248608314580125,-0.6587253153830749,-0.09288300294391061,2024-01-02,2026-09-28,666,215,81.35135135135135,0.3228228228228228,0.6186046511627907,14.666256503514456,9.66625650351445,1.0101372828134796,0.06464256055792039,0.43807897463899453,-0.202691996035248,0.3189201439739095,0.55093954908414,-0.4080955854541519,-5.033287364897121,-0.3801889156602977,2024-01-02,2025-06-05,346,115,83.75722543352602,0.33236994219653176,0.6347826086956522,12.99749566653741,7.997495666537406,1.071512507046764,0.06411979754354147,0.6803390751086907,-0.11122784927716767,0.5764725107986394,0.061523947650643285,-0.21606396510993875,14.0,False,False
A,A15,NQ 14:30-15:20 ROLL20 q>=2/3,NQ,14:30-15:20,20.0,-,True,2022-03-25,2023-12-28,437,134,77.27231121281464,0.30663615560640733,0.5074626865671642,3.4117969756176034,-1.5882030243824012,-0.2290327103784367,-0.014460437540625426,-0.18131296128781393,-0.09209568043835836,-0.15701537218462824,0.014456951407713081,-0.2248608314580125,1.5297171771097355,0.19173758977559194,2024-01-02,2026-09-28,666,214,80.97297297297297,0.3213213213213213,0.5420560747663551,10.29107858884599,5.291078588845986,0.5412028755461902,0.03218619949747503,0.28638260671080773,-0.1498582624599396,0.21477761031747655,0.55093954908414,-0.4080955854541519,-11.468763479508391,-0.8420367270993349,2024-01-02,2025-06-05,346,111,80.84393063583815,0.3208092485549133,0.5225225225225225,1.7577193029518647,-3.24228069704814,-0.3737281623604515,-0.030567440632255916,-0.2660947196196698,-0.14296934305323805,-0.21380416234320526,0.061523947650643285,-0.21606396510993875,8.0,False,False
A,A16,NQ 14:30-15:20 ROLL63 q>=2/3,NQ,14:30-15:20,63.0,-,True,2022-03-25,2023-12-28,437,131,75.54233409610984,0.2997711670480549,0.4732824427480916,-2.0628381080800393,-7.062838108080043,-1.0625744068152598,-0.05413917409804081,-0.7875014471966424,-0.11575417724646131,-0.46770816730673004,0.014456951407713081,-0.2248608314580125,-6.303631460495483,-0.813051675318036,2024-01-02,2026-09-28,666,223,84.37837837837839,0.33483483483483484,0.5515695067264574,11.737307306613982,6.737307306613978,0.7269064986292959,0.04580578796342705,0.36588125155252277,-0.1883923402036397,0.2431403947417077,0.55093954908414,-0.4080955854541519,-9.527523175404788,-0.7075163559215277,2024-01-02,2025-06-05,346,121,88.1271676300578,0.34971098265895956,0.5619834710743802,8.377775168169883,3.3777751681698778,0.4218948986471601,0.025108507892835252,0.297967132661759,-0.1306614537078299,0.19216461458465026,0.061523947650643285,-0.21606396510993875,28.0,False,False
A,A17,NQ 15:00-15:20 ROLL20 q>=2/3,NQ,15:00-15:20,20.0,-,True,2022-03-25,2023-12-28,437,130,74.96567505720823,0.2974828375286041,0.5230769230769231,1.8620681757390247,-3.13793182426098,-0.46743641218396315,-0.025274382796895423,-0.36550890280361553,-0.10173059354371028,-0.24844426751561077,0.014456951407713081,-0.2248608314580125,-0.6961797422888801,-0.09878544194514052,2024-01-02,2026-09-28,666,208,78.70270270270271,0.3123123123123123,0.5576923076923077,24.867805412553423,19.86780541255342,2.052610694490348,0.1561971526848569,1.0434990260403985,-0.13744627045915003,1.13642336138382,0.55093954908414,-0.4080955854541519,9.878207362120873,0.6855509748111412,2024-01-02,2025-06-05,346,98,71.3757225433526,0.2832369942196532,0.5102040816326531,8.216745300184046,3.2167453001840416,0.3239099430645003,0.01955249334696063,0.2692867408411147,-0.13744627045915003,0.14225553943111002,0.061523947650643285,-0.21606396510993875,11.0,False,False
A,A18,NQ 15:00-15:20 ROLL63 q>=2/3,NQ,15:00-15:20,63.0,-,True,2022-03-25,2023-12-28,437,129,74.38901601830663,0.2951945080091533,0.5193798449612403,1.995916095088136,-3.004083904911868,-0.5238521343513314,-0.024141849518530045,-0.3459069867630414,-0.08256054320528439,-0.29241388902325943,0.014456951407713081,-0.2248608314580125,-0.5040118185945512,-0.07782339797148705,2024-01-02,2026-09-28,666,222,84.0,0.3333333333333333,0.5720720720720721,23.357046412945866,18.35704641294586,2.0404788857282523,0.15356350599559287,1.023851186707153,-0.14080802033022877,1.0905877778513569,0.55093954908414,-0.4080955854541519,7.923543869623252,0.5977824257577933,2024-01-02,2025-06-05,346,107,77.9306358381503,0.3092485549132948,0.5327102803738317,9.028867063763602,4.028867063763598,0.4455851127829182,0.027936806587745444,0.35644540278027953,-0.14080802033022877,0.19840351794043332,0.061523947650643285,-0.21606396510993875,10.0,False,False
A,A19,NQ 14:40-14:50 ROLL20 q>=2/3,NQ,14:40-14:50,20.0,-,True,2022-03-25,2023-12-28,437,136,78.42562929061785,0.3112128146453089,0.45588235294117646,-4.15722533628771,-9.157225336287715,-1.9207199327684557,-0.07086529229737482,-1.2413246387236312,-0.14985554759174868,-0.47289068330278344,0.014456951407713081,-0.2248608314580125,-9.449031380858392,-1.6044011013945993,2024-01-02,2026-09-28,666,191,72.27027027027027,0.28678678678678676,0.5916230366492147,11.197205170428632,6.197205170428628,0.4829409855972129,0.03018303717677928,0.2557983062265635,-0.16856623642399626,0.17905743058093557,0.55093954908414,-0.4080955854541519,-9.6429490303237,-0.5762106461888133,2024-01-02,2025-06-05,346,101,73.5606936416185,0.29190751445086704,0.5742574257425742,6.918752734117791,1.918752734117787,0.22190160377135584,0.009249416330778137,0.14224871956764798,-0.11140604739853033,0.08302436489547475,0.061523947650643285,-0.21606396510993875,31.0,False,False
A,A20,NQ 14:40-14:50 ROLL63 q>=2/3,NQ,14:40-14:50,63.0,-,True,2022-03-25,2023-12-28,437,144,83.03890160183066,0.3295194508009153,0.4722222222222222,-0.9264910792221689,-5.926491079222174,-1.3292747547976271,-0.04967921648176876,-0.8347357911194911,-0.11620783428789094,-0.42750316092023943,0.014456951407713081,-0.2248608314580125,-4.888490018091213,-0.855015000844203,2024-01-02,2026-09-28,666,204,77.1891891891892,0.3063063063063063,0.6029411764705882,10.00268669614164,5.002686696141635,0.3997896004450126,0.023483988766647368,0.2180890175135152,-0.19391520772222404,0.12110442003232291,0.55093954908414,-0.4080955854541519,-11.636255613157788,-0.6948745510109602,2024-01-02,2025-06-05,346,112,81.57225433526011,0.3236994219653179,0.6071428571428571,8.575989294396226,3.5759892943962215,0.4281955253179341,0.024364765703771107,0.2885078408729808,-0.0976003234109456,0.2496381656563104,0.061523947650643285,-0.21606396510993875,29.0,False,False
A,A21,AVG 14:30-15:00 ROLL20 q>=2/3,AVG,14:30-15:00,20.0,-,True,2022-03-25,2023-12-28,437,141,81.30892448512586,0.32265446224256294,0.48226950354609927,0.6455423843971121,-4.354457615602892,-0.74515484711453,-0.03689513580547754,-0.5361832696618366,-0.11068822297112013,-0.333324854398502,0.014456951407713081,-0.2248608314580125,-2.518070782767237,-0.3387573177950366,2024-01-02,2026-09-28,666,220,83.24324324324324,0.3303303303303303,0.5909090909090909,20.80332697609033,15.803326976090327,1.2617576479571229,0.12481076122130919,0.7822577539922247,-0.11987026101931686,1.041215395378143,0.55093954908414,-0.4080955854541519,4.074610612481929,0.25500992386581656,2024-01-02,2025-06-05,346,116,84.48554913294798,0.3352601156069364,0.5862068965517241,-1.311875756062849,-6.311875756062854,-0.7015554963905962,-0.055795299317093594,-0.5924047733588782,-0.11987026101931686,-0.4654640679234217,0.061523947650643285,-0.21606396510993875,21.0,False,False
A,A22,AVG 14:30-15:00 ROLL63 q>=2/3,AVG,14:30-15:00,63.0,-,True,2022-03-25,2023-12-28,437,142,81.88558352402745,0.32494279176201374,0.47183098591549294,-1.0738339507223629,-6.073833950722367,-1.052758480786795,-0.05043834038315198,-0.7847065998741537,-0.12377454751836436,-0.4075017149682448,0.014456951407713081,-0.2248608314580125,-5.07361494964851,-0.6338782470211874,2024-01-02,2026-09-28,666,228,86.27027027027027,0.34234234234234234,0.5789473684210527,18.06875951135872,13.068759511358715,1.2306760368785572,0.10304522058986887,0.6541809688462846,-0.11276769051977664,0.9137831954782945,0.55093954908414,-0.4080955854541519,-0.00900821539798164,-0.0005620582568609408,2024-01-02,2025-06-05,346,124,90.3121387283237,0.3583815028901734,0.5806451612903226,2.10512654528141,-2.8948734547185944,-0.32829356904385143,-0.03001814567910499,-0.28171405605120126,-0.11276769051977664,-0.2661945592815041,0.061523947650643285,-0.21606396510993875,27.0,False,False
A,A23,AVG 14:40-15:10 ROLL20 q>=2/3,AVG,14:40-15:10,20.0,-,True,2022-03-25,2023-12-28,437,141,81.30892448512586,0.32265446224256294,0.5106382978723404,0.7483428888748641,-4.25165711112514,-0.6556591867383831,-0.0360678298972994,-0.526003486664484,-0.10461368556180495,-0.34477162049692633,0.014456951407713081,-0.2248608314580125,-2.3663011190619074,-0.3166784628984038,2024-01-02,2026-09-28,666,218,82.48648648648648,0.32732732732732733,0.6009174311926605,21.888732066097152,16.888732066097145,1.9148145895773419,0.13694613235807496,0.9424036959244504,-0.14946946075937728,0.9162148017549688,0.55093954908414,-0.4080955854541519,5.669991346230984,0.4365181721210023,2024-01-02,2025-06-05,346,114,83.02890173410404,0.32947976878612717,0.5877192982456141,12.88240824322546,7.882408243225454,0.8059363531276127,0.06216826948957621,0.6449472782052135,-0.14946946075937728,0.41592623117612976,0.061523947650643285,-0.21606396510993875,20.0,False,False
A,A24,AVG 14:40-15:10 ROLL63 q>=2/3,AVG,14:40-15:10,63.0,-,True,2022-03-25,2023-12-28,437,143,82.46224256292906,0.32723112128146453,0.4825174825174825,-1.0118010077587778,-6.011801007758782,-0.9723712626643882,-0.05037059591873794,-0.7647038629651387,-0.1223665893383934,-0.41163683805424006,0.014456951407713081,-0.2248608314580125,-4.998666714527977,-0.6533730435867219,2024-01-02,2026-09-28,666,228,86.27027027027027,0.34234234234234234,0.618421052631579,21.137815115099254,16.137815115099247,1.6305833329846675,0.13461007770542688,0.8679003423764234,-0.23664146259018004,0.5688355549870271,0.55093954908414,-0.4080955854541519,4.657637976591059,0.34055207651401587,2024-01-02,2025-06-05,346,127,92.4971098265896,0.3670520231213873,0.6062992125984252,18.98405074134405,13.984050741344046,1.781820763496227,0.13218567759350042,1.269138694306533,-0.09973191017267014,1.3254100654909917,0.061523947650643285,-0.21606396510993875,25.0,False,False
A,A25,AVG 14:30-15:20 ROLL20 q>=2/3,AVG,14:30-15:20,20.0,-,True,2022-03-25,2023-12-28,437,137,79.00228832951944,0.3135011441647597,0.5109489051094891,4.197343321168803,-0.8026566788312013,-0.12626304956036463,-0.008513029208421563,-0.095490679149444,-0.0668632279972351,-0.1273200451640413,0.014456951407713081,-0.2248608314580125,2.6892935255670887,0.3549492149768966,2024-01-02,2026-09-28,666,220,83.24324324324324,0.3303303303303303,0.5545454545454546,11.103040861834515,6.103040861834512,0.6243915412391436,0.040382467683778955,0.33882860778485424,-0.14165315184020333,0.28507990933610694,0.55093954908414,-0.4080955854541519,-10.410569997595143,-0.6985359778138195,2024-01-02,2025-06-05,346,120,87.39884393063583,0.3468208092485549,0.5333333333333333,3.7732747046572612,-1.2267252953427437,-0.12988369790744173,-0.015698891911536172,-0.10597039374249248,-0.14165315184020333,-0.11082628030222612,0.061523947650643285,-0.21606396510993875,6.0,False,False
A,A26,AVG 14:30-15:20 ROLL63 q>=2/3,AVG,14:30-15:20,63.0,-,True,2022-03-25,2023-12-28,437,136,78.42562929061785,0.3112128146453089,0.47794117647058826,0.610168411039401,-4.389831588960604,-0.7020083445003019,-0.03602914425176429,-0.5119140981217749,-0.10422259235206432,-0.3456941862476199,0.014456951407713081,-0.2248608314580125,-2.5275992626459196,-0.33618032012371035,2024-01-02,2026-09-28,666,235,88.91891891891892,0.35285285285285284,0.5446808510638298,7.782593272277936,2.782593272277932,0.2991609007990974,0.012573110561409084,0.1580018100639959,-0.21649570760702574,0.058075565101878536,0.55093954908414,-0.4080955854541519,-15.903787270468982,-1.170654509237806,2024-01-02,2025-06-05,346,127,92.4971098265896,0.3670520231213873,0.5275590551181102,5.520983277883057,0.5209832778830524,0.05453317651446993,-0.0003057593310661355,0.047519220328764974,-0.14644257661277538,-0.0020879128060866258,0.061523947650643285,-0.21606396510993875,19.0,False,False
A,A27,AVG 15:00-15:20 ROLL20 q>=2/3,AVG,15:00-15:20,20.0,-,True,2022-03-25,2023-12-28,437,136,78.42562929061785,0.3112128146453089,0.5073529411764706,1.1770991701126854,-3.822900829887319,-0.6370372210587147,-0.03153982870582961,-0.46674043757547673,-0.07943350907507474,-0.3970594913038586,0.014456951407713081,-0.2248608314580125,-1.7045137419980023,-0.2382853602541887,2024-01-02,2026-09-28,666,225,85.13513513513514,0.33783783783783783,0.5911111111111111,23.76168482241872,18.76168482241871,2.0316866638649986,0.15896899177556056,1.0219970450552127,-0.12722677213817102,1.249493240329298,0.55093954908414,-0.4080955854541519,8.588532106171526,0.5890044302540208,2024-01-02,2025-06-05,346,113,82.30057803468208,0.3265895953757225,0.5575221238938053,8.320992398034692,3.320992398034688,0.39954611554965613,0.023842602130407453,0.3133870680570279,-0.12722677213817102,0.18740239754345,0.061523947650643285,-0.21606396510993875,18.0,False,False
A,A28,AVG 15:00-15:20 ROLL63 q>=2/3,AVG,15:00-15:20,63.0,-,True,2022-03-25,2023-12-28,437,140,80.73226544622425,0.32036613272311215,0.5142857142857142,1.6624000796997631,-3.3375999203002413,-0.5787242199506428,-0.028630521091970396,-0.41576909012245256,-0.07288986665709363,-0.3927915141711139,0.014456951407713081,-0.2248608314580125,-1.0134078749220379,-0.14789451876375617,2024-01-02,2026-09-28,666,228,86.27027027027027,0.34234234234234234,0.5789473684210527,22.15804018494721,17.158040184947204,2.017943563716208,0.14601870271183892,0.9656918451875556,-0.12667101721818186,1.1527396394104268,0.55093954908414,-0.4080955854541519,6.20893911019548,0.44034739735627054,2024-01-02,2025-06-05,346,117,85.21387283236994,0.33815028901734107,0.5555555555555556,10.632381810204384,5.632381810204381,0.710071102001021,0.045088257167965606,0.5416117308289683,-0.12667101721818186,0.3559476994670713,0.061523947650643285,-0.21606396510993875,16.0,False,False
A,A29,AVG 14:40-14:50 ROLL20 q>=2/3,AVG,14:40-14:50,20.0,-,True,2022-03-25,2023-12-28,437,145,83.61556064073227,0.3318077803203661,0.5172413793103449,2.2046384515255277,-2.7953615484744763,-0.5946147644835251,-0.02479780861193559,-0.3966770194468488,-0.09703832824812941,-0.2555465356794583,0.014456951407713081,-0.2248608314580125,-0.2192601724793943,-0.034544404324146724,2024-01-02,2026-09-28,666,207,78.32432432432432,0.3108108108108108,0.6038647342995169,21.03899624434814,16.038996244348137,1.6361772824238703,0.11797005831607787,0.7404051611130704,-0.1721430881071796,0.6853023238587858,0.55093954908414,-0.4080955854541519,4.301159184807507,0.2794842753870853,2024-01-02,2025-06-05,346,111,80.84393063583815,0.3208092485549133,0.5945945945945946,12.187558448907058,7.187558448907053,0.8980647365048056,0.05487747585853264,0.5994657955833678,-0.106141773594285,0.5170205283010968,0.061523947650643285,-0.21606396510993875,15.0,False,False
A,A30,AVG 14:40-14:50 ROLL63 q>=2/3,AVG,14:40-14:50,63.0,-,True,2022-03-25,2023-12-28,437,155,89.38215102974829,0.35469107551487417,0.4838709677419355,-0.3457285707847316,-5.345728570784736,-1.099805032955652,-0.04844044074039555,-0.7818442986813198,-0.10587242853034784,-0.4575359365305418,0.014456951407713081,-0.2248608314580125,-4.1791998550126435,-0.6164355842375892,2024-01-02,2026-09-28,666,218,82.48648648648648,0.32732732732732733,0.6100917431192661,21.478294238503867,16.47829423850386,1.563643354296072,0.12849511696813187,0.7765755163755594,-0.12609806053494887,1.0190094631353876,0.55093954908414,-0.4080955854541519,5.059831540032034,0.333826265012371,2024-01-02,2025-06-05,346,118,85.94219653179191,0.34104046242774566,0.6016949152542372,10.831030293742662,5.831030293742658,0.7312759550011426,0.0456861067791805,0.47987969208983633,-0.12609806053494887,0.3623061812795948,0.061523947650643285,-0.21606396510993875,26.0,False,False
A,A31,팀원 원본 SP 14:40-14:50(양끝 포함) ROLL63 q>=2/3,SP,14:40-14:50 incl,63.0,-,False,2022-03-25,2023-12-28,437,131,75.54233409610984,0.2997711670480549,0.5419847328244275,4.752931411384563,-0.24706858861544093,-0.044817015573228244,-0.0037423876671058842,-0.03038375005031132,-0.08249864928726391,-0.04536301744862181,0.014456951407713081,-0.2248608314580125,3.430000173511166,0.4392055483261667,2024-01-02,2026-09-28,666,197,74.54054054054055,0.2957957957957958,0.6294416243654822,33.14095640450763,28.140956404507623,2.3286452803950315,0.21656224087493703,1.251571321914441,-0.09763564374903289,2.218065376120206,0.55093954908414,-0.4080955854541519,21.394749536232045,1.2370298766351577,2024-01-02,2025-06-05,346,103,75.01734104046243,0.2976878612716763,0.6407766990291263,14.64970890665743,9.649708906657427,0.8897359400315179,0.07100954223907285,0.8350556571172252,-0.09763564374903289,0.7272911767919411,0.061523947650643285,-0.21606396510993875,5.0,False,False
B,B01,ALWAYS,KODEX1m,ALWAYS,,-,True,2023-01-02,2024-12-30,489,489,252.0,1.0,0.5153374233128835,5.708089659876993,0.7080896598769885,0.21870266070892547,0.011032871919953502,0.15211440331573287,-0.13640430801306547,0.08088360316960605,0.06584584738728094,-0.205524259494821,,,2025-01-02,2026-09-28,422,421,251.40284360189574,0.9976303317535545,0.5961995249406176,27.013842231305432,22.01384223130543,2.679837651649783,0.6488782900438479,1.6951443554468184,-0.17258842222333615,3.759686088352868,1.1197243103113546,-0.40809558545415214,,,2025-01-02,2025-06-05,102,102,252.0,1.0,0.5882352941176471,8.231366265695707,3.2313662656957023,0.3125104269837147,0.06878544704460832,0.46927502839454943,-0.14472021176590288,0.47529951901863277,0.5609410861252353,-0.13512429831595796,11.0,False,False
B,B02,ALWAYS & P1519>MA20,KODEX1m,ALWAYS,,MA20,True,2023-01-02,2024-12-30,489,273,140.68711656441718,0.558282208588957,0.46886446886446886,4.053052805797301,-0.9469471942027033,-0.23400346121402663,-0.01635179410660248,-0.1674844892258117,-0.17067393317774937,-0.09580721438916397,0.06584584738728094,-0.205524259494821,-3.746819544652631,-0.5776303470783087,2025-01-02,2026-09-28,422,309,184.521327014218,0.7322274881516587,0.5825242718446602,15.85754254159952,10.857542541599516,1.1166824958790778,0.19135254526987389,0.8941806645839288,-0.21380541552879806,0.8949845577887154,1.1197243103113546,-0.40809558545415214,-38.79479563190852,-1.4548680375900302,2025-01-02,2025-06-05,102,71,175.41176470588235,0.696078431372549,0.6056338028169014,13.459122676865208,8.459122676865205,1.0167902781263314,0.15518720971650857,1.6361622959908293,-0.05940719537890138,2.612262853459393,0.5609410861252353,-0.13512429831595796,16.0,False,False
B,B03,ALWAYS & P1519>MA60,KODEX1m,ALWAYS,,MA60,True,2023-01-02,2024-12-30,489,301,155.11656441717793,0.6155419222903885,0.47840531561461797,3.249092815620078,-1.7509071843799264,-0.4661223175273865,-0.029884020141828116,-0.3404702191634182,-0.11931423964566823,-0.2504648249075363,0.06584584738728094,-0.205524259494821,-6.396007749157618,-0.8370053500574048,2025-01-02,2026-09-28,422,346,206.61611374407582,0.8199052132701422,0.6040462427745664,22.532609694800144,17.53260969480014,2.0686723602354746,0.3885542363291854,1.3902274963130625,-0.17258842222333615,2.2513343092410976,1.1197243103113546,-0.40809558545415214,-20.61754694414481,-0.76478013589993,2025-01-02,2025-06-05,102,80,197.64705882352942,0.7843137254901961,0.5875,2.202231577799696,-2.7977684222003076,-0.2649881476137733,-0.06012786734975473,-0.4767304223418547,-0.10726345071702259,-0.5605624930749361,0.5609410861252353,-0.13512429831595796,19.0,False,False
B,B04,L60UP,KODEX1m,L60UP,,-,True,2023-01-02,2024-12-30,489,221,113.88957055214723,0.45194274028629855,0.5158371040723982,6.449642016584064,1.4496420165840598,0.2794910747636805,0.013639620246236106,0.2143722651016679,-0.09274273880365291,0.14706941397442183,0.06584584738728094,-0.205524259494821,1.3530563523498411,0.21429212191332944,2025-01-02,2026-09-28,422,217,129.5829383886256,0.514218009478673,0.5898617511520737,24.920232243049227,19.92023224304922,1.946070201098859,0.26326416112252216,1.1674423580807565,-0.1703942652703958,1.5450294685959804,1.1197243103113546,-0.40809558545415214,-2.728570011677535,-0.14499394308610747,2025-01-02,2025-06-05,102,46,113.6470588235294,0.45098039215686275,0.5869565217391305,1.5053741382852348,-3.4946258617147694,-0.20129552584206128,-0.04980206609678206,-0.2619518949538576,-0.11630018127066888,-0.4282200212644229,0.5609410861252353,-0.13512429831595796,9.0,False,False
B,B05,L60UP & P1519>MA20,KODEX1m,L60UP,,MA20,True,2023-01-02,2024-12-30,489,127,65.4478527607362,0.25971370143149286,0.4645669291338583,4.319149508366907,-0.6808504916330979,-0.105784860418128,-0.005946016869986304,-0.08110358421661612,-0.09179576300391823,-0.06477441523888747,0.06584584738728094,-0.205524259494821,-1.876220259912797,-0.25934501637642876,2025-01-02,2026-09-28,422,166,99.12796208530806,0.3933649289099526,0.5843373493975904,18.30289086281247,13.302890862812463,1.0069978550412615,0.12535947427117544,0.7938109073808115,-0.1595617915404146,0.785648450427581,1.1197243103113546,-0.40809558545415214,-13.0932613861477,-0.708077426719195,2025-01-02,2025-06-05,102,27,66.70588235294117,0.2647058823529412,0.6666666666666666,10.777724484708608,5.777724484708603,0.28535241393572675,0.03672171866317431,0.5461643728225147,-0.06485845228114728,0.566182469233056,0.5609410861252353,-0.13512429831595796,14.0,False,False
B,B06,L60UP & P1519>MA60,KODEX1m,L60UP,,MA60,True,2023-01-02,2024-12-30,489,142,73.17791411042946,0.2903885480572597,0.5,8.196945664371091,3.1969456643710874,0.7416873381011253,0.02220910301892154,0.4371048323367087,-0.04336124474536718,0.5121878569063545,0.06584584738728094,-0.205524259494821,3.5073503925003218,0.5347900715919139,2025-01-02,2026-09-28,422,180,107.48815165876778,0.4265402843601896,0.6222222222222222,30.834809907882548,25.834809907882544,2.6283337561955338,0.29901040565404835,1.5477156599163817,-0.09186818691406018,3.2547763888468078,1.1197243103113546,-0.40809558545415214,8.00245835605688,0.5173682080067984,2025-01-02,2025-06-05,102,33,81.52941176470588,0.3235294117647059,0.6363636363636364,-4.019279748030553,-9.019279748030558,-0.4800411730074076,-0.07498365591911638,-0.7834782837853682,-0.0906229547675107,-0.8274245318030484,0.5609410861252353,-0.13512429831595796,7.0,False,False
B,B07,L120UP,KODEX1m,L120UP,,-,True,2023-01-02,2024-12-30,489,234,120.58895705521472,0.4785276073619632,0.5256410256410257,7.335022634835259,2.3350226348352545,0.49323203118596975,0.025500643635602893,0.3647751725995862,-0.09207186045233817,0.27696457430447524,0.06584584738728094,-0.205524259494821,3.1198832343317355,0.4847467022329961,2025-01-02,2026-09-28,422,218,130.18009478672985,0.5165876777251185,0.5779816513761468,22.25589052904309,17.25589052904309,1.6064834698667483,0.21654858992476012,0.9338254073508866,-0.15131583636489332,1.4311032812359448,1.1197243103113546,-0.40809558545415214,-8.253475763257262,-0.4876313565547425,2025-01-02,2025-06-05,102,45,111.17647058823529,0.4411764705882353,0.6666666666666666,11.620209263614425,6.620209263614421,0.5516094040878903,0.06648966370088827,0.5382130434724789,-0.07212933241049224,0.921811716244533,0.5609410861252353,-0.13512429831595796,8.0,False,False
B,B08,L120UP & P1519>MA20,KODEX1m,L120UP,,MA20,True,2023-01-02,2024-12-30,489,145,74.7239263803681,0.2965235173824131,0.4689655172413793,3.2408510920564875,-1.759148907943516,-0.35036072126184725,-0.014606976299868624,-0.2346281409656332,-0.09171783312941051,-0.1592599367154555,0.06584584738728094,-0.205524259494821,-3.5072083129773923,-0.541385517502959,2025-01-02,2026-09-28,422,166,99.12796208530806,0.3933649289099526,0.5481927710843374,7.068445566248503,2.0684455662484984,0.1587678036393495,0.00710926103996945,0.12494208498662551,-0.19152660027485924,0.03711892254009089,1.1197243103113546,-0.40809558545415214,-31.612542304702394,-1.678756104523804,2025-01-02,2025-06-05,102,30,74.11764705882352,0.29411764705882354,0.6666666666666666,4.0846309812638815,-0.915369018736123,-0.05069915070850099,-0.008922834373838784,-0.10256426764299997,-0.06893028778268229,-0.12944722357710095,0.5609410861252353,-0.13512429831595796,17.0,False,False
B,B09,L120UP & P1519>MA60,KODEX1m,L120UP,,MA60,True,2023-01-02,2024-12-30,489,151,77.8159509202454,0.30879345603271985,0.5033112582781457,6.246694919273665,1.2466949192736603,0.2969191863739341,0.008225911071362502,0.1764727618819536,-0.05112993985601688,0.16088247110258416,0.06584584738728094,-0.205524259494821,0.7792247687721076,0.11856336651264406,2025-01-02,2026-09-28,422,179,106.8909952606635,0.42417061611374407,0.6033519553072626,25.35677092775879,20.356770927758784,1.853030134126331,0.22331885395403317,1.2134870087742116,-0.15131583636489343,1.4758458818249975,1.1197243103113546,-0.40809558545415214,-1.5437758331129878,-0.09174365518460505,2025-01-02,2025-06-05,102,30,74.11764705882352,0.29411764705882354,0.7,2.767707077762749,-2.2322929222372556,-0.13646415774475024,-0.018419998465347143,-0.25819927926844416,-0.06655404227057449,-0.27676753863365516,0.5609410861252353,-0.13512429831595796,10.0,False,False
B,B10,L120PCT,KODEX1m,L120PCT,,-,True,2023-01-02,2024-12-30,489,146,75.23926380368098,0.2985685071574642,0.5273972602739726,5.488312185034276,0.4883121850342724,0.09004342684770336,0.0017948984323887807,0.059882791673663324,-0.06167546448035499,0.029102309119382407,0.06584584738728094,-0.205524259494821,-0.10961278203847839,-0.016730950776592528,2025-01-02,2026-09-28,422,156,93.1563981042654,0.3696682464454976,0.5897435897435898,20.475429860830186,15.47542986083018,1.1943321959441815,0.13146298473904916,0.7081374970799388,-0.15354271435291644,0.8561981289251065,1.1197243103113546,-0.40809558545415214,-9.154373901091446,-0.45457475199508574,2025-01-02,2025-06-05,102,36,88.94117647058823,0.35294117647058826,0.6388888888888888,8.184460870001544,3.1844608700015407,0.232025139818149,0.019413083004219622,0.20851397253706308,-0.08048563717490531,0.24119934544386568,0.5609410861252353,-0.13512429831595796,12.0,False,False
B,B11,L120PCT & P1519>MA20,KODEX1m,L120PCT,,MA20,True,2023-01-02,2024-12-30,489,91,46.895705521472394,0.18609406952965235,0.45054945054945056,-2.5086832486304727,-7.5086832486304775,-1.228602740545029,-0.035523604452339375,-0.8063848277510342,-0.09713930640056578,-0.36569753036791774,0.06584584738728094,-0.205524259494821,-10.260930249886444,-1.4046282955881422,2025-01-02,2026-09-28,422,119,71.06161137440758,0.28199052132701424,0.5630252100840336,7.079225244314025,2.079225244314021,0.12762450083257124,0.0041866642484775785,0.10131659917533163,-0.17683914467786288,0.0236749858528448,1.1197243103113546,-0.40809558545415214,-26.69393335267374,-1.3041631147452053,2025-01-02,2025-06-05,102,23,56.8235294117647,0.22549019607843138,0.6521739130434783,-0.6180317952722196,-5.618031795272224,-0.24666184654199008,-0.03343848423243634,-0.49342148760700916,-0.06985744869109767,-0.4786674128380757,0.5609410861252353,-0.13512429831595796,20.0,False,False
B,B12,L120PCT & P1519>MA60,KODEX1m,L120PCT,,MA60,True,2023-01-02,2024-12-30,489,91,46.895705521472394,0.18609406952965235,0.4945054945054945,2.427890772893248,-2.5721092271067567,-0.4837796713038162,-0.01280888431387539,-0.2961208068617057,-0.07424111881291073,-0.17253086320202235,0.06584584738728094,-0.205524259494821,-3.983376419530894,-0.5637377221396135,2025-01-02,2026-09-28,422,129,77.03317535545024,0.3056872037914692,0.6124031007751938,25.520370487874104,20.5203704878741,1.4680860481729459,0.15542916171738996,0.9559115638867115,-0.14515012820647388,1.0708165651517325,1.1197243103113546,-0.40809558545415214,-1.044704822791105,-0.05916327739201756,2025-01-02,2025-06-05,102,22,54.35294117647059,0.21568627450980393,0.6363636363636364,-6.53290796965618,-11.532907969656184,-0.5255438089103348,-0.06255647228464456,-1.0138236120583455,-0.06985744869109733,-0.8954875028611915,0.5609410861252353,-0.13512429831595796,18.0,False,False
B,B13,PMREV,KODEX1m,PMREV,,-,True,2023-01-02,2024-12-30,489,121,62.355828220858896,0.2474437627811861,0.5619834710743802,13.53286522447263,8.532865224472626,1.5718176835016537,0.053212111462555,1.0195338076772698,-0.048451145105486426,1.0982632370546277,0.06584584738728094,-0.205524259494821,10.397595790998022,1.3975905458867535,2025-01-02,2026-09-28,422,100,59.71563981042654,0.23696682464454977,0.59,42.655040441453224,37.655040441453224,1.8245400792719537,0.2309173073061026,1.203244590807746,-0.09793941767934344,2.357756588487515,1.1197243103113546,-0.40809558545415214,21.505379525877643,0.8936198350546699,2025-01-02,2025-06-05,102,24,59.294117647058826,0.23529411764705882,0.5833333333333334,2.363725570595082,-2.6362744294049225,-0.09627351702106259,-0.023793747152943356,-0.11935009327240653,-0.09793941767934344,-0.242943522809629,0.5609410861252353,-0.13512429831595796,2.0,False,False
B,B14,PMREV & P1519>MA20,KODEX1m,PMREV,,MA20,True,2023-01-02,2024-12-30,489,69,35.558282208588956,0.1411042944785276,0.5217391304347826,13.756253560276013,8.75625356027601,1.074405284309249,0.031037039897782615,0.921802634735181,-0.05261379355609541,0.589903099549204,0.06584584738728094,-0.205524259494821,9.370362255464567,1.1125449747967302,2025-01-02,2026-09-28,422,68,40.60663507109005,0.16113744075829384,0.5588235294117647,14.92729131121948,9.927291311219477,0.5672324409718398,0.035275611398491336,0.376980971370525,-0.07624049436121949,0.46268864983166524,1.1197243103113546,-0.40809558545415214,-13.492593010243086,-0.62013241227027,2025-01-02,2025-06-05,102,17,42.0,0.16666666666666666,0.5882352941176471,-12.532836642630667,-17.53283664263067,-0.47129029033916287,-0.07278390224401765,-1.1865096882381814,-0.07624049436121949,-0.9546619923419585,0.5609410861252353,-0.13512429831595796,4.0,False,False
B,B15,PMREV & P1519>MA60,KODEX1m,PMREV,,MA60,True,2023-01-02,2024-12-30,489,75,38.65030674846626,0.15337423312883436,0.5733333333333334,13.611275794401758,8.61127579440175,1.479208951352973,0.03321568724888224,0.9558450560162787,-0.02806697726579599,1.183443693787459,0.06584584738728094,-0.205524259494821,9.334922753098104,1.2428427405469598,2025-01-02,2026-09-28,422,77,45.981042654028435,0.18246445497630331,0.5974025974025974,32.639997799993836,27.63999779999383,1.1857521519358056,0.12791302621276435,1.0884689749191079,-0.07624049436121949,1.677757040854507,1.1197243103113546,-0.40809558545415214,7.821403514889078,0.3291848330913916,2025-01-02,2025-06-05,102,15,37.05882352941176,0.14705882352941177,0.5333333333333333,-25.37346829161528,-30.373468291615282,-0.7806854587572996,-0.10803054198595474,-1.9076276728067776,-0.07624049436121949,-1.4169706386492895,0.5609410861252353,-0.13512429831595796,3.0,False,False
B,B16,L60DN,KODEX1m,L60DN,,-,True,2023-01-02,2024-12-30,489,254,130.8957055214724,0.5194274028629857,0.5118110236220472,5.150269745588245,0.15026974558824094,0.03529475166743783,-0.0018076669912853172,0.022615238205789676,-0.12018788706800221,-0.015040342545189605,0.06584584738728094,-0.205524259494821,-1.160740162073183,-0.18231738029914657,2025-01-02,2026-09-28,422,196,117.04265402843602,0.46445497630331756,0.6071428571428571,27.94777814839137,22.947778148391368,2.033063551174859,0.27122510816208045,1.1175983930625553,-0.13404319688298105,2.0234156933668066,1.1197243103113546,-0.40809558545415214,3.1781748657543964,0.17018078316896854,2025-01-02,2025-06-05,102,53,130.94117647058823,0.5196078431372549,0.6037735849056604,13.401920807090631,8.401920807090628,0.9615063787410457,0.11243108518053124,1.319312363437255,-0.04497292030034017,2.499972971061006,0.5609410861252353,-0.13512429831595796,13.0,False,False
B,B17,L60DN & P1519>MA20,KODEX1m,L60DN,,MA20,True,2023-01-02,2024-12-30,489,136,70.08588957055214,0.278118609406953,0.4632352941176471,4.029394582927412,-0.9706054170725921,-0.20455413983020054,-0.00831934673325252,-0.12219348332758564,-0.09530410046707527,-0.08729264210543182,0.06584584738728094,-0.205524259494821,-2.3254444550378004,-0.368293204733177,2025-01-02,2026-09-28,422,136,81.2132701421801,0.3222748815165877,0.5808823529411765,10.070923321741203,5.070923321741197,0.45490052018944593,0.030447412570887344,0.2771699774874145,-0.14080223546824622,0.2162423946582429,1.1197243103113546,-0.40809558545415214,-23.866311948202352,-1.2530221388821672,2025-01-02,2025-06-05,102,41,101.29411764705883,0.4019607843137255,0.5853658536585366,14.745092756250234,9.74509275625023,1.8144432699237911,0.10201331288824211,1.7598504519029032,-0.016982845447390482,6.006844565844947,0.5609410861252353,-0.13512429831595796,15.0,False,False
B,B18,L60DN & P1519>MA60,KODEX1m,L60DN,,MA60,True,2023-01-02,2024-12-30,489,150,77.30061349693251,0.3067484662576687,0.4533333333333333,-1.1130386521805018,-6.1130386521805065,-1.0376652660666645,-0.04772554705832399,-0.8246109019264166,-0.10725357069800512,-0.4449786309931374,0.06584584738728094,-0.205524259494821,-9.839326680224538,-1.433200765656817,2025-01-02,2026-09-28,422,159,94.9478672985782,0.3767772511848341,0.5911949685534591,12.923334184660506,7.923334184660501,0.7336021040224026,0.05906240570220156,0.3976411263650541,-0.13404319688298116,0.44062218057782265,1.1197243103113546,-0.40809558545415214,-21.376607730167045,-1.2221535976641642,2025-01-02,2025-06-05,102,44,108.70588235294117,0.43137254901960786,0.5681818181818182,5.653736635112413,0.653736635112408,0.08964379816743309,0.004884234536582488,0.1060111045300367,-0.032791435291669835,0.1489484828321392,0.5609410861252353,-0.13512429831595796,21.0,False,False
B,B19,DAYDN,KODEX1m,DAYDN,,-,True,2023-01-02,2024-12-30,489,235,121.1042944785276,0.48057259713701433,0.5531914893617021,10.387804790754355,5.38780479075435,1.0577851732488694,0.06366914398336565,0.7772140603421666,-0.07660535887401632,0.8311317239316728,0.06584584738728094,-0.205524259494821,9.009372830704852,1.4874704309764526,2025-01-02,2026-09-28,422,185,110.4739336492891,0.43838862559241704,0.6054054054054054,27.44274296733662,22.442742967336617,1.679590698657381,0.24304580672243103,1.0005033821416047,-0.1871702430947777,1.2985280283007354,1.1197243103113546,-0.40809558545415214,2.131403684621882,0.10894773082870263,2025-01-02,2025-06-05,102,40,98.82352941176471,0.39215686274509803,0.675,23.229002216455186,18.229002216455182,0.9449439806094079,0.18851192734021938,1.4647238096212651,-0.07514400032286972,2.508675696399499,0.5609410861252353,-0.13512429831595796,5.0,False,False
B,B20,DAYDN & P1519>MA20,KODEX1m,DAYDN,,MA20,True,2023-01-02,2024-12-30,489,111,57.20245398773006,0.22699386503067484,0.5495495495495496,14.106552065516311,9.106552065516306,1.4272584296734536,0.052174218386463744,1.0515952792892476,-0.06860445137707916,0.76050777083971,0.06584584738728094,-0.205524259494821,10.864677556501679,1.5940452526471016,2025-01-02,2026-09-28,422,124,74.04739336492891,0.2938388625592417,0.5887096774193549,6.699000154823521,1.6990001548235165,0.15127590401976995,0.0006295945473229203,0.08175782361442216,-0.1398877443880332,0.004500712697007211,1.1197243103113546,-0.40809558545415214,-27.680257696728646,-1.5696428724405236,2025-01-02,2025-06-05,102,30,74.11764705882352,0.29411764705882354,0.7,16.52325032762403,11.523250327624025,0.8897404522174281,0.0875383271673853,1.5644608858102627,-0.030089995685775306,2.9092170062612546,0.5609410861252353,-0.13512429831595796,1.0,True,True
B,B21,DAYDN & P1519>MA60,KODEX1m,DAYDN,,MA60,True,2023-01-02,2024-12-30,489,133,68.5398773006135,0.2719836400817996,0.5413533834586466,10.373694875284668,5.373694875284664,0.9836377381300527,0.036125327396668405,0.7109706297570361,-0.048284137191555665,0.7481821048877789,0.06584584738728094,-0.205524259494821,6.408654354871787,0.9671532285758125,2025-01-02,2026-09-28,422,145,86.58767772511848,0.34360189573459715,0.5862068965517241,6.598390112555459,1.598390112555455,0.1425331654340707,-0.0042523427394937086,0.07254331976415429,-0.1871702430947778,-0.02271911746858415,1.1197243103113546,-0.40809558545415214,-29.93203693668686,-1.6648263090994297,2025-01-02,2025-06-05,102,32,79.05882352941177,0.3137254901960784,0.625,-5.962205715130814,-10.962205715130818,-0.5657428542605357,-0.08573511075030271,-1.1279902879345998,-0.08159117236839608,-1.0507890530509372,0.5609410861252353,-0.13512429831595796,6.0,False,False
B,B22,CLVHI,KODEX1m,CLVHI,,-,True,2023-01-02,2024-12-30,489,164,84.51533742331289,0.33537832310838445,0.4268292682926829,-5.561004583585114,-10.561004583585119,-2.0646938611727865,-0.08743155394931379,-1.340436001816602,-0.18259466112745004,-0.4788286437810307,0.06584584738728094,-0.205524259494821,-16.95565256939378,-2.6445513033881634,2025-01-02,2026-09-28,422,170,101.51658767772511,0.4028436018957346,0.5588235294117647,12.083741964562678,7.083741964562675,0.45909544994507956,0.05506610622018804,0.3755207638992203,-0.19078260260563717,0.28863274464293825,1.1197243103113546,-0.40809558545415214,-23.71569742029853,-1.0678500729267517,2025-01-02,2025-06-05,102,39,96.35294117647058,0.38235294117647056,0.5128205128205128,-11.619290485985216,-16.61929048598522,-1.4616763380161257,-0.15059509896376644,-2.0541071192299576,-0.08274970597404652,-1.819886816407527,0.5609410861252353,-0.13512429831595796,22.0,False,False
B,B23,CLVHI & P1519>MA20,KODEX1m,CLVHI,,MA20,True,2023-01-02,2024-12-30,489,112,57.717791411042946,0.22903885480572597,0.375,-8.569312215519556,-13.569312215519561,-2.308643264737824,-0.07662821958567367,-1.485738675258812,-0.16116294831379752,-0.47547045017116607,0.06584584738728094,-0.205524259494821,-18.518964236257062,-2.725018339295219,2025-01-02,2026-09-28,422,137,81.81042654028435,0.3246445497630332,0.5620437956204379,9.823577110475453,4.82357711047545,0.33820721593501435,0.029396814615487044,0.27240953872755086,-0.14324581223695343,0.20521936492537465,1.1197243103113546,-0.40809558545415214,-24.316299362596578,-1.2199096501385893,2025-01-02,2025-06-05,102,26,64.23529411764706,0.2549019607843137,0.5384615384615384,-3.24279478457325,-8.242794784573254,-0.8656774130495744,-0.053030152426628896,-0.95418473429255,-0.04226774233162012,-1.2546246736002626,0.5609410861252353,-0.13512429831595796,24.0,False,False
B,B24,CLVHI & P1519>MA60,KODEX1m,CLVHI,,MA60,True,2023-01-02,2024-12-30,489,111,57.20245398773006,0.22699386503067484,0.38738738738738737,-6.303804180618949,-11.303804180618952,-2.384349455394869,-0.06366744524960033,-1.3689906934978144,-0.13549010822872332,-0.4699047486339162,0.06584584738728094,-0.205524259494821,-15.539196000006688,-2.2749777550566996,2025-01-02,2026-09-28,422,144,85.99052132701422,0.3412322274881517,0.5902777777777778,20.465823531646368,15.465823531646365,1.0099036963272556,0.12859687652460505,0.8571374094611435,-0.18459300770566334,0.6966508543468501,1.1197243103113546,-0.40809558545415214,-8.773803340308989,-0.4563541438444929,2025-01-02,2025-06-05,102,29,71.6470588235294,0.28431372549019607,0.5517241379310345,-10.788613079639513,-15.788613079639516,-1.28972207132855,-0.10903793334815315,-1.6651147461520353,-0.06609041319127473,-1.6498298025854732,0.5609410861252353,-0.13512429831595796,23.0,False,False
