decision_date,period,entry,entry_px,exit_date,exit,exit_px,gross_bp,net_5bp,net_2bp
2023-01-11,design,T 15:30 종가 단일가,29293.0,2023-01-12,T+1 09:00 시가 단일가,29465.0,58.7170996483799,53.71709964837989,56.7170996483799
2023-01-12,design,T 15:30 종가 단일가,29375.0,2023-01-13,T+1 09:00 시가 단일가,29449.0,25.191489361702235,20.191489361702235,23.191489361702235
2023-01-17,design,T 15:30 종가 단일가,29592.0,2023-01-18,T+1 09:00 시가 단일가,29557.0,-11.827520951608328,-16.827520951608328,-13.82752095160833
2023-01-18,design,T 15:30 종가 단일가,29395.0,2023-01-19,T+1 09:00 시가 단일가,29240.0,-52.73005613199544,-57.73005613199545,-54.73005613199544
2023-01-30,design,T 15:30 종가 단일가,30414.0,2023-01-31,T+1 09:00 시가 단일가,30414.0,0.0,-5.0,-2.0
2023-01-31,design,T 15:30 종가 단일가,29945.0,2023-02-01,T+1 09:00 시가 단일가,30159.0,71.46435131073714,66.46435131073713,69.46435131073714
2023-02-06,design,T 15:30 종가 단일가,30024.0,2023-02-07,T+1 09:00 시가 단일가,30047.0,7.660538236078374,2.6605382360783736,5.660538236078374
2023-02-14,design,T 15:30 종가 단일가,30503.0,2023-02-15,T+1 09:00 시가 단일가,30568.0,21.309379405305418,16.309379405305418,19.309379405305418
2023-03-24,design,T 15:30 종가 단일가,29624.0,2023-03-27,T+1 09:00 시가 단일가,29720.0,32.40615716986195,27.40615716986195,30.40615716986195
2023-04-03,design,T 15:30 종가 단일가,30291.0,2023-04-04,T+1 09:00 시가 단일가,30318.0,8.913538674852894,3.9135386748528944,6.913538674852894
2023-04-06,design,T 15:30 종가 단일가,30057.0,2023-04-07,T+1 09:00 시가 단일가,30276.0,72.86156303024205,67.86156303024204,70.86156303024205
2023-04-14,design,T 15:30 종가 단일가,31537.0,2023-04-17,T+1 09:00 시가 단일가,31523.0,-4.4392301106632726,-9.439230110663273,-6.4392301106632726
2023-04-18,design,T 15:30 종가 단일가,31501.0,2023-04-19,T+1 09:00 시가 단일가,31486.0,-4.761753595123874,-9.761753595123874,-6.761753595123874
2023-04-21,design,T 15:30 종가 단일가,31272.0,2023-04-24,T+1 09:00 시가 단일가,31171.0,-32.29726272704014,-37.29726272704014,-34.29726272704014
2023-04-24,design,T 15:30 종가 단일가,31057.0,2023-04-25,T+1 09:00 시가 단일가,31132.0,24.14914512026245,19.14914512026245,22.14914512026245
2023-05-23,design,T 15:30 종가 단일가,31909.0,2023-05-24,T+1 09:00 시가 단일가,31722.0,-58.6041555673944,-63.60415556739441,-60.6041555673944
2023-05-25,design,T 15:30 종가 단일가,31763.0,2023-05-26,T+1 09:00 시가 단일가,31815.0,16.37124956710645,11.37124956710645,14.371249567106448
2023-05-31,design,T 15:30 종가 단일가,32071.0,2023-06-01,T+1 09:00 시가 단일가,32029.0,-13.095943375635022,-18.095943375635024,-15.095943375635024
2023-06-01,design,T 15:30 종가 단일가,31967.0,2023-06-02,T+1 09:00 시가 단일가,32172.0,64.12863265242264,59.12863265242263,62.12863265242264
2023-06-05,design,T 15:30 종가 단일가,32469.0,2023-06-07,T+1 09:00 시가 단일가,32566.0,29.874649665835307,24.874649665835307,27.874649665835307
2023-06-07,design,T 15:30 종가 단일가,32399.0,2023-06-08,T+1 09:00 시가 단일가,32301.0,-30.247847155776554,-35.247847155776554,-32.247847155776554
2023-06-12,design,T 15:30 종가 단일가,32576.0,2023-06-13,T+1 09:00 시가 단일가,32764.0,57.711198428291866,52.71119842829186,55.711198428291866
2023-06-13,design,T 15:30 종가 단일가,32731.0,2023-06-14,T+1 09:00 시가 단일가,32731.0,0.0,-5.0,-2.0
2023-06-14,design,T 15:30 종가 단일가,32571.0,2023-06-15,T+1 09:00 시가 단일가,32651.0,24.561726689387164,19.561726689387164,22.561726689387164
2023-06-15,design,T 15:30 종가 단일가,32456.0,2023-06-16,T+1 09:00 시가 단일가,32622.0,51.1461671185609,46.146167118560896,49.1461671185609
2023-06-16,design,T 15:30 종가 단일가,32613.0,2023-06-19,T+1 09:00 시가 단일가,32519.0,-28.822862048876186,-33.82286204887619,-30.822862048876186
2023-06-19,design,T 15:30 종가 단일가,32433.0,2023-06-20,T+1 09:00 시가 단일가,32344.0,-27.441186445903433,-32.44118644590343,-29.441186445903433
2023-07-04,design,T 15:30 종가 단일가,32433.0,2023-07-05,T+1 09:00 시가 단일가,32381.0,-16.03305275491018,-21.033052754910184,-18.033052754910184
2023-07-18,design,T 15:30 종가 단일가,32566.0,2023-07-19,T+1 09:00 시가 단일가,32746.0,55.272369956396176,50.27236995639617,53.272369956396176
2023-07-19,design,T 15:30 종가 단일가,32528.0,2023-07-20,T+1 09:00 시가 단일가,32315.0,-65.48204623708753,-70.48204623708753,-67.48204623708753
2023-07-25,design,T 15:30 종가 단일가,32731.0,2023-07-26,T+1 09:00 시가 단일가,32717.0,-4.2772906418986345,-9.277290641898635,-6.2772906418986345
2023-07-26,design,T 15:30 종가 단일가,32306.0,2023-07-27,T+1 09:00 시가 단일가,32409.0,31.882622423078377,26.882622423078377,29.882622423078377
2023-07-31,design,T 15:30 종가 단일가,32770.0,2023-08-01,T+1 09:00 시가 단일가,32849.0,24.10741531889027,19.10741531889027,22.10741531889027
2023-08-02,design,T 15:30 종가 단일가,32586.0,2023-08-03,T+1 09:00 시가 단일가,32596.0,3.068802553243266,-1.9311974467567339,1.0688025532432661
2023-09-06,design,T 15:30 종가 단일가,32028.0,2023-09-07,T+1 09:00 시가 단일가,31936.0,-28.72486574247546,-33.72486574247546,-30.72486574247546
2023-09-07,design,T 15:30 종가 단일가,31865.0,2023-09-08,T+1 09:00 시가 단일가,31908.0,13.494429624980597,8.494429624980597,11.494429624980596
2023-09-08,design,T 15:30 종가 단일가,31912.0,2023-09-11,T+1 09:00 시가 단일가,31926.0,4.387064427173737,-0.6129355728262632,2.387064427173737
2023-09-12,design,T 15:30 종가 단일가,31836.0,2023-09-13,T+1 09:00 시가 단일가,31836.0,0.0,-5.0,-2.0
2023-09-18,design,T 15:30 종가 단일가,32339.0,2023-09-19,T+1 09:00 시가 단일가,32404.0,20.099570178422344,15.099570178422344,18.099570178422344
2023-09-19,design,T 15:30 종가 단일가,32093.0,2023-09-20,T+1 09:00 시가 단일가,32074.0,-5.920294145140836,-10.920294145140836,-7.920294145140836
2023-11-07,design,T 15:30 종가 단일가,31143.0,2023-11-08,T+1 09:00 시가 단일가,31369.0,72.56847445654024,67.56847445654024,70.56847445654024
2023-11-08,design,T 15:30 종가 단일가,30853.0,2023-11-09,T+1 09:00 시가 단일가,30853.0,0.0,-5.0,-2.0
2023-11-13,design,T 15:30 종가 단일가,30802.0,2023-11-14,T+1 09:00 시가 단일가,31062.0,84.41010324004905,79.41010324004904,82.41010324004904
2023-11-17,design,T 15:30 종가 단일가,31608.0,2023-11-20,T+1 09:00 시가 단일가,31561.0,-14.869653252340687,-19.869653252340687,-16.869653252340687
2023-11-24,design,T 15:30 종가 단일가,31821.0,2023-11-27,T+1 09:00 시가 단일가,31831.0,3.1425788001637756,-1.8574211998362244,1.1425788001637756
2023-11-27,design,T 15:30 종가 단일가,31785.0,2023-11-28,T+1 09:00 시가 단일가,31893.0,33.978291647003275,28.978291647003278,31.978291647003278
2023-11-29,design,T 15:30 종가 단일가,32047.0,2023-11-30,T+1 09:00 시가 단일가,31974.0,-22.779043280182208,-27.77904328018221,-24.77904328018221
2023-12-01,design,T 15:30 종가 단일가,31864.0,2023-12-04,T+1 09:00 시가 단일가,32093.0,71.8679387396426,66.86793873964258,69.8679387396426
2023-12-04,design,T 15:30 종가 단일가,32028.0,2023-12-05,T+1 09:00 시가 단일가,31878.0,-46.83402023229699,-51.83402023229699,-48.834020232296986
2023-12-05,design,T 15:30 종가 단일가,31675.0,2023-12-06,T+1 09:00 시가 단일가,31826.0,47.67166535122325,42.67166535122324,45.67166535122325
2023-12-13,design,T 15:30 종가 단일가,32047.0,2023-12-14,T+1 09:00 시가 단일가,32480.0,135.11405123724617,130.11405123724617,133.11405123724617
2023-12-14,design,T 15:30 종가 단일가,32434.0,2023-12-15,T+1 09:00 시가 단일가,32538.0,32.06511685268643,27.065116852686426,30.065116852686426
2023-12-18,design,T 15:30 종가 단일가,32724.0,2023-12-19,T+1 09:00 시가 단일가,32638.0,-26.280405818359664,-31.280405818359664,-28.280405818359664
2023-12-22,design,T 15:30 종가 단일가,33271.0,2023-12-26,T+1 09:00 시가 단일가,33436.0,49.59273842084721,44.59273842084721,47.59273842084722
2023-12-26,design,T 15:30 종가 단일가,33407.0,2023-12-27,T+1 09:00 시가 단일가,33469.0,18.558984643937126,13.558984643937126,16.558984643937126
2024-01-03,design,T 15:30 종가 단일가,33583.0,2024-01-04,T+1 09:00 시가 단일가,33325.0,-76.82458386683689,-81.82458386683689,-78.82458386683689
2024-01-05,design,T 15:30 종가 단일가,33194.0,2024-01-08,T+1 09:00 시가 단일가,33368.0,52.41911188769155,47.41911188769154,50.41911188769155
2024-01-08,design,T 15:30 종가 단일가,33084.0,2024-01-09,T+1 09:00 시가 단일가,33516.0,130.57671381936808,125.57671381936808,128.57671381936808
2024-02-05,design,T 15:30 종가 단일가,33400.0,2024-02-06,T+1 09:00 시가 단일가,33265.0,-40.419161676646944,-45.419161676646944,-42.41916167664694
2024-02-08,design,T 15:30 종가 단일가,33782.0,2024-02-13,T+1 09:00 시가 단일가,34185.0,119.29429873897446,114.29429873897445,117.29429873897445
2024-02-15,design,T 15:30 종가 단일가,33683.0,2024-02-16,T+1 09:00 시가 단일가,33953.0,80.15913071875991,75.1591307187599,78.1591307187599
2024-02-20,design,T 15:30 종가 단일가,34148.0,2024-02-21,T+1 09:00 시가 단일가,34130.0,-5.271172543047653,-10.271172543047653,-7.271172543047653
2024-02-21,design,T 15:30 종가 단일가,34073.0,2024-02-22,T+1 09:00 시가 단일가,34392.0,93.62251636192865,88.62251636192863,91.62251636192863
2024-02-22,design,T 15:30 종가 단일가,34247.0,2024-02-23,T+1 09:00 시가 단일가,34553.0,89.3508920489383,84.3508920489383,87.3508920489383
2024-02-23,design,T 15:30 종가 단일가,34353.0,2024-02-26,T+1 09:00 시가 단일가,34148.0,-59.67455535178856,-64.67455535178857,-61.674555351788555
2024-02-26,design,T 15:30 종가 단일가,34078.0,2024-02-27,T+1 09:00 시가 단일가,34090.0,3.5213334115846706,-1.4786665884153294,1.5213334115846706
2024-02-27,design,T 15:30 종가 단일가,33786.0,2024-02-28,T+1 09:00 시가 단일가,33872.0,25.45433019593979,20.45433019593979,23.45433019593979
2024-03-05,design,T 15:30 종가 단일가,34324.0,2024-03-06,T+1 09:00 시가 단일가,34153.0,-49.81936837198497,-54.81936837198498,-51.81936837198497
2024-03-07,design,T 15:30 종가 단일가,34224.0,2024-03-08,T+1 09:00 시가 단일가,34634.0,119.79897148200136,114.79897148200135,117.79897148200135
2024-03-11,design,T 15:30 종가 단일가,34434.0,2024-03-12,T+1 09:00 시가 단일가,34543.0,31.65475983039956,26.65475983039956,29.65475983039956
2024-03-15,design,T 15:30 종가 단일가,34543.0,2024-03-18,T+1 09:00 시가 단일가,34653.0,31.844367889297676,26.844367889297676,29.844367889297676
2024-03-22,design,T 15:30 종가 단일가,35795.0,2024-03-25,T+1 09:00 시가 단일가,35939.0,40.22908227406141,35.22908227406141,38.22908227406141
2024-03-25,design,T 15:30 종가 단일가,35654.0,2024-03-26,T+1 09:00 시가 단일가,35953.0,83.86155831042741,78.8615583104274,81.8615583104274
2024-03-29,design,T 15:30 종가 단일가,36123.0,2024-04-01,T+1 09:00 시가 단일가,36461.0,93.56919414223563,88.56919414223563,91.56919414223563
2024-04-01,design,T 15:30 종가 단일가,36147.0,2024-04-02,T+1 09:00 시가 단일가,36123.0,-6.63955514980441,-11.63955514980441,-8.63955514980441
2024-04-03,design,T 15:30 종가 단일가,35702.0,2024-04-04,T+1 09:00 시가 단일가,36101.0,111.75844490504794,106.75844490504794,109.75844490504794
2024-04-05,design,T 15:30 종가 단일가,35837.0,2024-04-08,T+1 09:00 시가 단일가,35914.0,21.486173507827555,16.486173507827555,19.486173507827555
2024-04-09,design,T 15:30 종가 단일가,35767.0,2024-04-11,T+1 09:00 시가 단일가,35201.0,-158.24642827187097,-163.24642827187097,-160.24642827187094
2024-05-03,design,T 15:30 종가 단일가,35152.0,2024-05-07,T+1 09:00 시가 단일가,35721.0,161.86845698680008,156.86845698680008,159.86845698680008
2024-05-09,design,T 15:30 종가 단일가,35688.0,2024-05-10,T+1 09:00 시가 단일가,35994.0,85.74310692669896,80.74310692669894,83.74310692669894
2024-05-10,design,T 15:30 종가 단일가,35870.0,2024-05-13,T+1 09:00 시가 단일가,35970.0,27.878449958183005,22.878449958183005,25.878449958183005
2024-05-13,design,T 15:30 종가 단일가,35803.0,2024-05-14,T+1 09:00 시가 단일가,35899.0,26.81339552551565,21.81339552551565,24.81339552551565
2024-05-14,design,T 15:30 종가 단일가,35875.0,2024-05-16,T+1 09:00 시가 단일가,36487.0,170.59233449477463,165.5923344947746,168.59233449477463
2024-05-16,design,T 15:30 종가 단일가,36216.0,2024-05-17,T+1 09:00 시가 단일가,36144.0,-19.88071570576566,-24.880715705765663,-21.880715705765663
2024-05-17,design,T 15:30 종가 단일가,35793.0,2024-05-20,T+1 09:00 시가 단일가,36111.0,88.84418741094579,83.84418741094579,86.84418741094579
2024-05-20,design,T 15:30 종가 단일가,36092.0,2024-05-21,T+1 09:00 시가 단일가,35970.0,-33.80250471018531,-38.80250471018531,-35.80250471018531
2024-05-21,design,T 15:30 종가 단일가,35904.0,2024-05-22,T+1 09:00 시가 단일가,35840.0,-17.825311942959445,-22.825311942959445,-19.825311942959445
2024-06-13,design,T 15:30 종가 단일가,36159.0,2024-06-14,T+1 09:00 시가 단일가,36179.0,5.531126413893528,0.5311264138935278,3.531126413893528
2024-06-17,design,T 15:30 종가 단일가,36082.0,2024-06-18,T+1 09:00 시가 단일가,36332.0,69.28662490992777,64.28662490992775,67.28662490992777
2024-06-21,design,T 15:30 종가 단일가,36834.0,2024-06-24,T+1 09:00 시가 단일가,36563.0,-73.57332898952018,-78.57332898952019,-75.57332898952018
2024-06-24,design,T 15:30 종가 단일가,36554.0,2024-06-25,T+1 09:00 시가 단일가,36563.0,2.462110849701382,-2.537889150298618,0.46211084970138205
2024-07-02,design,T 15:30 종가 단일가,36943.0,2024-07-03,T+1 09:00 시가 단일가,37098.0,41.95652762363666,36.95652762363666,39.95652762363667
2024-07-03,design,T 15:30 종가 단일가,37098.0,2024-07-04,T+1 09:00 시가 단일가,37397.0,80.59733678365433,75.59733678365433,78.59733678365433
2024-07-08,design,T 15:30 종가 단일가,38163.0,2024-07-09,T+1 09:00 시가 단일가,38403.0,62.888137725021224,57.88813772502122,60.888137725021224
2024-07-09,design,T 15:30 종가 단일가,38298.0,2024-07-10,T+1 09:00 시가 단일가,38149.0,-38.90542587080215,-43.90542587080215,-40.90542587080214
2024-07-11,design,T 15:30 종가 단일가,38521.0,2024-07-12,T+1 09:00 시가 단일가,38217.0,-78.91799278315736,-83.91799278315737,-80.91799278315737
2024-07-12,design,T 15:30 종가 단일가,37991.0,2024-07-15,T+1 09:00 시가 단일가,38202.0,55.5394698744438,50.539469874443796,53.5394698744438
2024-07-17,design,T 15:30 종가 단일가,37936.0,2024-07-18,T+1 09:00 시가 단일가,37451.0,-127.84690004217669,-132.84690004217669,-129.84690004217669
2024-08-20,design,T 15:30 종가 단일가,35723.0,2024-08-21,T+1 09:00 시가 단일가,35496.0,-63.544495143185166,-68.54449514318517,-65.54449514318516
2024-08-22,design,T 15:30 종가 단일가,35728.0,2024-08-23,T+1 09:00 시가 단일가,35510.0,-61.016569637258876,-66.01656963725888,-63.016569637258876
2024-08-26,design,T 15:30 종가 단일가,35515.0,2024-08-27,T+1 09:00 시가 단일가,35481.0,-9.573419681824236,-14.573419681824236,-11.573419681824237
2024-08-27,design,T 15:30 종가 단일가,35334.0,2024-08-28,T+1 09:00 시가 단일가,35310.0,-6.79232467311941,-11.79232467311941,-8.79232467311941
2024-09-02,design,T 15:30 종가 단일가,35073.0,2024-09-03,T+1 09:00 시가 단일가,35073.0,0.0,-5.0,-2.0
2024-09-03,design,T 15:30 종가 단일가,34779.0,2024-09-04,T+1 09:00 시가 단일가,33725.0,-303.056442105869,-308.056442105869,-305.056442105869
2024-09-27,design,T 15:30 종가 단일가,34373.0,2024-09-30,T+1 09:00 시가 단일가,34590.0,63.13094580048251,58.1309458004825,61.13094580048251
2024-10-10,design,T 15:30 종가 단일가,33551.0,2024-10-11,T+1 09:00 시가 단일가,33754.0,60.50490298351807,55.504902983518065,58.50490298351807
2024-10-11,design,T 15:30 종가 단일가,33593.0,2024-10-14,T+1 09:00 시가 단일가,33662.0,20.539993451016425,15.539993451016425,18.539993451016425
2024-10-15,design,T 15:30 종가 단일가,34111.0,2024-10-16,T+1 09:00 시가 단일가,33642.0,-137.4923045351939,-142.4923045351939,-139.4923045351939
2024-10-17,design,T 15:30 종가 단일가,33879.0,2024-10-18,T+1 09:00 시가 단일가,33942.0,18.595590188612565,13.595590188612565,16.595590188612565
2024-10-18,design,T 15:30 종가 단일가,33682.0,2024-10-21,T+1 09:00 시가 단일가,33700.0,5.344100706607957,0.344100706607957,3.344100706607957
2024-12-16,design,T 15:30 종가 단일가,32032.0,2024-12-17,T+1 09:00 시가 단일가,31987.0,-14.048451548451801,-19.0484515484518,-16.0484515484518
2025-01-07,validation,T 15:30 종가 단일가,32361.0,2025-01-08,T+1 09:00 시가 단일가,32090.0,-83.74277679923381,-88.74277679923381,-85.74277679923381
2025-01-10,validation,T 15:30 종가 단일가,32647.0,2025-01-13,T+1 09:00 시가 단일가,32466.0,-55.4415413361109,-60.4415413361109,-57.441541336110895
2025-01-13,validation,T 15:30 종가 단일가,32214.0,2025-01-14,T+1 09:00 시가 단일가,32403.0,58.67014341590648,53.67014341590648,56.67014341590649
2025-01-14,validation,T 15:30 종가 단일가,32356.0,2025-01-15,T+1 09:00 시가 단일가,32481.0,38.632711089132684,33.632711089132684,36.632711089132684
2025-01-15,validation,T 15:30 종가 단일가,32307.0,2025-01-16,T+1 09:00 시가 단일가,32750.0,137.12198594731717,132.12198594731717,135.12198594731717
2025-01-16,validation,T 15:30 종가 단일가,32769.0,2025-01-17,T+1 09:00 시가 단일가,32637.0,-40.281973816717056,-45.281973816717056,-42.28197381671705
2025-01-20,validation,T 15:30 종가 단일가,32647.0,2025-01-21,T+1 09:00 시가 단일가,32846.0,60.95506478390078,55.955064783900774,58.95506478390078
2025-01-21,validation,T 15:30 종가 단일가,32677.0,2025-01-22,T+1 09:00 시가 단일가,32909.0,70.99794962817984,65.99794962817984,68.99794962817985
2025-01-23,validation,T 15:30 종가 단일가,32696.0,2025-01-24,T+1 09:00 시가 단일가,32856.0,48.935649620749366,43.93564962074936,46.935649620749366
2025-02-07,validation,T 15:30 종가 단일가,32565.0,2025-02-10,T+1 09:00 시가 단일가,32393.0,-52.817442038999296,-57.8174420389993,-54.817442038999296
2025-02-20,validation,T 15:30 종가 단일가,34346.0,2025-02-21,T+1 09:00 시가 단일가,34424.0,22.71006813020504,17.71006813020504,20.71006813020504
2025-02-21,validation,T 15:30 종가 단일가,34386.0,2025-02-24,T+1 09:00 시가 단일가,34092.0,-85.49991275519142,-90.49991275519143,-87.49991275519143
2025-02-27,validation,T 15:30 종가 단일가,34025.0,2025-02-28,T+1 09:00 시가 단일가,33480.0,-160.17634092578948,-165.17634092578948,-162.17634092578948
2025-03-18,validation,T 15:30 종가 단일가,34215.0,2025-03-19,T+1 09:00 시가 단일가,34235.0,5.845389449072869,0.8453894490728685,3.8453894490728686
2025-03-25,validation,T 15:30 종가 단일가,34624.0,2025-03-26,T+1 09:00 시가 단일가,34772.0,42.744916820702805,37.744916820702805,40.744916820702805
2025-03-27,validation,T 15:30 종가 단일가,34488.0,2025-03-28,T+1 09:00 시가 단일가,34346.0,-41.17374159127829,-46.173741591278294,-43.17374159127829
2025-04-24,validation,T 15:30 종가 단일가,32974.0,2025-04-25,T+1 09:00 시가 단일가,33333.0,108.87365803360139,103.87365803360137,106.87365803360137
2025-04-25,validation,T 15:30 종가 단일가,33280.0,2025-04-28,T+1 09:00 시가 단일가,33338.0,17.427884615384137,12.427884615384137,15.427884615384135
2025-04-28,validation,T 15:30 종가 단일가,33304.0,2025-04-29,T+1 09:00 시가 단일가,33398.0,28.224837857313556,23.224837857313556,26.224837857313556
2025-04-30,validation,T 15:30 종가 단일가,33463.0,2025-05-02,T+1 09:00 시가 단일가,33438.0,-7.470938050981868,-12.470938050981868,-9.470938050981868
2025-05-07,validation,T 15:30 종가 단일가,33779.0,2025-05-08,T+1 09:00 시가 단일가,33833.0,15.986263654934607,10.986263654934607,13.986263654934605
2025-05-08,validation,T 15:30 종가 단일가,33793.0,2025-05-09,T+1 09:00 시가 단일가,33857.0,18.93883348622394,13.938833486223938,16.93883348622394
2025-05-09,validation,T 15:30 종가 단일가,33788.0,2025-05-12,T+1 09:00 시가 단일가,34021.0,68.9593938676447,63.95939386764471,66.95939386764472
2025-05-13,validation,T 15:30 종가 단일가,34345.0,2025-05-14,T+1 09:00 시가 단일가,34656.0,90.55175425826123,85.55175425826123,88.55175425826123
2025-05-15,validation,T 15:30 종가 단일가,34548.0,2025-05-16,T+1 09:00 시가 단일가,34676.0,37.04990158619914,32.04990158619914,35.04990158619914
2025-05-19,validation,T 15:30 종가 단일가,34286.0,2025-05-20,T+1 09:00 시가 단일가,34553.0,77.87435104707363,72.87435104707363,75.87435104707363
2025-05-20,validation,T 15:30 종가 단일가,34355.0,2025-05-21,T+1 09:00 시가 단일가,34518.0,47.4457866394995,42.445786639499495,45.4457866394995
2025-05-22,validation,T 15:30 종가 단일가,34128.0,2025-05-23,T+1 09:00 시가 단일가,34222.0,27.543366150961646,22.543366150961646,25.543366150961646
2025-05-23,validation,T 15:30 종가 단일가,34158.0,2025-05-26,T+1 09:00 시가 단일가,34242.0,24.59160372387137,19.59160372387137,22.59160372387137
2025-05-30,validation,T 15:30 종가 단일가,35638.0,2025-06-02,T+1 09:00 시가 단일가,35539.0,-27.779336663112943,-32.77933666311294,-29.779336663112943
2025-06-10,validation,T 15:30 종가 단일가,38133.0,2025-06-11,T+1 09:00 시가 단일가,38324.0,50.08785041827224,45.08785041827223,48.08785041827224
2025-06-13,validation,T 15:30 종가 단일가,38324.0,2025-06-16,T+1 09:00 시가 단일가,38458.0,34.96503496503544,29.965034965035446,32.96503496503544
2025-06-17,validation,T 15:30 종가 단일가,39128.0,2025-06-18,T+1 09:00 시가 단일가,38857.0,-69.25986505826987,-74.25986505826987,-71.25986505826987
2025-06-19,validation,T 15:30 종가 단일가,39523.0,2025-06-20,T+1 09:00 시가 단일가,39687.0,41.494825797636636,36.494825797636636,39.494825797636636
2025-06-25,validation,T 15:30 종가 단일가,41486.0,2025-06-26,T+1 09:00 시가 단일가,41486.0,0.0,-5.0,-2.0
2025-06-26,validation,T 15:30 종가 단일가,41111.0,2025-06-27,T+1 09:00 시가 단일가,41116.0,1.2162195032949796,-3.7837804967050204,-0.7837804967050205
2025-06-27,validation,T 15:30 종가 단일가,40859.0,2025-06-30,T+1 09:00 시가 단일가,41111.0,61.67551824567408,56.67551824567407,59.67551824567408
2025-07-01,validation,T 15:30 종가 단일가,41239.0,2025-07-02,T+1 09:00 시가 단일가,41145.0,-22.793957176459045,-27.793957176459045,-24.793957176459045
2025-07-02,validation,T 15:30 종가 단일가,41081.0,2025-07-03,T+1 09:00 시가 단일가,41368.0,69.86197999075073,64.86197999075071,67.86197999075073
2025-07-04,validation,T 15:30 종가 단일가,40914.0,2025-07-07,T+1 09:00 시가 단일가,40706.0,-50.838343843183644,-55.838343843183644,-52.83834384318364
2025-07-11,validation,T 15:30 종가 단일가,42428.0,2025-07-14,T+1 09:00 시가 단일가,42388.0,-9.427736400490216,-14.427736400490216,-11.427736400490218
2025-07-16,validation,T 15:30 종가 단일가,42699.0,2025-07-17,T+1 09:00 시가 단일가,42841.0,33.256048151011356,28.256048151011353,31.256048151011353
2025-07-17,validation,T 15:30 종가 단일가,42781.0,2025-07-18,T+1 09:00 시가 단일가,42866.0,19.868633271780123,14.868633271780123,17.868633271780123
2025-07-18,validation,T 15:30 종가 단일가,42736.0,2025-07-21,T+1 09:00 시가 단일가,42714.0,-5.147884687383142,-10.147884687383142,-7.147884687383142
2025-07-22,validation,T 15:30 종가 단일가,42492.0,2025-07-23,T+1 09:00 시가 단일가,42786.0,69.18949449308043,64.18949449308042,67.18949449308043
2025-07-23,validation,T 15:30 종가 단일가,42644.0,2025-07-24,T+1 09:00 시가 단일가,42896.0,59.09389363099038,54.09389363099037,57.09389363099038
2025-07-24,validation,T 15:30 종가 단일가,42600.0,2025-07-25,T+1 09:00 시가 단일가,42506.0,-22.065727699530633,-27.065727699530637,-24.065727699530637
2025-07-28,validation,T 15:30 종가 단일가,42931.0,2025-07-29,T+1 09:00 시가 단일가,42751.0,-41.92774452027703,-46.92774452027704,-43.92774452027703
2025-07-31,validation,T 15:30 종가 단일가,43488.0,2025-08-01,T+1 09:00 시가 단일가,42860.0,-144.40765268579847,-149.40765268579847,-146.40765268579847
2025-08-08,validation,T 15:30 종가 단일가,43014.0,2025-08-11,T+1 09:00 시가 단일가,43073.0,13.716464406936524,8.716464406936524,11.716464406936522
2025-08-11,validation,T 15:30 종가 단일가,43023.0,2025-08-12,T+1 09:00 시가 단일가,43068.0,10.459521651209336,5.459521651209336,8.459521651209336
2025-08-12,validation,T 15:30 종가 단일가,42885.0,2025-08-13,T+1 09:00 시가 단일가,43301.0,97.00361431736138,92.00361431736137,95.00361431736137
2025-08-13,validation,T 15:30 종가 단일가,43326.0,2025-08-14,T+1 09:00 시가 단일가,43434.0,24.92729538845051,19.92729538845051,22.92729538845051
2025-08-14,validation,T 15:30 종가 단일가,43286.0,2025-08-18,T+1 09:00 시가 단일가,43063.0,-51.51781176361836,-56.51781176361836,-53.517811763618354
2025-08-29,validation,T 15:30 종가 단일가,42770.0,2025-09-01,T+1 09:00 시가 단일가,42385.0,-90.01636661211121,-95.01636661211121,-92.01636661211121
2025-09-15,validation,T 15:30 종가 단일가,46198.0,2025-09-16,T+1 09:00 시가 단일가,46291.0,20.130741590544954,15.130741590544954,18.130741590544954
2025-09-17,validation,T 15:30 종가 단일가,46374.0,2025-09-18,T+1 09:00 시가 단일가,46701.0,70.51364989002495,65.51364989002495,68.51364989002495
2025-09-19,validation,T 15:30 종가 단일가,47014.0,2025-09-22,T+1 09:00 시가 단일가,47290.0,58.70591738631026,53.705917386310254,56.70591738631026
2025-09-24,validation,T 15:30 종가 단일가,47706.0,2025-09-25,T+1 09:00 시가 단일가,47435.0,-56.80627174778907,-61.806271747789076,-58.80627174778907
2025-09-26,validation,T 15:30 종가 단일가,46578.0,2025-09-29,T+1 09:00 시가 단일가,46890.0,66.98441324230365,61.98441324230364,64.98441324230365
2025-09-30,validation,T 15:30 종가 단일가,47163.0,2025-10-01,T+1 09:00 시가 단일가,47370.0,43.89033776477369,38.89033776477369,41.89033776477369
2025-10-14,validation,T 15:30 종가 단일가,49360.0,2025-10-15,T+1 09:00 시가 단일가,49603.0,49.23014586709851,44.2301458670985,47.23014586709851
2025-10-21,validation,T 15:30 종가 단일가,53281.0,2025-10-22,T+1 09:00 시가 단일가,53113.0,-31.530939734614183,-36.530939734614186,-33.530939734614186
2025-10-28,validation,T 15:30 종가 단일가,55652.0,2025-10-29,T+1 09:00 시가 단일가,56336.0,122.90663408323077,117.90663408323077,120.90663408323077
2025-10-30,validation,T 15:30 종가 단일가,57015.0,2025-10-31,T+1 09:00 시가 단일가,57168.0,26.835043409629833,21.835043409629833,24.835043409629833
2025-11-04,validation,T 15:30 종가 단일가,57843.0,2025-11-05,T+1 09:00 시가 단일가,56746.0,-189.65129747765542,-194.65129747765542,-191.6512974776554
2025-11-05,validation,T 15:30 종가 단일가,56240.0,2025-11-06,T+1 09:00 시가 단일가,57596.0,241.1095305832145,236.10953058321448,239.1095305832145
2025-11-06,validation,T 15:30 종가 단일가,56549.0,2025-11-07,T+1 09:00 시가 단일가,55527.0,-180.72821800562355,-185.72821800562355,-182.72821800562355
2025-11-07,validation,T 15:30 종가 단일가,55527.0,2025-11-10,T+1 09:00 시가 단일가,56087.0,100.85183784465323,95.85183784465323,98.85183784465323
2025-11-11,validation,T 15:30 종가 단일가,57759.0,2025-11-12,T+1 09:00 시가 단일가,57709.0,-8.656659568205827,-13.656659568205827,-10.656659568205828
2025-11-14,validation,T 15:30 종가 단일가,56087.0,2025-11-17,T+1 09:00 시가 단일가,56970.0,157.4339864852825,152.4339864852825,155.4339864852825
2025-12-09,validation,T 15:30 종가 단일가,58265.0,2025-12-10,T+1 09:00 시가 단일가,58410.0,24.88629537458209,19.88629537458209,22.88629537458209
2025-12-10,validation,T 15:30 종가 단일가,58240.0,2025-12-11,T+1 09:00 시가 단일가,58589.0,59.924450549451166,54.924450549451166,57.92445054945117
2025-12-11,validation,T 15:30 종가 단일가,57764.0,2025-12-12,T+1 09:00 시가 단일가,58052.0,49.858043071808744,44.85804307180874,47.858043071808744
2025-12-19,validation,T 15:30 종가 단일가,56692.0,2025-12-22,T+1 09:00 시가 단일가,57903.0,213.61038594510663,208.6103859451066,211.61038594510663
2025-12-23,validation,T 15:30 종가 단일가,58156.0,2025-12-24,T+1 09:00 시가 단일가,58479.0,55.54027099525349,50.540270995253486,53.54027099525349
2025-12-24,validation,T 15:30 종가 단일가,58171.0,2025-12-26,T+1 09:00 시가 단일가,58410.0,41.08576438431433,36.085764384314324,39.08576438431433
2026-01-07,validation,T 15:30 종가 단일가,66220.0,2026-01-08,T+1 09:00 시가 단일가,65774.0,-67.35125339776494,-72.35125339776494,-69.35125339776494
2026-01-12,validation,T 15:30 종가 단일가,67103.0,2026-01-13,T+1 09:00 시가 단일가,67640.0,80.02622833554352,75.02622833554351,78.02622833554352
2026-01-20,validation,T 15:30 종가 단일가,70657.0,2026-01-21,T+1 09:00 시가 단일가,69377.0,-181.15685636242662,-186.15685636242662,-183.15685636242662
2026-01-22,validation,T 15:30 종가 단일가,71987.0,2026-01-23,T+1 09:00 시가 단일가,72459.0,65.56739411282652,60.56739411282652,63.56739411282653
2026-01-26,validation,T 15:30 종가 단일가,71764.0,2026-01-27,T+1 09:00 시가 단일가,71531.0,-32.467532467532756,-37.467532467532756,-34.467532467532756
2026-01-29,validation,T 15:30 종가 단일가,76539.0,2026-01-30,T+1 09:00 시가 단일가,75994.0,-71.20552920733215,-76.20552920733215,-73.20552920733213
2026-02-02,validation,T 15:30 종가 단일가,72232.0,2026-02-03,T+1 09:00 시가 단일가,74965.0,378.36415992911657,373.3641599291165,376.36415992911657
2026-02-05,validation,T 15:30 종가 단일가,75521.0,2026-02-06,T+1 09:00 시가 단일가,73176.0,-310.5096595648893,-315.5096595648893,-312.50965956488926
2026-02-09,validation,T 15:30 종가 단일가,77836.0,2026-02-10,T+1 09:00 시가 단일가,78790.0,122.5653939051341,117.5653939051341,120.5653939051341
2026-02-10,validation,T 15:30 종가 단일가,77931.0,2026-02-11,T+1 09:00 시가 단일가,77722.0,-26.8185959374323,-31.8185959374323,-28.8185959374323
2026-02-23,validation,T 15:30 종가 단일가,86381.0,2026-02-24,T+1 09:00 시가 단일가,86465.0,9.72436068116922,4.72436068116922,7.72436068116922
2026-03-03,validation,T 15:30 종가 단일가,86147.0,2026-03-04,T+1 09:00 시가 단일가,82744.0,-395.0224616063236,-400.0224616063236,-397.0224616063236
2026-03-05,validation,T 15:30 종가 단일가,83032.0,2026-03-06,T+1 09:00 시가 단일가,81229.0,-217.14519703246893,-222.14519703246893,-219.14519703246893
2026-03-11,validation,T 15:30 종가 단일가,83286.0,2026-03-12,T+1 09:00 시가 단일가,82530.0,-90.77155824508299,-95.77155824508299,-92.77155824508299
2026-03-17,validation,T 15:30 종가 단일가,84090.0,2026-03-18,T+1 09:00 시가 단일가,86083.0,237.00796765370401,232.00796765370401,235.00796765370404
2026-03-20,validation,T 15:30 종가 단일가,86103.0,2026-03-23,T+1 09:00 시가 단일가,82630.0,-403.3541223883019,-408.35412238830196,-405.3541223883019
2026-04-07,validation,T 15:30 종가 단일가,82238.0,2026-04-08,T+1 09:00 시가 단일가,87285.0,613.7065590116487,608.7065590116486,611.7065590116487
2026-04-09,validation,T 15:30 종가 단일가,86689.0,2026-04-10,T+1 09:00 시가 단일가,88224.0,177.06975510157096,172.06975510157096,175.069755101571
2026-04-10,validation,T 15:30 종가 단일가,88085.0,2026-04-13,T+1 09:00 시가 단일가,85909.0,-247.03411477550063,-252.03411477550063,-249.03411477550063
2026-04-15,validation,T 15:30 종가 단일가,92069.0,2026-04-16,T+1 09:00 시가 단일가,92859.0,85.80521130890916,80.80521130890916,83.80521130890916
2026-04-17,validation,T 15:30 종가 단일가,93445.0,2026-04-20,T+1 09:00 시가 단일가,93878.0,46.337417732356116,41.33741773235611,44.337417732356116
2026-04-23,validation,T 15:30 종가 단일가,97723.0,2026-04-24,T+1 09:00 시가 단일가,98060.0,34.48522865650894,29.485228656508937,32.48522865650894
2026-04-24,validation,T 15:30 종가 단일가,97370.0,2026-04-27,T+1 09:00 시가 단일가,98349.0,100.54431549758603,95.54431549758601,98.54431549758601
2026-04-28,validation,T 15:30 종가 단일가,100053.0,2026-04-29,T+1 09:00 시가 단일가,99549.0,-50.37330214986091,-55.37330214986091,-52.373302149860905
2026-04-30,validation,T 15:30 종가 단일가,99704.0,2026-05-04,T+1 09:00 시가 단일가,102324.0,262.7778223541677,257.7778223541677,260.7778223541677
2026-05-12,validation,T 15:30 종가 단일가,118860.0,2026-05-13,T+1 09:00 시가 단일가,116251.0,-219.50193504963855,-224.50193504963855,-221.50193504963855
2026-05-15,validation,T 15:30 종가 단일가,116964.0,2026-05-18,T+1 09:00 시가 단일가,115826.0,-97.29489415546632,-102.29489415546634,-99.29489415546634
2026-05-19,validation,T 15:30 종가 단일가,114085.0,2026-05-20,T+1 09:00 시가 단일가,114564.0,41.98623833106873,36.98623833106873,39.98623833106874
2026-05-20,validation,T 15:30 종가 단일가,113112.0,2026-05-21,T+1 09:00 시가 단일가,117458.0,384.22094914774664,379.22094914774664,382.22094914774664
2026-05-22,validation,T 15:30 종가 단일가,123102.0,2026-05-26,T+1 09:00 시가 단일가,126126.0,245.64994882292802,240.649948822928,243.64994882292802
2026-06-02,validation,T 15:30 종가 단일가,141290.0,2026-06-04,T+1 09:00 시가 단일가,138097.0,-225.98910043173603,-230.98910043173603,-227.98910043173603
2026-06-05,validation,T 15:30 종가 단일가,130766.0,2026-06-08,T+1 09:00 시가 단일가,118775.0,-916.9814783659358,-921.9814783659358,-918.9814783659358
2026-06-12,validation,T 15:30 종가 단일가,129010.0,2026-06-15,T+1 09:00 시가 단일가,136046.0,545.3840787535858,540.3840787535858,543.3840787535858
2026-06-15,validation,T 15:30 종가 단일가,136016.0,2026-06-16,T+1 09:00 시가 단일가,139219.0,235.48700152923095,230.48700152923095,233.48700152923098
2026-06-16,validation,T 15:30 종가 단일가,139269.0,2026-06-17,T+1 09:00 시가 단일가,137443.0,-131.1131694777734,-136.1131694777734,-133.1131694777734
2026-06-19,validation,T 15:30 종가 단일가,146614.0,2026-06-22,T+1 09:00 시가 단일가,144399.0,-151.0769776419718,-156.0769776419718,-153.0769776419718
2026-06-26,validation,T 15:30 종가 단일가,137104.0,2026-06-29,T+1 09:00 시가 단일가,136220.0,-64.47660170381565,-69.47660170381565,-66.47660170381563
2026-08-13,validation,T 15:30 종가 단일가,107270.0,2026-08-14,T+1 09:00 시가 단일가,110220.0,275.00699170317944,270.00699170317944,273.00699170317944
2026-08-14,validation,T 15:30 종가 단일가,110060.0,2026-08-18,T+1 09:00 시가 단일가,113010.0,268.0356169362175,263.0356169362175,266.0356169362175
2026-08-18,validation,T 15:30 종가 단일가,108550.0,2026-08-19,T+1 09:00 시가 단일가,102635.0,-544.9101796407185,-549.9101796407185,-546.9101796407185
2026-08-24,validation,T 15:30 종가 단일가,105995.0,2026-08-25,T+1 09:00 시가 단일가,103035.0,-279.2584555875277,-284.2584555875277,-281.2584555875277
2026-08-27,validation,T 15:30 종가 단일가,109135.0,2026-08-28,T+1 09:00 시가 단일가,108045.0,-99.87629999541836,-104.87629999541836,-101.87629999541836
2026-08-28,validation,T 15:30 종가 단일가,107180.0,2026-08-31,T+1 09:00 시가 단일가,104455.0,-254.2451949990665,-259.2451949990665,-256.2451949990665
2026-09-08,validation,T 15:30 종가 단일가,110335.0,2026-09-09,T+1 09:00 시가 단일가,110640.0,27.64308696243223,22.64308696243223,25.64308696243223
2026-09-22,validation,T 15:30 종가 단일가,111880.0,2026-09-23,T+1 09:00 시가 단일가,114290.0,215.40936717912018,210.40936717912018,213.40936717912018
2026-09-23,validation,T 15:30 종가 단일가,113145.0,2026-09-28,T+1 09:00 시가 단일가,112740.0,-35.794776614079815,-40.79477661407982,-37.794776614079815
2026-09-28,validation,T 15:30 종가 단일가,109500.0,2026-09-29,T+1 09:00 시가 단일가,109285.0,-19.634703196347303,-24.634703196347303,-21.634703196347303
