year,days,gross_bp,win_gross,net5_bp,cagr5,sharpe5,mdd5,win5,net2_bp,cagr2,sharpe2,win2,bh_cagr
2003,247,11.908866863898048,0.5141700404858299,6.908866863898043,0.1764687354146217,1.1415628908295687,-0.11194992063375886,0.5141700404858299,9.908866863898048,0.26878624862277545,1.6372575886655139,0.5141700404858299,0.36165955680504314
2004,249,6.452525931390812,0.5020080321285141,1.452525931390807,0.030817895587574196,0.3269364747648111,-0.09728121893674835,0.5020080321285141,4.452525931390814,0.11174849420555488,1.0021804777102878,0.5020080321285141,0.12022873211828466
2005,249,7.386099348692206,0.5542168674698795,2.3860993486922037,0.058631830111263605,0.7568273522616346,-0.046938102590312836,0.5341365461847389,5.386099348692206,0.1417359507625442,1.7083728350720353,0.5542168674698795,0.5768801880775498
2006,247,5.883287270436827,0.5344129554655871,0.8832872704368224,0.017449071810593964,0.2230935456274332,-0.07872842742447106,0.4939271255060729,3.8832872704368318,0.09733394002404716,0.980809250679216,0.5303643724696356,0.06792992971037037
2007,246,3.0670709536784506,0.5691056910569106,-1.9329290463215532,-0.05684587129711949,-0.3483848543079468,-0.09224011079518823,0.5365853658536586,1.0670709536784488,0.017230376486592203,0.19232540348077806,0.5691056910569106,0.3444038463864527
2008,248,-10.678340471359641,0.4717741935483871,-15.678340471359645,-0.34992583914387854,-1.4914610867511944,-0.42187784748093826,0.4637096774193548,-12.678340471359645,-0.29878464810763194,-1.2060748069706813,0.4717741935483871,-0.3877278909587315
2009,253,14.005623853715274,0.5928853754940712,9.005623853715269,0.24168084917332044,1.5744199258006808,-0.1479929236207822,0.5691699604743083,12.005623853715278,0.33909347859266403,2.098898835216098,0.5770750988142292,0.5402046055494509
2010,251,3.364415493350618,0.549800796812749,-1.6355845066493857,-0.04469716916240063,-0.43432516752008726,-0.09716296620933085,0.49800796812749004,1.3644154933506187,0.030327637941574448,0.3623169486549456,0.5378486055776892,0.23998500949122104
2011,248,9.735070274141913,0.5,4.735070274141908,0.1099928815403799,0.6892787148050347,-0.10713007078147696,0.46774193548387094,7.735070274141914,0.19711615878951116,1.1259852523420815,0.4838709677419355,-0.10878552310243661
2012,248,6.559171388524014,0.5161290322580645,1.5591713885240095,0.03439399244459174,0.3747083762369539,-0.0823301505479247,0.4717741935483871,4.559171388524017,0.11560393290211746,1.0956843619334449,0.5080645161290323,0.11454469117570021
2013,247,7.988533811320559,0.5708502024291497,2.988533811320555,0.07589726272359831,1.1475184404476393,-0.045174315799526576,0.5263157894736842,5.9885338113205595,0.1603507675590019,2.2994395959997482,0.5506072874493927,0.010947259569454859
2014,245,2.1981257891140173,0.4775510204081633,-2.801874210885985,-0.06973854098922028,-1.2190658558195562,-0.07725633512193075,0.4489795918367347,0.198125789114019,0.0033267755103585372,0.08620243682882266,0.46530612244897956,-0.06784335803967534
2015,248,1.0706052093137084,0.5040322580645161,-3.9293947906862945,-0.09662664997130099,-1.3777474382390362,-0.12596187714077944,0.45564516129032256,-0.9293947906862902,-0.02566436057551913,-0.3258698502415175,0.4879032258064516,-0.001294682466232211
2016,246,3.192597819827242,0.4715447154471545,-1.807402180172761,-0.04711417124416373,-0.6178302495090208,-0.06501192177262938,0.4186991869918699,1.1925978198272449,0.027721037772747925,0.40766964689472235,0.45528455284552843,0.10436257352797407
2017,243,8.724596986274424,0.6584362139917695,3.7245969862744213,0.09666027029659818,1.6704707833618138,-0.03546389463911481,0.5843621399176955,6.724596986274426,0.18273660526995594,3.015961951548088,0.6419753086419753,0.28234416078818914
2018,244,0.5858146144304606,0.5532786885245902,-4.414185385569542,-0.10909514706148882,-1.205942841815471,-0.15173476094788207,0.5204918032786885,-1.4141853855695383,-0.03910779681503018,-0.3863514088698822,0.5409836065573771,-0.17834791621065793
2019,246,5.0186668543432615,0.524390243902439,0.018666854343258057,-0.002222087227852332,0.0064023534817159965,-0.12418636486361911,0.4878048780487805,3.0186668543432633,0.07612387414987798,1.0353416751240403,0.516260162601626,0.1482096416424643
2020,248,8.106343432336525,0.5846774193548387,3.106343432336521,0.062275351455378436,0.4170954930503068,-0.23679118967708113,0.5645161290322581,6.106343432336526,0.14566948234570853,0.8199120220036855,0.5766129032258065,0.36230177040374145
2021,248,11.02932382521925,0.6169354838709677,6.029323825219246,0.15912790186757553,1.64926274311542,-0.05270253190171037,0.5725806451612904,9.02932382521925,0.2500875252998538,2.4698834914406023,0.6088709677419355,0.03040539544466747
2022,246,-2.66042058868525,0.508130081300813,-7.660420588685254,-0.18267923426301347,-1.4698952918852766,-0.20392624554703276,0.483739837398374,-4.6604205886852474,-0.11844851899009956,-0.8942498916615443,0.5,-0.24660041770075103
2023,245,7.466168447882821,0.5387755102040817,2.466168447882817,0.0593902258991883,0.6575004092538278,-0.0910088671396111,0.5020408163265306,5.466168447882824,0.14255408076360232,1.457324618121175,0.5306122448979592,0.25651729270056856
2024,244,3.9428056309367148,0.5491803278688525,-1.05719436906329,-0.0353018804825449,-0.19509323301097278,-0.1364043080130657,0.5286885245901639,1.942805630936717,0.040459223694015556,0.3585227492151692,0.5409836065573771,-0.09650157763646339
2025,242,15.821214973121483,0.6446280991735537,10.82121497312148,0.2959042216487684,1.6667848213674603,-0.14472021176590288,0.6198347107438017,13.821214973121487,0.39755413655798644,2.1288729026524766,0.6322314049586777,0.9962365248949163
2026,180,40.2608935303626,0.5611111111111111,35.260893530362594,1.1836615191556237,1.9151943787297545,-0.17258842222333615,0.5611111111111111,38.2608935303626,1.354643893313484,2.0781392891087793,0.5611111111111111,1.2978703899432888
