variant,window,start,end,days,trades,trades_yr,exposure,avg_w,win,net_bp,gross_bp,t_net,cum,cagr,sharpe,mdd,calmar,cagr_stress,win_stress,bh_cagr,bh_mdd,bh_sharpe
C3|vt30|ETF,설계,2010-02-22,2019-12-30,2432,235,24.3503,0.0966283,1.80263,0.625532,44.1921,49.1188,5.49501,1.77174,0.111418,1.71595,-0.0648221,1.71882,0.103928,0.625532,0.0519597,-0.274189,0.409863
C3|vt30|ETF,검증,2020-01-02,2026-09-22,1651,172,26.2532,0.104179,1.38668,0.662791,39.4931,43.9663,4.45126,0.932978,0.10583,1.32652,-0.0838705,1.26182,0.0992535,0.662791,0.249758,-0.408096,0.888163
C3|vt30|ETF,검증(~2025-06-05),2020-01-02,2025-06-05,1333,127,24.009,0.0952738,1.58878,0.669291,38.4788,43.3384,3.99457,0.602392,0.0932286,1.15237,-0.0838705,1.11158,0.0865539,0.669291,0.0706905,-0.346495,0.430185
C3|vt30|ETF,2025-06-09~,2025-06-09,2026-09-22,318,45,35.6604,0.141509,0.816326,0.644444,42.3557,45.7384,2.21387,0.206308,0.16025,2.18431,-0.0470797,3.40381,0.154123,0.644444,1.38978,-0.408096,1.89371
C3|vt30|ETF,추가OOS 2003~2009,2003-01-02,2009-12-30,1739,151,21.8815,0.0868315,1.25955,0.781457,91.4027,96.0152,7.44808,2.88301,0.217242,2.42774,-0.0623777,3.48269,0.211496,0.774834,0.184586,-0.526971,0.765747
C3|lev|ETF,설계,2010-02-22,2019-12-30,2432,235,24.3503,0.0966283,2,0.629787,57.0692,62.0692,5.40832,2.69871,0.145145,1.67558,-0.0651465,2.22798,0.136854,0.629787,0.0519597,-0.274189,0.409863
C3|lev|ETF,검증,2020-01-02,2026-09-22,1651,172,26.2532,0.104179,2,0.668605,57.1648,62.1648,3.93979,1.4879,0.149259,1.02266,-0.181452,0.82258,0.140286,0.668605,0.249758,-0.408096,0.888163
C3|lev|ETF,검증(~2025-06-05),2020-01-02,2025-06-05,1333,127,24.009,0.0952738,2,0.677165,46.2562,51.2562,3.34753,0.71438,0.10728,0.834876,-0.181452,0.591227,0.0993622,0.677165,0.0706905,-0.346495,0.430185
C3|lev|ETF,2025-06-09~,2025-06-09,2026-09-22,318,45,35.6604,0.141509,2,0.644444,87.9513,92.9513,2.34299,0.451197,0.343262,1.61724,-0.0997521,3.44115,0.329076,0.644444,1.38978,-0.408096,1.89371
C3|lev|ETF,추가OOS 2003~2009,2003-01-02,2009-12-30,1739,151,21.8815,0.0868315,2,0.781457,169.548,174.548,5.8825,10.8498,0.430844,2.2923,-0.0914618,4.71064,0.421628,0.781457,0.184586,-0.526971,0.765747
C3|lev|ETF|noup2,설계,2010-02-22,2019-12-30,2432,235,24.3503,0.0966283,2,0.629787,57.0692,62.0692,5.40832,2.69871,0.145145,1.67558,-0.0651465,2.22798,0.136854,0.629787,0.0519597,-0.274189,0.409863
C3|lev|ETF|noup2,검증,2020-01-02,2026-09-22,1651,163,24.8795,0.098728,2,0.680982,63.2723,68.2723,3.60747,1.61649,0.158133,1.09061,-0.181452,0.871485,0.149567,0.680982,0.249758,-0.408096,0.888163
C3|lev|ETF|noup2,검증(~2025-06-05),2020-01-02,2025-06-05,1333,124,23.4419,0.0930233,2,0.693548,52.9777,57.9777,3.36297,0.839305,0.122101,0.942559,-0.181452,0.672911,0.114272,0.693548,0.0706905,-0.346495,0.430185
C3|lev|ETF|noup2,2025-06-09~,2025-06-09,2026-09-22,318,39,30.9057,0.122642,2,0.641026,96.0039,101.004,1.84769,0.422542,0.322199,1.57695,-0.128206,2.51313,0.310098,0.641026,1.38978,-0.408096,1.89371
C3|lev|ETF|noup2,추가OOS 2003~2009,2003-01-02,2009-12-30,1739,143,20.7223,0.0822312,2,0.776224,164.075,169.075,5.45399,8.6169,0.388201,2.16185,-0.0914618,4.24441,0.379728,0.776224,0.184586,-0.526971,0.765747
C3|1x|ETF,설계,2010-02-22,2019-12-30,2432,235,24.3503,0.0966283,1,0.617021,26.274,31.274,4.92824,0.838934,0.0651578,1.54956,-0.0357725,1.82145,0.0599957,0.617021,0.0519597,-0.274189,0.409863
C3|1x|ETF,검증,2020-01-02,2026-09-22,1651,172,26.2532,0.104179,1,0.639535,30.1196,35.1196,3.9508,0.648239,0.0792569,1.06193,-0.0942244,0.84115,0.0736201,0.633721,0.249758,-0.408096,0.888163
C3|1x|ETF,검증(~2025-06-05),2020-01-02,2025-06-05,1333,127,24.009,0.0952738,1,0.637795,22.8695,27.8695,3.10961,0.320186,0.0539154,0.79985,-0.0942244,0.572202,0.0488768,0.629921,0.0706905,-0.346495,0.430185
C3|1x|ETF,2025-06-09~,2025-06-09,2026-09-22,318,45,35.6604,0.141509,1,0.644444,50.5812,55.5812,2.6984,0.24849,0.192286,1.90041,-0.0560848,3.42849,0.183853,0.644444,1.38978,-0.408096,1.89371
C3|1x|ETF,추가OOS 2003~2009,2003-01-02,2009-12-30,1739,151,21.8815,0.0868315,1,0.781457,82.6373,87.6373,5.71498,2.4059,0.194335,2.24239,-0.0485859,3.99982,0.189161,0.774834,0.184586,-0.526971,0.765747
C2|lev|IDX,설계,2010-02-22,2019-12-30,2432,320,33.1579,0.131579,2,0.546875,18.2224,22.2224,2.33073,0.713751,0.0574048,0.630829,-0.174845,0.328318,0.0504258,0.5375,0.0519597,-0.274189,0.409863
C2|lev|IDX,검증,2020-01-02,2026-09-22,1651,264,40.2956,0.159903,2,0.590909,25.5626,29.5626,1.68506,0.68908,0.0832964,0.482858,-0.217768,0.382501,0.0746124,0.579545,0.249758,-0.408096,0.888163
C2|lev|IDX,검증(~2025-06-05),2020-01-02,2025-06-05,1333,191,36.108,0.143286,2,0.596859,10.7518,14.7518,0.767652,0.143509,0.0256757,0.240081,-0.217768,0.117904,0.0182969,0.581152,0.0706905,-0.346495,0.430185
C2|lev|IDX,2025-06-09~,2025-06-09,2026-09-22,318,73,57.8491,0.22956,2,0.575342,64.3143,68.3143,1.68149,0.477102,0.362228,1.04549,-0.153183,2.36467,0.346623,0.575342,1.38978,-0.408096,1.89371
C2|lev|IDX,추가OOS 2003~2009,2003-01-02,2009-12-30,1739,204,29.5618,0.117309,2,0.651961,70.2143,74.2143,3.75485,2.84591,0.21555,1.31168,-0.143473,1.50237,0.208427,0.651961,0.184586,-0.526971,0.765747
