변형,진입,구간,거래,승률,거래당총bp,거래당순bp,NW t,CAGR,CAGR스트레스,MDD,샤프,남는몫
C3|1x|ETF,09:00 단일가,2023-01~2026-09,100,0.64,37.6967,32.6967,3.33122,0.0925911,0.0865681,-0.0560848,1.39944,1
C3|1x|ETF,09:00 단일가,2023~2024,48,0.666667,26.4889,21.4889,3.07902,0.0537935,0.0486033,-0.0192988,1.3661,1
C3|1x|ETF,09:00 단일가,2025~2026-09,52,0.615385,48.0424,43.0424,2.4857,0.139566,0.132505,-0.0560848,1.57023,1
C3|1x|ETF,09:01,2023-01~2026-09,100,0.57,20.4366,15.4366,1.64327,0.0415109,0.0357596,-0.0580259,0.655276,0.542132
C3|1x|ETF,09:01,2023~2024,48,0.583333,14.2118,9.21176,1.26935,0.0222684,0.0172273,-0.0250489,0.583269,0.536518
C3|1x|ETF,09:01,2025~2026-09,52,0.557692,26.1826,21.1826,1.2443,0.0643716,0.0577624,-0.0580259,0.765122,0.54499
C3|1x|ETF,09:02,2023-01~2026-09,100,0.57,19.6009,14.6009,1.49934,0.0392872,0.0335478,-0.0696415,0.647735,0.519964
C3|1x|ETF,09:02,2023~2024,48,0.604167,14.8801,9.88011,1.31372,0.0239866,0.0189374,-0.0242221,0.636693,0.561749
C3|1x|ETF,09:02,2025~2026-09,52,0.538462,23.9586,18.9586,1.0655,0.0573898,0.0508226,-0.0696415,0.720276,0.498697
C3|1x|ETF,09:05,2023-01~2026-09,100,0.54,24.5455,19.5455,1.88944,0.0536364,0.0478205,-0.0563286,0.867751,0.65113
C3|1x|ETF,09:05,2023~2024,48,0.541667,15.5067,10.5067,1.33906,0.0255704,0.0205137,-0.0301604,0.675056,0.585402
C3|1x|ETF,09:05,2025~2026-09,52,0.538462,32.889,27.889,1.51083,0.0872822,0.0805354,-0.0563286,1.06181,0.684582
C3|1x|ETF,09:10,2023-01~2026-09,100,0.55,21.337,16.337,1.72015,0.0444711,0.0387041,-0.058487,0.757087,0.566017
C3|1x|ETF,09:10,2023~2024,48,0.5625,12.2946,7.29465,1.07992,0.0176598,0.0126405,-0.0185239,0.549238,0.464144
C3|1x|ETF,09:10,2025~2026-09,52,0.538462,29.6838,24.6838,1.45579,0.0765785,0.069896,-0.058487,0.955912,0.617866
C3|lev|ETF,09:00 단일가,2023-01~2026-09,100,0.67,66.7035,61.7035,3.2363,0.176453,0.166762,-0.0997521,1.30014,0.894662
C3|lev|ETF,09:00 단일가,2023~2024,48,0.6875,50.7566,45.7566,3.03832,0.116511,0.108291,-0.0391219,1.46704,0.963363
C3|lev|ETF,09:00 단일가,2025~2026-09,52,0.653846,81.4238,76.4238,2.25631,0.250309,0.238736,-0.0997521,1.36426,0.859396
C3|lev|ETF,09:00 단일가(2x 합성),2023-01~2026-09,100,0.65,74.5573,69.5573,3.62167,0.202911,0.19301,-0.10584,1.50842,1
C3|lev|ETF,09:00 단일가(2x 합성),2023~2024,48,0.666667,52.6869,47.6869,3.45628,0.121783,0.113526,-0.0374316,1.51318,1
C3|lev|ETF,09:00 단일가(2x 합성),2025~2026-09,52,0.634615,94.7453,89.7453,2.65085,0.304787,0.292727,-0.10584,1.66502,1
C3|lev|ETF,09:01,2023-01~2026-09,100,0.57,40.8336,35.8336,1.95985,0.0954951,0.0864476,-0.10536,0.775001,0.547681
C3|lev|ETF,09:01,2023~2024,48,0.583333,28.3322,23.3322,1.6294,0.0562208,0.0484269,-0.0470032,0.74239,0.537747
C3|lev|ETF,09:01,2025~2026-09,52,0.557692,52.3733,47.3733,1.43308,0.143065,0.132455,-0.10536,0.874763,0.55278
C3|lev|ETF,09:02,2023-01~2026-09,100,0.58,39.1197,34.1197,1.80149,0.0910802,0.0820681,-0.126699,0.772406,0.524693
C3|lev|ETF,09:02,2023~2024,48,0.604167,29.66,24.66,1.66148,0.0598062,0.0519868,-0.0453521,0.798708,0.562947
C3|lev|ETF,09:02,2025~2026-09,52,0.557692,47.8518,42.8518,1.24072,0.128657,0.118177,-0.126699,0.83408,0.505057
C3|lev|ETF,09:05,2023-01~2026-09,100,0.56,48.6344,43.6344,2.1585,0.120244,0.110999,-0.104773,0.986463,0.652309
C3|lev|ETF,09:05,2023~2024,48,0.5625,31.0017,26.0017,1.67959,0.0633158,0.0554717,-0.0567019,0.840123,0.588413
C3|lev|ETF,09:05,2025~2026-09,52,0.557692,64.9108,59.9108,1.66247,0.190375,0.179341,-0.104773,1.16534,0.685108
C3|lev|ETF,09:10,2023-01~2026-09,100,0.58,42.0885,37.0885,1.99871,0.100769,0.0916801,-0.108586,0.87616,0.564512
C3|lev|ETF,09:10,2023~2024,48,0.604167,24.3603,19.3603,1.44498,0.0468103,0.0390833,-0.0335077,0.730456,0.462359
C3|lev|ETF,09:10,2025~2026-09,52,0.557692,58.4529,53.4529,1.61666,0.167107,0.156281,-0.108586,1.05885,0.616948
C2|1x|ETF,09:00 단일가,2023-01~2026-09,160,0.6,19.1889,14.1889,1.41298,0.0603053,0.0509511,-0.113989,0.672016,1
C2|1x|ETF,09:00 단일가,2023~2024,75,0.613333,12.7551,7.75508,0.836203,0.0288419,0.0209242,-0.054785,0.53981,1
C2|1x|ETF,09:00 단일가,2025~2026-09,85,0.588235,24.8659,19.8659,1.16895,0.098152,0.0870254,-0.113989,0.816275,1
C2|1x|ETF,09:01,2023-01~2026-09,160,0.55,7.36772,2.36772,0.251595,0.00609621,-0.00279024,-0.124093,0.111572,0.383957
C2|1x|ETF,09:01,2023~2024,75,0.573333,4.34664,-0.653361,-0.0710913,-0.00405796,-0.0117289,-0.0666489,-0.0454677,0.340777
C2|1x|ETF,09:01,2025~2026-09,85,0.529412,10.0334,5.03338,0.317821,0.0180491,0.00771876,-0.124093,0.205478,0.403501
C2|1x|ETF,09:02,2023-01~2026-09,160,0.5625,8.09215,3.09215,0.35291,0.00961524,0.000698462,-0.103995,0.15057,0.42171
C2|1x|ETF,09:02,2023~2024,75,0.6,5.77358,0.77358,0.0837726,0.00146961,-0.00624275,-0.0608721,0.0541483,0.452649
C2|1x|ETF,09:02,2025~2026-09,85,0.529412,10.138,5.13796,0.354859,0.0191826,0.00884112,-0.103995,0.218139,0.407706
C2|1x|ETF,09:05,2023-01~2026-09,160,0.5125,10.5161,5.51605,0.641359,0.0202861,0.0112771,-0.100474,0.261044,0.548027
C2|1x|ETF,09:05,2023~2024,75,0.506667,5.02838,0.0283785,0.00331003,-0.00135249,-0.00904366,-0.0544856,0.00202492,0.394225
C2|1x|ETF,09:05,2025~2026-09,85,0.517647,15.3581,10.3581,0.724137,0.0460709,0.0354619,-0.100474,0.422753,0.617639
C2|1x|ETF,09:10,2023-01~2026-09,160,0.53125,11.932,6.93202,0.823233,0.0269571,0.0178907,-0.118478,0.337226,0.621818
C2|1x|ETF,09:10,2023~2024,75,0.52,4.02119,-0.978813,-0.119182,-0.00496012,-0.0126242,-0.0567245,-0.0774619,0.315262
C2|1x|ETF,09:10,2025~2026-09,85,0.541176,18.9122,13.9122,0.999361,0.0654101,0.0546088,-0.118478,0.575002,0.760568
C2|lev|ETF,09:00 단일가,2023-01~2026-09,160,0.63125,39.8576,34.8576,1.81748,0.146767,0.131647,-0.206927,0.820201,1.05122
C2|lev|ETF,09:00 단일가,2023~2024,75,0.64,28.8748,23.8748,1.27368,0.0901038,0.0775611,-0.0929515,0.841748,1.14003
C2|lev|ETF,09:00 단일가,2025~2026-09,85,0.623529,49.5482,44.5482,1.38803,0.216461,0.198047,-0.206927,0.905366,1.01074
C2|lev|ETF,09:00 단일가(2x 합성),2023-01~2026-09,160,0.6125,37.9154,32.9154,1.67707,0.137988,0.12298,-0.208565,0.796971,1
C2|lev|ETF,09:00 단일가(2x 합성),2023~2024,75,0.626667,25.3281,20.3281,1.10513,0.0751681,0.0627928,-0.103129,0.711476,1
C2|lev|ETF,09:00 단일가(2x 합성),2025~2026-09,85,0.6,49.0219,44.0219,1.32978,0.215766,0.197364,-0.208565,0.928409,1
C2|lev|ETF,09:01,2023-01~2026-09,160,0.55,14.8413,9.84134,0.535493,0.0271807,0.0136036,-0.225887,0.237733,0.391433
C2|lev|ETF,09:01,2023~2024,75,0.573333,8.64213,3.64213,0.199984,0.00805207,-0.00357003,-0.113886,0.127884,0.341208
C2|lev|ETF,09:01,2025~2026-09,85,0.529412,20.3112,15.3112,0.497038,0.0499096,0.0339718,-0.225887,0.321629,0.41433
C2|lev|ETF,09:02,2023-01~2026-09,160,0.56875,16.1915,11.1915,0.653552,0.0344651,0.0207943,-0.190347,0.279608,0.427043
C2|lev|ETF,09:02,2023~2024,75,0.6,11.4739,6.47393,0.353721,0.0192248,0.00747724,-0.107499,0.228542,0.453013
C2|lev|ETF,09:02,2025~2026-09,85,0.541176,20.3541,15.3541,0.545032,0.0524966,0.036521,-0.190347,0.33592,0.415204
C2|lev|ETF,09:05,2023-01~2026-09,160,0.525,21.1011,16.1011,0.963524,0.0563798,0.0424256,-0.183471,0.391703,0.556532
C2|lev|ETF,09:05,2023~2024,75,0.52,10.0431,5.04313,0.296798,0.0138463,0.00215922,-0.102614,0.18157,0.396522
C2|lev|ETF,09:05,2025~2026-09,85,0.529412,30.8582,25.8582,0.936098,0.108154,0.0913501,-0.183471,0.544813,0.629478
C2|lev|ETF,09:10,2023-01~2026-09,160,0.55625,23.4414,18.4414,1.12691,0.0683175,0.0542095,-0.215938,0.460631,0.618256
C2|lev|ETF,09:10,2023~2024,75,0.56,7.86378,2.86378,0.175812,0.0064103,-0.00519294,-0.105764,0.114202,0.310477
C2|lev|ETF,09:10,2025~2026-09,85,0.552941,37.1864,32.1864,1.19683,0.145209,0.127854,-0.215938,0.685462,0.758567
C3|vt30|ETF,09:00 단일가,2023-01~2026-09,100,0.67,46.0722,41.8336,3.83009,0.120442,0.113854,-0.0470797,1.7306,0.96585
C3|vt30|ETF,09:00 단일가,2023~2024,48,0.6875,48.4713,43.5194,3.3934,0.111225,0.103849,-0.0317342,1.62806,0.966457
C3|vt30|ETF,09:00 단일가,2025~2026-09,52,0.653846,43.8576,40.2776,2.21176,0.13127,0.125616,-0.0470797,1.845,0.965231
C3|vt30|ETF,09:00 단일가(2x 합성),2023-01~2026-09,100,0.64,47.7012,43.4626,3.99034,0.125453,0.118837,-0.0469077,1.77714,1
C3|vt30|ETF,09:00 단일가(2x 합성),2023~2024,48,0.666667,50.1536,45.2017,3.71006,0.115797,0.108392,-0.0305717,1.6701,1
C3|vt30|ETF,09:00 단일가(2x 합성),2025~2026-09,52,0.615385,45.4374,41.8574,2.26118,0.136802,0.131122,-0.0469077,1.89672,1
C3|vt30|ETF,09:01,2023-01~2026-09,100,0.57,29.7617,25.5231,2.35545,0.0709442,0.0646359,-0.0492714,1.06145,0.623919
C3|vt30|ETF,09:01,2023~2024,48,0.583333,29.4921,24.5402,1.97666,0.0603256,0.0532737,-0.0334825,0.929182,0.588036
C3|vt30|ETF,09:01,2025~2026-09,52,0.557692,30.0105,26.4304,1.43236,0.0834414,0.0780192,-0.0492714,1.20826,0.660479
C3|vt30|ETF,09:02,2023-01~2026-09,100,0.57,28.0027,23.7641,2.20438,0.0658757,0.0595959,-0.0589871,1.01934,0.587043
C3|vt30|ETF,09:02,2023~2024,48,0.604167,30.5262,25.5743,1.96376,0.0631196,0.0560498,-0.0308003,0.985772,0.608655
C3|vt30|ETF,09:02,2025~2026-09,52,0.538462,25.6732,22.0932,1.22153,0.0690936,0.0637397,-0.0589871,1.05666,0.565023
C3|vt30|ETF,09:05,2023-01~2026-09,100,0.54,31.7359,27.4974,2.56458,0.0770394,0.0706959,-0.0472129,1.2,0.665307
C3|vt30|ETF,09:05,2023~2024,48,0.541667,32.2376,27.2857,1.99755,0.0676526,0.0605539,-0.0309318,1.05701,0.642778
C3|vt30|ETF,09:05,2025~2026-09,52,0.538462,31.2728,27.6928,1.60265,0.0880724,0.0826263,-0.0472129,1.36689,0.688261
C3|vt30|ETF,09:10,2023-01~2026-09,100,0.56,28.0778,23.8393,2.20511,0.0664373,0.0601532,-0.0360559,1.1113,0.588619
C3|vt30|ETF,09:10,2023~2024,48,0.583333,24.2963,19.3444,1.52059,0.0473436,0.040374,-0.0281085,0.845897,0.484437
C3|vt30|ETF,09:10,2025~2026-09,52,0.538462,31.5685,27.9884,1.58439,0.0891068,0.0836561,-0.0360559,1.39224,0.694768
