name,grp,sig,size,veh,filt,des_trades,des_trades_yr,des_exposure,des_avg_w,des_win,des_net_bp,des_gross_bp,des_t_net,des_cagr,des_sharpe,des_mdd,des_calmar,des_cagr_stress,val_trades,val_trades_yr,val_exposure,val_avg_w,val_win,val_net_bp,val_gross_bp,val_t_net,val_cagr,val_sharpe,val_mdd,val_calmar,val_cagr_stress,valx_trades,valx_trades_yr,valx_exposure,valx_avg_w,valx_win,valx_net_bp,valx_gross_bp,valx_t_net,valx_cagr,valx_sharpe,valx_mdd,valx_calmar,valx_cagr_stress,rec_trades,rec_trades_yr,rec_exposure,rec_avg_w,rec_win,rec_net_bp,rec_gross_bp,rec_t_net,rec_cagr,rec_sharpe,rec_mdd,rec_calmar,rec_cagr_stress,oos_trades,oos_trades_yr,oos_exposure,oos_avg_w,oos_win,oos_net_bp,oos_gross_bp,oos_t_net,oos_cagr,oos_sharpe,oos_mdd,oos_calmar,oos_cagr_stress,rank_rule
C3|1x|ETF,A,C3,1x,ETF,,235,24.3503,0.0966283,1,0.617021,26.274,31.274,4.92824,0.0651578,1.54956,-0.0357725,1.82145,0.0599957,172,26.2532,0.104179,1,0.639535,30.1196,35.1196,3.9508,0.0792569,1.06193,-0.0942244,0.84115,0.0736201,127,24.009,0.0952738,1,0.637795,22.8695,27.8695,3.10961,0.0539154,0.79985,-0.0942244,0.572202,0.0488768,45,35.6604,0.141509,1,0.644444,50.5812,55.5812,2.6984,0.192286,1.90041,-0.0560848,3.42849,0.183853,151,21.8815,0.0868315,1,0.781457,82.6373,87.6373,5.71498,0.194335,2.24239,-0.0485859,3.99982,0.189161,16
C3|lev|ETF,A,C3,lev,ETF,,235,24.3503,0.0966283,2,0.629787,57.0692,62.0692,5.40832,0.145145,1.67558,-0.0651465,2.22798,0.136854,172,26.2532,0.104179,2,0.668605,57.1648,62.1648,3.93979,0.149259,1.02266,-0.181452,0.82258,0.140286,127,24.009,0.0952738,2,0.677165,46.2562,51.2562,3.34753,0.10728,0.834876,-0.181452,0.591227,0.0993622,45,35.6604,0.141509,2,0.644444,87.9513,92.9513,2.34299,0.343262,1.61724,-0.0997521,3.44115,0.329076,151,21.8815,0.0868315,2,0.781457,169.548,174.548,5.8825,0.430844,2.2923,-0.0914618,4.71064,0.421628,2
C3|1x|IDX,A,C3,1x,IDX,,235,24.3503,0.0966283,1,0.53617,10.9656,12.9656,2.34843,0.0262556,0.673786,-0.0661516,0.3969,0.0237621,172,26.2532,0.104179,1,0.610465,12.1982,14.1982,1.50075,0.0292689,0.405207,-0.0973366,0.300698,0.0265728,127,24.009,0.0952738,1,0.614173,9.42647,11.4265,1.43046,0.0204841,0.333039,-0.0973366,0.210446,0.0180386,45,35.6604,0.141509,1,0.6,20.0205,22.0205,0.810941,0.0669239,0.623808,-0.0942273,0.710239,0.063132,151,21.8815,0.0868315,1,0.662252,43.3012,45.3012,3.61381,0.0969545,1.41825,-0.0818426,1.18465,0.0945666,
C3|lev|IDX,A,C3,lev,IDX,,235,24.3503,0.0966283,2,0.53617,21.9311,25.9311,2.34843,0.0515545,0.673786,-0.128582,0.400946,0.0464552,172,26.2532,0.104179,2,0.610465,24.3964,28.3964,1.50075,0.0524112,0.405207,-0.194673,0.269226,0.0469071,127,24.009,0.0952738,2,0.614173,18.8529,22.8529,1.43046,0.0362499,0.333039,-0.194673,0.186209,0.0312907,45,35.6604,0.141509,2,0.6,40.0411,44.0411,0.810941,0.122945,0.623808,-0.185357,0.663287,0.114983,151,21.8815,0.0868315,2,0.662252,86.6023,90.6023,3.61381,0.198155,1.41825,-0.158172,1.25278,0.192963,
C2|1x|ETF,A,C2,1x,ETF,,320,33.1579,0.131579,1,0.59375,17.4641,22.4641,4.13731,0.0583239,1.17447,-0.0625634,0.932237,0.0513397,264,40.2956,0.159903,1,0.590909,14.1956,19.1956,1.86105,0.054068,0.601648,-0.113989,0.474327,0.0456165,191,36.108,0.143286,1,0.596859,11.929,16.929,1.61984,0.0405779,0.533186,-0.112947,0.359265,0.0330971,73,57.8491,0.22956,1,0.575342,20.1261,25.1261,1.03871,0.112546,0.831396,-0.113989,0.98734,0.0997679,204,29.5618,0.117309,1,0.715686,57.8033,62.8033,5.38733,0.18133,1.85399,-0.0647815,2.7991,0.174404,18
C2|lev|ETF,A,C2,lev,ETF,,320,33.1579,0.131579,2,0.625,44.2938,49.2938,5.40777,0.152583,1.49248,-0.094968,1.60668,0.14122,264,40.2956,0.159903,2,0.617424,32.449,37.449,2.238,0.119514,0.695509,-0.206927,0.577568,0.106092,191,36.108,0.143286,2,0.628272,27.9895,32.9895,1.98726,0.0924178,0.642503,-0.20563,0.449436,0.0806708,73,57.8491,0.22956,2,0.589041,44.1169,49.1169,1.20453,0.240608,0.902746,-0.206927,1.16277,0.219325,204,29.5618,0.117309,2,0.715686,119.949,124.949,5.61147,0.401875,1.92005,-0.12803,3.13891,0.38963,7
C2|1x|IDX,A,C2,1x,IDX,,320,33.1579,0.131579,1,0.546875,9.11118,11.1112,2.33073,0.0294879,0.630829,-0.0909779,0.324122,0.0260827,264,40.2956,0.159903,1,0.590909,12.7813,14.7813,1.68506,0.0468569,0.482858,-0.109045,0.429701,0.042651,191,36.108,0.143286,1,0.596859,5.37589,7.37589,0.767652,0.0162308,0.240081,-0.109045,0.148845,0.0125691,73,57.8491,0.22956,1,0.575342,32.1572,34.1572,1.68149,0.185607,1.04549,-0.0752462,2.46666,0.178786,204,29.5618,0.117309,1,0.651961,35.1071,37.1071,3.75485,0.105905,1.31168,-0.073827,1.4345,0.102651,
C2|lev|IDX,A,C2,lev,IDX,,320,33.1579,0.131579,2,0.546875,18.2224,22.2224,2.33073,0.0574048,0.630829,-0.174845,0.328318,0.0504258,264,40.2956,0.159903,2,0.590909,25.5626,29.5626,1.68506,0.0832964,0.482858,-0.217768,0.382501,0.0746124,191,36.108,0.143286,2,0.596859,10.7518,14.7518,0.767652,0.0256757,0.240081,-0.217768,0.117904,0.0182969,73,57.8491,0.22956,2,0.575342,64.3143,68.3143,1.68149,0.362228,1.04549,-0.153183,2.36467,0.346623,204,29.5618,0.117309,2,0.651961,70.2143,74.2143,3.75485,0.21555,1.31168,-0.143473,1.50237,0.208427,
TIER|tier|ETF,A,TIER,tier,ETF,,320,33.1579,0.131579,1.73438,0.603125,40.0793,45.0793,5.48327,0.137798,1.52358,-0.0733516,1.87859,0.12757,264,40.2956,0.159903,1.65152,0.609848,31.8159,36.8159,2.68466,0.122436,0.810145,-0.191972,0.637782,0.110543,191,36.108,0.143286,1.66492,0.623037,27.4793,32.4793,2.29891,0.0932668,0.710295,-0.191972,0.485835,0.0828229,73,57.8491,0.22956,1.61644,0.575342,43.1625,48.1625,1.51075,0.253424,1.13636,-0.125189,2.02434,0.234677,204,29.5618,0.117309,1.7402,0.715686,122.134,127.134,5.97192,0.415263,2.14999,-0.0913995,4.54338,0.403986,6
TIER|tier|IDX,A,TIER,tier,IDX,,320,33.1579,0.131579,1.73438,0.546875,17.164,20.6328,2.54445,0.0548665,0.68003,-0.145592,0.376851,0.0488272,264,40.2956,0.159903,1.65152,0.590909,20.7286,24.0316,1.67951,0.0703946,0.481363,-0.201092,0.350062,0.0633038,191,36.108,0.143286,1.66492,0.596859,11.6438,14.9736,1.00725,0.0319309,0.294421,-0.201092,0.158788,0.02575,73,57.8491,0.22956,1.61644,0.575342,44.4986,47.7315,1.41848,0.24786,0.966828,-0.150492,1.64699,0.236278,204,29.5618,0.117309,1.7402,0.651961,67.1585,70.6389,3.88873,0.207931,1.41653,-0.150823,1.37865,0.201775,
C3|zlin|ETF,B,C3,zlin,ETF,,235,24.3503,0.0966283,1.48926,0.634043,42.7033,47.7033,5.26468,0.107177,1.57718,-0.0520225,2.0602,0.100514,172,26.2532,0.104179,1.56853,0.656977,49.3381,54.3381,3.89433,0.128157,0.980123,-0.181452,0.706284,0.120608,127,24.009,0.0952738,1.54575,0.661417,42.1681,47.1681,3.24788,0.0975477,0.807288,-0.181452,0.537594,0.0908853,45,35.6604,0.141509,1.6328,0.644444,69.5734,74.5734,2.24605,0.266034,1.57699,-0.0906956,2.93326,0.254275,151,21.8815,0.0868315,1.54998,0.781457,143.161,148.161,5.02996,0.354581,2.19907,-0.072696,4.87758,0.347152,4
C3|zlin|IDX,B,C3,zlin,IDX,,235,24.3503,0.0966283,1.48926,0.53617,16.6518,19.6303,2.42387,0.0393186,0.643662,-0.0979918,0.401244,0.0355624,172,26.2532,0.104179,1.56853,0.610465,21.827,24.964,1.52635,0.0475863,0.398009,-0.194673,0.244442,0.0432875,127,24.009,0.0952738,1.54575,0.614173,21.8311,24.9227,1.77342,0.0448295,0.410597,-0.194673,0.230281,0.0409667,45,35.6604,0.141509,1.6328,0.6,21.8151,25.0807,0.514751,0.0592215,0.391829,-0.175836,0.3368,0.0530726,151,21.8815,0.0868315,1.54998,0.662252,75.7627,78.8626,3.3195,0.172881,1.44966,-0.133944,1.2907,0.168942,
C3|zstep|ETF,B,C3,zstep,ETF,,235,24.3503,0.0966283,1.4383,0.621277,40.8428,45.8428,4.92746,0.10208,1.48088,-0.0651465,1.56693,0.0955825,172,26.2532,0.104179,1.54651,0.662791,50.314,55.314,3.95944,0.130825,0.988381,-0.181452,0.720991,0.123326,127,24.009,0.0952738,1.51969,0.661417,43.2539,48.2539,3.2894,0.100313,0.823413,-0.181452,0.552833,0.0937039,45,35.6604,0.141509,1.62222,0.666667,70.2393,75.2393,2.26403,0.268212,1.5516,-0.0892458,3.00532,0.256479,151,21.8815,0.0868315,1.50993,0.781457,139.718,144.718,4.72149,0.34437,2.14085,-0.0869604,3.96008,0.337113,9
C3|zstep|IDX,B,C3,zstep,IDX,,235,24.3503,0.0966283,1.4383,0.53617,15.927,18.8036,2.23985,0.0374042,0.604448,-0.106232,0.352098,0.0337827,172,26.2532,0.104179,1.54651,0.610465,21.2854,24.3784,1.44967,0.0455549,0.379429,-0.194673,0.234007,0.0413241,127,24.009,0.0952738,1.51969,0.614173,22.9178,25.9572,1.85731,0.0474662,0.428781,-0.194673,0.243825,0.0436599,45,35.6604,0.141509,1.62222,0.6,16.6783,19.9227,0.376462,0.0375808,0.284493,-0.186403,0.20161,0.0315897,151,21.8815,0.0868315,1.50993,0.662252,74.7701,77.7899,3.124,0.170416,1.43718,-0.148495,1.14762,0.166588,
C2|zlin|ETF,B,C2,zlin,ETF,,320,33.1579,0.131579,1.4883,0.615625,30.804,35.804,4.66326,0.103905,1.26354,-0.100865,1.03015,0.0948612,264,40.2956,0.159903,1.58161,0.609848,31.4117,36.4117,2.46135,0.118976,0.756892,-0.205807,0.578096,0.107427,191,36.108,0.143286,1.55065,0.617801,28.5724,33.5724,2.32808,0.0972061,0.724847,-0.194621,0.499464,0.0871738,73,57.8491,0.22956,1.66262,0.589041,38.8405,43.8405,1.18248,0.215032,0.914303,-0.205807,1.04483,0.196511,204,29.5618,0.117309,1.53171,0.715686,100.221,105.221,4.99505,0.32798,1.84174,-0.0987126,3.32257,0.318176,10
C2|zlin|IDX,B,C2,zlin,IDX,,320,33.1579,0.131579,1.4883,0.546875,13.0154,15.992,2.0915,0.0409325,0.555223,-0.137173,0.298401,0.0358137,264,40.2956,0.159903,1.58161,0.590909,27.7103,30.8735,2.0875,0.0972824,0.578926,-0.203571,0.477879,0.090328,191,36.108,0.143286,1.55065,0.596859,17.3582,20.4595,1.44024,0.0528471,0.426177,-0.203571,0.2596,0.0469793,73,57.8491,0.22956,1.66262,0.575342,54.796,58.1212,1.57098,0.304893,0.989913,-0.157595,1.93466,0.292448,204,29.5618,0.117309,1.53171,0.651961,59.5405,62.6039,3.56437,0.182013,1.31383,-0.125545,1.44978,0.176705,
C2|zstep|ETF,B,C2,zstep,ETF,,320,33.1579,0.131579,1.43437,0.60625,29.0285,34.0285,4.30765,0.0973353,1.17615,-0.101534,0.958645,0.0885379,264,40.2956,0.159903,1.56439,0.613636,31.6323,36.6323,2.39145,0.119583,0.752794,-0.218325,0.547728,0.108104,191,36.108,0.143286,1.52356,0.617801,27.7756,32.7756,2.24028,0.0939025,0.699974,-0.191972,0.489146,0.0840056,73,57.8491,0.22956,1.67123,0.60274,41.7229,46.7229,1.1964,0.233955,0.962364,-0.218325,1.07159,0.215092,204,29.5618,0.117309,1.4902,0.715686,96.549,101.549,4.66527,0.313064,1.74615,-0.117399,2.66666,0.303526,11
C2|zstep|IDX,B,C2,zstep,IDX,,320,33.1579,0.131579,1.43437,0.546875,12.1764,15.0452,1.91078,0.0379794,0.514754,-0.146155,0.259857,0.033059,264,40.2956,0.159903,1.56439,0.590909,28.3556,31.4844,2.04654,0.0988752,0.574875,-0.201092,0.491691,0.0919869,191,36.108,0.143286,1.52356,0.596859,16.9005,19.9476,1.38833,0.0508812,0.411013,-0.201092,0.253024,0.0451258,73,57.8491,0.22956,1.67123,0.575342,58.3274,61.6699,1.56406,0.325097,1.00487,-0.161932,2.00762,0.312402,204,29.5618,0.117309,1.4902,0.651961,58.2028,61.1832,3.38218,0.177196,1.27551,-0.141061,1.25616,0.172054,
C3|vt20|ETF,C,C3,vt20,ETF,,235,24.3503,0.0966283,1.43108,0.629787,31.6887,36.4837,5.25401,0.0789769,1.61267,-0.0585101,1.3498,0.0727329,172,26.2532,0.104179,0.95903,0.645349,27.3331,31.4361,4.43331,0.0728248,1.33212,-0.0559136,1.30245,0.067839,127,24.009,0.0952738,1.10601,0.645669,26.4841,31.1074,3.86118,0.0640017,1.14691,-0.0559136,1.14465,0.0588413,45,35.6604,0.141509,0.544217,0.644444,29.729,32.3637,2.34272,0.110613,2.26936,-0.0314898,3.51265,0.106396,151,21.8815,0.0868315,0.872731,0.781457,62.78,66.691,7.06538,0.145381,2.41485,-0.0423437,3.43335,0.141268,15
C3|vt20|IDX,C,C3,vt20,IDX,,235,24.3503,0.0966283,1.43108,0.53617,10.164,13.0262,1.71435,0.023947,0.53125,-0.11749,0.203822,0.0203869,172,26.2532,0.104179,0.95903,0.610465,13.914,15.832,2.21213,0.0356725,0.674119,-0.0577605,0.617593,0.0330727,127,24.009,0.0952738,1.10601,0.614173,12.5749,14.787,1.89231,0.0290899,0.550167,-0.0577605,0.50363,0.026365,45,35.6604,0.141509,0.544217,0.6,17.693,18.7814,1.23707,0.0637267,1.2312,-0.0336863,1.89177,0.0616706,151,21.8815,0.0868315,0.872731,0.662252,31.5366,33.2821,4.05936,0.070356,1.53315,-0.0669542,1.05081,0.068321,
C3|vt30|ETF,C,C3,vt30,ETF,,235,24.3503,0.0966283,1.80263,0.625532,44.1921,49.1188,5.49501,0.111418,1.71595,-0.0648221,1.71882,0.103928,172,26.2532,0.104179,1.38668,0.662791,39.4931,43.9663,4.45126,0.10583,1.32652,-0.0838705,1.26182,0.0992535,127,24.009,0.0952738,1.58878,0.669291,38.4788,43.3384,3.99457,0.0932286,1.15237,-0.0838705,1.11158,0.0865539,45,35.6604,0.141509,0.816326,0.644444,42.3557,45.7384,2.21387,0.16025,2.18431,-0.0470797,3.40381,0.154123,151,21.8815,0.0868315,1.25955,0.781457,91.4027,96.0152,7.44808,0.217242,2.42774,-0.0623777,3.48269,0.211496,1
C3|vt30|IDX,C,C3,vt30,IDX,,235,24.3503,0.0966283,1.80263,0.53617,15.2894,18.8947,1.98838,0.03604,0.615952,-0.128582,0.280288,0.0315069,172,26.2532,0.104179,1.38668,0.610465,20.1882,22.9616,2.20534,0.0510875,0.668381,-0.0866407,0.589648,0.0472773,127,24.009,0.0952738,1.58878,0.614173,17.9378,21.1153,1.89534,0.0406442,0.53914,-0.0866407,0.469111,0.0366904,45,35.6604,0.141509,0.816326,0.6,26.5394,28.1721,1.23707,0.096017,1.2312,-0.0502148,1.91213,0.0928455,151,21.8815,0.0868315,1.25955,0.662252,45.0648,47.5839,4.05461,0.101223,1.49087,-0.099042,1.02203,0.0982062,
C2|vt20|ETF,C,C2,vt20,ETF,,320,33.1579,0.131579,1.4341,0.625,24.8496,29.6309,5.09403,0.0841415,1.4566,-0.076236,1.1037,0.075602,264,40.2956,0.159903,0.922422,0.594697,13.6888,17.6845,2.37831,0.0542869,0.816055,-0.0801795,0.677067,0.0470088,191,36.108,0.143286,1.08541,0.602094,12.4773,17.0751,1.84697,0.043603,0.655548,-0.0801795,0.543817,0.0360838,73,57.8491,0.22956,0.495967,0.575342,16.8587,19.2792,1.66476,0.100275,1.55654,-0.0374136,2.68017,0.0940721,204,29.5618,0.117309,0.881975,0.715686,45.0635,48.9688,5.89935,0.140039,2.03814,-0.0414672,3.37711,0.134474,14
C2|vt20|IDX,C,C2,vt20,IDX,,320,33.1579,0.131579,1.4341,0.546875,10.2515,13.1198,2.0385,0.032959,0.607918,-0.152548,0.216057,0.0280623,264,40.2956,0.159903,0.922422,0.590909,9.03762,10.8825,1.52446,0.0345177,0.517964,-0.0790261,0.436789,0.0306827,191,36.108,0.143286,1.08541,0.596859,4.97262,7.14345,0.723013,0.0156431,0.258094,-0.0790261,0.197948,0.011672,73,57.8491,0.22956,0.495967,0.575342,19.6734,20.6654,1.91833,0.11753,1.55379,-0.0396963,2.96073,0.114338,204,29.5618,0.117309,0.881975,0.651961,27.1516,28.9156,4.09251,0.0819601,1.47271,-0.0620779,1.32028,0.0791512,
C2|vt30|ETF,C,C2,vt30,ETF,,320,33.1579,0.131579,1.79578,0.621875,34.6057,39.5314,5.45567,0.118517,1.55331,-0.0849255,1.39554,0.108283,264,40.2956,0.159903,1.33805,0.609848,21.0727,25.4816,2.521,0.0832904,0.859853,-0.115476,0.721276,0.0736635,191,36.108,0.143286,1.56511,0.623037,19.9524,24.8256,2.03387,0.0692954,0.72029,-0.115476,0.600082,0.0595511,73,57.8491,0.22956,0.743951,0.575342,24.0039,27.1983,1.62171,0.143976,1.48787,-0.0558223,2.57919,0.134895,204,29.5618,0.117309,1.26952,0.715686,66.1032,70.6866,6.15678,0.210329,2.06107,-0.061297,3.43131,0.202582,5
C2|vt30|IDX,C,C2,vt30,IDX,,320,33.1579,0.131579,1.79578,0.546875,14.2973,17.8888,2.23265,0.0458114,0.655802,-0.172026,0.266306,0.0396094,264,40.2956,0.159903,1.33805,0.590909,13.3254,16.0015,1.52861,0.0494835,0.518533,-0.116398,0.425124,0.0438465,191,36.108,0.143286,1.56511,0.596859,7.13966,10.2699,0.711672,0.0207468,0.252861,-0.116398,0.178241,0.0149976,73,57.8491,0.22956,0.743951,0.575342,29.5101,30.9981,1.91833,0.179014,1.55379,-0.0590756,3.03025,0.173973,204,29.5618,0.117309,1.26952,0.651961,38.9914,41.5304,4.08545,0.118573,1.43943,-0.091979,1.28913,0.114399,
C3|lev|ETF|ma20up,D,C3,lev,ETF,ma20up,86,8.91118,0.0353618,2,0.686047,54.0758,59.0758,3.39902,0.0487489,1.40048,-0.0293279,1.6622,0.0459633,65,9.92126,0.0393701,2,0.615385,67.8368,72.8368,2.27871,0.0666059,0.886074,-0.0673983,0.988244,0.0634552,36,6.8057,0.0270068,2,0.5,-4.62693,0.373068,-0.283452,-0.0039068,-0.0805314,-0.0673983,-0.0579659,-0.00594016,29,22.9811,0.091195,2,0.758621,157.792,162.792,4.69544,0.420751,2.38202,-0.0378973,11.1024,0.411132,74,10.7234,0.0425532,2,0.797297,137.103,142.103,4.37838,0.153864,1.65217,-0.0794905,1.93563,0.150206,
C2|lev|ETF|ma20up,D,C2,lev,ETF,ma20up,119,12.3306,0.0489309,2,0.672269,42.8087,47.8087,4.09324,0.0531272,1.16939,-0.047233,1.12479,0.0492541,101,15.4161,0.061175,2,0.60396,41.8488,46.8488,2.03442,0.0610866,0.62886,-0.107295,0.569332,0.056207,58,10.9647,0.0435109,2,0.534483,6.21373,11.2137,0.41787,0.00527395,0.121859,-0.0702651,0.075058,0.00197324,43,34.0755,0.13522,2,0.697674,89.9146,94.9146,2.53018,0.330816,1.50659,-0.107295,3.08323,0.317383,98,14.2013,0.0563542,2,0.744898,111.045,116.045,3.94231,0.165219,1.60287,-0.0794905,2.07847,0.160316,
C3|lev|IDX|ma20up,D,C3,lev,IDX,ma20up,86,8.91118,0.0353618,2,0.55814,23.038,27.038,1.59906,0.0202548,0.663478,-0.0961754,0.210602,0.0184419,65,9.92126,0.0393701,2,0.569231,24.4769,28.4769,0.677084,0.0199669,0.259572,-0.15092,0.132301,0.0179479,36,6.8057,0.0270068,2,0.472222,-33.5101,-29.5101,-1.80043,-0.0234253,-0.540531,-0.138201,-0.169501,-0.0247586,29,22.9811,0.091195,2,0.689655,96.4608,100.461,1.48375,0.223856,1.13891,-0.15092,1.48328,0.218287,74,10.7234,0.0425532,2,0.675676,69.0588,73.0588,2.36123,0.0737588,0.968898,-0.101493,0.726735,0.0714728,
C3|1x|ETF|ma20up,D,C3,1x,ETF,ma20up,86,8.91118,0.0353618,1,0.651163,24.414,29.414,3.06951,0.0218401,1.2533,-0.0171926,1.27032,0.0200248,65,9.92126,0.0393701,1,0.6,36.3369,41.3369,2.31868,0.03601,0.977305,-0.0367025,0.981131,0.0339633,36,6.8057,0.0270068,1,0.472222,-3.4554,1.5446,-0.412991,-0.00255041,-0.117009,-0.0367025,-0.0694886,-0.00390784,29,22.9811,0.091195,1,0.758621,85.7343,90.7343,5.50248,0.214551,2.71727,-0.0183348,11.7018,0.209027,74,10.7234,0.0425532,1,0.797297,65.8439,70.8439,4.28031,0.0721361,1.61502,-0.0407765,1.76906,0.0698536,
C3|lev|ETF|ma60up,D,C3,lev,ETF,ma60up,93,9.63651,0.0382401,2,0.612903,46.8755,51.8755,3.47218,0.0455447,1.26575,-0.0265696,1.71417,0.0425398,76,11.6002,0.0460327,2,0.631579,58.9503,63.9503,2.14157,0.0669972,0.805525,-0.0997521,0.671637,0.0633095,39,7.37284,0.0292573,2,0.589744,24.8435,29.8435,1.164,0.0174768,0.408883,-0.0548362,0.318709,0.0152335,37,29.3208,0.116352,2,0.675676,94.9008,99.9008,2.01679,0.302199,1.63785,-0.0997521,3.0295,0.29089,85,12.3174,0.0488787,2,0.8,121.919,126.919,6.08388,0.158026,1.80489,-0.0794905,1.98799,0.153804,
C2|lev|ETF|ma60up,D,C2,lev,ETF,ma60up,126,13.0559,0.0518092,2,0.611111,35.3109,40.3109,3.84512,0.0460893,1.01044,-0.0587583,0.784389,0.0420132,119,18.1635,0.0720775,2,0.563025,27.7163,32.7163,1.13907,0.0448048,0.43805,-0.167652,0.267249,0.0391379,62,11.7209,0.0465116,2,0.516129,-11.5377,-6.53769,-0.505006,-0.0152846,-0.220767,-0.167652,-0.0911689,-0.0187467,57,45.1698,0.179245,2,0.614035,70.4136,75.4136,1.79044,0.339268,1.38645,-0.119232,2.84543,0.321345,111,16.0851,0.0638298,2,0.747748,99.4198,104.42,5.32906,0.168401,1.72798,-0.0794905,2.1185,0.162828,
C3|lev|IDX|ma60up,D,C3,lev,IDX,ma60up,93,9.63651,0.0382401,2,0.516129,15.4082,19.4082,1.22903,0.0143798,0.438521,-0.0786159,0.182912,0.0124292,76,11.6002,0.0460327,2,0.565789,14.3808,18.3808,0.448591,0.0116176,0.166968,-0.185357,0.0626768,0.00927433,39,7.37284,0.0292573,2,0.512821,-8.74148,-4.74148,-0.397134,-0.00739093,-0.145937,-0.119193,-0.0620082,-0.00885534,37,29.3208,0.116352,2,0.621622,38.753,42.753,0.663905,0.0953406,0.543442,-0.185357,0.514362,0.0889502,85,12.3174,0.0488787,2,0.658824,51.2001,55.2001,2.76645,0.0626696,0.934566,-0.110107,0.56917,0.0600671,
C3|1x|ETF|ma60up,D,C3,1x,ETF,ma60up,93,9.63651,0.0382401,1,0.580645,21.5453,26.5453,3.15418,0.0208105,1.14142,-0.016952,1.22761,0.0188489,76,11.6002,0.0460327,1,0.592105,31.9834,36.9834,2.2722,0.0368818,0.878504,-0.0560848,0.657607,0.034486,39,7.37284,0.0292573,1,0.512821,10.7199,15.7199,0.989067,0.00765234,0.332299,-0.0322164,0.237529,0.00616891,37,29.3208,0.116352,1,0.675676,54.3964,59.3964,2.33373,0.168922,1.9295,-0.0560848,3.0119,0.162122,85,12.3174,0.0488787,1,0.8,58.6337,63.6337,5.84151,0.0739745,1.75006,-0.0407765,1.81414,0.0713468,
C3|lev|ETF|noup2,D,C3,lev,ETF,noup2,235,24.3503,0.0966283,2,0.629787,57.0692,62.0692,5.40832,0.145145,1.67558,-0.0651465,2.22798,0.136854,163,24.8795,0.098728,2,0.680982,63.2723,68.2723,3.60747,0.158133,1.09061,-0.181452,0.871485,0.149567,124,23.4419,0.0930233,2,0.693548,52.9777,57.9777,3.36297,0.122101,0.942559,-0.181452,0.672911,0.114272,39,30.9057,0.122642,2,0.641026,96.0039,101.004,1.84769,0.322199,1.57695,-0.128206,2.51313,0.310098,143,20.7223,0.0822312,2,0.776224,164.075,169.075,5.45399,0.388201,2.16185,-0.0914618,4.24441,0.379728,3
C2|lev|ETF|noup2,D,C2,lev,ETF,noup2,319,33.0543,0.131168,2,0.623824,44.2538,49.2538,5.38591,0.151903,1.48667,-0.094968,1.59952,0.140582,244,37.2429,0.147789,2,0.635246,48.3725,53.3725,2.98215,0.1787,1.01961,-0.20563,0.869036,0.165654,188,35.5409,0.141035,2,0.638298,32.1313,37.1313,2.15791,0.107041,0.730938,-0.20563,0.520548,0.0953271,56,44.3774,0.176101,2,0.625,102.897,107.897,2.26459,0.533162,1.87114,-0.150819,3.53511,0.513064,192,27.8229,0.110408,2,0.713542,113.936,118.936,5.01565,0.351499,1.76817,-0.12803,2.74544,0.340379,8
C3|lev|IDX|noup2,D,C3,lev,IDX,noup2,235,24.3503,0.0966283,2,0.53617,21.9311,25.9311,2.34843,0.0515545,0.673786,-0.128582,0.400946,0.0464552,163,24.8795,0.098728,2,0.619632,28.4494,32.4494,1.6008,0.0598801,0.453996,-0.194673,0.307593,0.0546283,124,23.4419,0.0930233,2,0.629032,26.8632,30.8632,1.80142,0.0550634,0.470578,-0.194673,0.28285,0.0501371,39,30.9057,0.122642,2,0.589744,33.4926,37.4926,0.58658,0.0803112,0.457164,-0.18743,0.428487,0.0736644,143,20.7223,0.0822312,2,0.65035,80.0134,84.0134,3.24971,0.17074,1.28114,-0.158172,1.07946,0.165932,
C3|1x|ETF|noup2,D,C3,1x,ETF,noup2,235,24.3503,0.0966283,1,0.617021,26.274,31.274,4.92824,0.0651578,1.54956,-0.0357725,1.82145,0.0599957,163,24.8795,0.098728,1,0.650307,32.0889,37.0889,3.56622,0.0801609,1.08711,-0.0942244,0.850745,0.0748149,124,23.4419,0.0930233,1,0.653226,26.568,31.568,3.1901,0.0617695,0.917608,-0.0942244,0.655557,0.0568148,39,30.9057,0.122642,1,0.641026,49.6422,54.6422,1.92543,0.160785,1.64598,-0.0675457,2.38039,0.153665,143,20.7223,0.0822312,1,0.776224,79.8837,84.8837,5.29507,0.176438,2.11268,-0.0485859,3.63147,0.17161,17
C3|lev|ETF|ma20dn,D,C3,lev,ETF,ma20dn,149,15.4391,0.0612664,2,0.597315,58.797,63.797,4.41294,0.0919153,1.19931,-0.0857246,1.07222,0.0868966,107,16.3319,0.0648092,2,0.700935,50.6818,55.6818,2.08387,0.0774918,0.658289,-0.198853,0.389693,0.072246,91,17.2033,0.0682671,2,0.747253,66.3858,71.3858,3.317,0.111623,0.898312,-0.181452,0.615161,0.105932,16,12.6792,0.0503145,2,0.4375,-38.6346,-33.6346,-0.428617,-0.0545412,-0.409727,-0.17427,-0.312969,-0.0581491,77,11.1581,0.0442783,2,0.766234,200.729,205.729,4.45393,0.240045,1.64507,-0.0910393,2.63672,0.235977,13
C2|lev|ETF|ma20dn,D,C2,lev,ETF,ma20dn,201,20.8273,0.082648,2,0.597015,45.1731,50.1731,4.10739,0.0944383,1.07318,-0.094968,0.994423,0.0876485,163,24.8795,0.098728,2,0.625767,26.6246,31.6246,1.31222,0.0550642,0.420179,-0.202079,0.272489,0.0472303,133,25.1433,0.0997749,2,0.669173,37.4857,42.4857,1.98101,0.0866866,0.640976,-0.199864,0.433729,0.0785426,30,23.7736,0.0943396,2,0.433333,-21.5265,-16.5265,-0.326576,-0.0677834,-0.261021,-0.192218,-0.352639,-0.0744342,106,15.3606,0.0609546,2,0.688679,128.181,133.181,3.72005,0.2031,1.25348,-0.129681,1.56615,0.197631,12
C3|lev|IDX|ma20dn,D,C3,lev,IDX,ma20dn,149,15.4391,0.0612664,2,0.52349,21.2923,25.2923,1.84372,0.0306784,0.450288,-0.129004,0.237809,0.0275061,107,16.3319,0.0648092,2,0.635514,24.3474,28.3474,0.990945,0.0318091,0.312039,-0.230774,0.137837,0.0284486,91,17.2033,0.0682671,2,0.67033,39.568,43.568,2.01345,0.0611066,0.527064,-0.194673,0.313893,0.0574722,16,12.6792,0.0503145,2,0.4375,-62.2197,-58.2197,-0.643479,-0.0824532,-0.658105,-0.204057,-0.404069,-0.0847943,77,11.1581,0.0442783,2,0.649351,103.462,107.462,2.956,0.115851,1.05041,-0.109276,1.06017,0.113387,
C3|1x|ETF|ma20dn,D,C3,1x,ETF,ma20dn,149,15.4391,0.0612664,1,0.597315,27.3475,32.3475,4.10779,0.0423918,1.12417,-0.0396145,1.07011,0.0391862,107,16.3319,0.0648092,1,0.663551,26.3428,31.3428,2.07303,0.0417437,0.664153,-0.101083,0.412966,0.0383542,91,17.2033,0.0682671,1,0.703297,33.2837,38.2837,3.08663,0.0566102,0.872439,-0.0942244,0.600802,0.0529918,16,12.6792,0.0503145,1,0.4375,-13.1338,-8.13382,-0.271161,-0.0183316,-0.272856,-0.0899771,-0.203736,-0.0208221,77,11.1581,0.0442783,1,0.766234,98.7764,103.776,4.3539,0.113977,1.61576,-0.0471999,2.41477,0.111517,19
