date,z,mis,C2,C3,r_k,r_l,r_ls,r_i,w,w_069500,w_122630,gross,net5,net_stress,window,net5_entry_09:01,net5_entry_09:02,net5_entry_09:05,net5_entry_09:10
2003-01-08,1.3658439,-0.00023374409,1,1,-0.0047636497,,-0.0094683176,-0.0071796099,0.92091839,0.92091839,0,-0.0043869326,-0.0048473918,-0.0050315755,추가OOS,,,,
2003-01-10,1.0027053,-0.003087148,1,1,-0.019707207,,-0.038997214,-0.022741166,0.88618794,0.88618794,0,-0.017464289,-0.017907383,-0.018084621,추가OOS,,,,
2003-02-17,1.6333139,-0.00216118,1,1,0.027680951,,0.054195102,0.019775521,1.2858758,0.71412419,0.28587581,0.035260706,0.034760706,0.034532118,추가OOS,,,,
2003-03-18,2.6349753,-0.0065149033,1,1,0.0068357222,,0.013230901,-0.0001459854,1.0332202,0.96677979,0.033220207,0.0070481713,0.0065481713,0.0063448493,추가OOS,,,,
2003-03-20,2.2509088,-0.011569477,1,1,0.032118991,,0.063539446,0.025060173,0.87228412,0.87228412,0,0.028016886,0.027580744,0.027406287,추가OOS,,,,
2003-04-10,1.2725335,-0.0026967229,1,1,0.0089639358,,0.017984107,0.015180789,0.72224966,0.72224966,0,0.0064741996,0.0061130748,0.0059686248,추가OOS,,,,
2003-04-14,1.9560704,-0.00029771511,1,1,0.010076582,,0.01989258,0.0081181794,0.71905521,0.71905521,0,0.0072456188,0.0068860912,0.0067422801,추가OOS,,,,
2003-04-16,1.9236408,-0.0054058436,1,1,0.014534884,,0.028636884,0.0080122091,0.83010067,0.83010067,0,0.012065417,0.011650366,0.011484346,추가OOS,,,,
2003-05-15,1.0633736,-0.0018932735,1,1,0.011853867,,0.023570325,0.0096092249,0.85441381,0.85441381,0,0.010128108,0.0097009008,0.009530018,추가OOS,,,,
2003-05-28,1.4892459,-0.0029955003,1,1,0.0034305317,,0.0067151651,-0.0011262671,0.91199801,0.91199801,0,0.0031286381,0.0026726391,0.0024902395,추가OOS,,,,
2003-06-17,1.1975988,-0.0029251753,1,1,0.0035429584,,0.0069360153,0.0011652296,1.3446023,0.65539774,0.34460226,0.0047122135,0.0042122135,0.0039777532,추가OOS,,,,
2003-06-19,1.189428,-0.0043320856,1,1,0.020017559,,0.039853173,0.015677233,1.4338316,0.56616844,0.43383156,0.028622874,0.028122874,0.027879491,추가OOS,,,,
2003-07-03,1.039022,-0.0025174363,1,1,-0.013801329,,-0.027194897,-0.01460182,1.5124381,0.48756187,0.51243813,-0.020664704,-0.021164704,-0.021415948,추가OOS,,,,
2003-07-16,1.8266398,-0.0066605392,1,1,0.0013207859,,0.0026242414,-0.0054112554,1.5132309,0.48676913,0.51323087,0.0019897595,0.0014897595,0.0012384364,추가OOS,,,,
2003-08-19,2.195053,-0.00095685302,1,1,-0.0055213756,,-0.010852713,-0.0063667676,1.5809869,0.41901314,0.58098686,-0.0086188127,-0.0091188127,-0.0093769114,추가OOS,,,,
2003-08-21,1.0678925,-0.0038890896,1,1,0.022229279,,0.044296788,0.017804776,1.5727894,0.42721061,0.57278939,0.034869314,0.034369314,0.034112035,추가OOS,,,,
2003-09-23,1.2405504,-0.0024283033,1,1,0.0095867769,,0.019237148,0.0065430752,1.308703,0.69129701,0.30870299,0.012565875,0.012065875,0.011835005,추가OOS,,,,
2003-11-25,1.1048324,-0.0014073394,1,1,0.0010585211,,0.0020783848,0.0011044177,1.1509034,0.84909662,0.15090338,0.001212422,0.00071242197,0.00049733163,추가OOS,,,,
2003-12-12,1.720511,-0.0030119045,1,1,0.0043459365,,0.0086380651,0.0011516315,1.2318889,0.76811107,0.23188893,0.0053412336,0.0048412336,0.0046180447,추가OOS,,,,
2003-12-15,2.7412476,-0.0092716896,1,1,0.0077098801,,0.015265018,0.0010341262,1.1691099,0.8308901,0.1691099,0.0089875286,0.0084875286,0.0082706176,추가OOS,,,,
2004-01-16,1.4154864,-0.0017438162,1,1,-0.0051737862,,-0.010264508,-0.007624686,1.6087611,0.39123893,0.60876107,-0.0082728197,-0.0087728197,-0.0090336959,추가OOS,,,,
2004-02-05,1.1042473,-0.00026438065,1,1,0.0085377422,,0.017142857,0.0073414701,1.9251771,0.074822924,0.92517708,0.016498997,0.015998997,0.01570648,추가OOS,,,,
2004-02-19,1.2346524,-0.00085505572,1,1,-0.0025621317,,-0.0051150895,0.0027746467,2,0,1,-0.0051150895,-0.0056150895,-0.0059150895,추가OOS,,,,
2004-03-31,1.1869791,-0.0055785981,1,1,0.00076863951,,0.0015276894,-0.0019791756,1.4522398,0.5477602,0.4522398,0.0011119121,0.00061191206,0.00036668808,추가OOS,,,,
2004-04-08,1.561212,-0.0023865124,1,1,0.0012327416,,0.0024615385,0.0042313117,1.3593713,0.64062866,0.35937134,0.001674336,0.001174336,0.00093839885,추가OOS,,,,
2004-04-20,1.3573773,-0.0043228023,1,1,0.012970816,,0.025819265,0.0086142009,1.5136454,0.48635463,0.51364537,0.019570362,0.019070362,0.018818998,추가OOS,,,,
2004-05-11,1.341484,-0.0076394547,1,1,0.0029006526,,0.0058181818,-0.0011667477,0.99408131,0.99408131,0,0.0028834846,0.0023864439,0.0021876277,추가OOS,,,,
2004-05-12,1.2317734,-0.0032746813,1,1,0.017546362,,0.034623505,0.018634137,0.99546005,0.99546005,0,0.017466703,0.016968973,0.016769881,추가OOS,,,,
2004-05-19,1.4480474,-0.0028280408,1,1,0.040109389,,0.079350766,0.035714286,0.76805099,0.76805099,0,0.030806056,0.030422031,0.030268421,추가OOS,,,,
2004-05-21,3.0222004,-0.013714636,1,1,0.012691854,,0.025029104,0.0070998915,0.69809439,0.69809439,0,0.0088601118,0.0085110646,0.0083714457,추가OOS,,,,
2004-05-24,1.5546822,-0.0068361776,1,1,-0.00086231676,,-0.0017011625,0.0025140205,0.67140733,0.67140733,0,-0.00057896579,-0.00091466946,-0.0010489509,추가OOS,,,,
2004-05-27,1.5970159,-0.012806869,1,1,0.014219385,,0.027880512,-0.0001921045,0.66910989,0.66910989,0,0.009514331,0.0091797761,0.0090459541,추가OOS,,,,
2004-06-15,3.7116986,-0.0083685376,1,1,0.014701282,,0.02921069,0.0061336937,0.67136231,0.67136231,0,0.0098698869,0.0095342058,0.0093999333,추가OOS,,,,
2004-07-09,1.5569662,-0.00096112113,1,1,0.0020123839,,0.0040247678,0.0042663892,0.98451884,0.98451884,0,0.0019812299,0.0014889704,0.0012920667,추가OOS,,,,
2004-07-13,1.3142236,-0.0083983962,1,1,0.0047751078,,0.0095121203,-0.0029774127,1.1456583,0.85434175,0.14565825,0.0054650928,0.0049650928,0.004750527,추가OOS,,,,
2004-07-21,2.1390395,-0.0063246936,1,1,0.0047751078,,0.0094253573,0.0036023055,1.1453809,0.8546191,0.1453809,0.0054511653,0.0049511653,0.0047366272,추가OOS,,,,
2004-08-03,1.1515873,-0.0052107375,1,1,-0.0011104061,,-0.0022071575,-0.0005304477,1.3415895,0.65841052,0.34158948,-0.0014850448,-0.0019850448,-0.0022192038,추가OOS,,,,
2004-08-24,1.0840045,-0.0024919172,1,1,0.0008813161,,0.0017579842,0.00059148265,1.587852,0.41214798,0.58785202,0.0013966672,0.0008966672,0.000637882,추가OOS,,,,
2004-09-21,1.2394879,-0.0039921125,1,1,0.0028252388,,0.0056428859,-0.0027095376,2,0,1,0.0056428859,0.0051428859,0.0048428859,추가OOS,,,,
2004-10-13,1.3859016,-0.0021254532,1,1,-0.0067006165,,-0.013312034,-0.007282208,1.2218807,0.77811927,0.22188073,-0.0081675626,-0.0086675626,-0.0088897507,추가OOS,,,,
2004-10-19,1.6806856,-0.0044526737,1,1,0.0005399568,,0.0010688043,-0.0057720058,1.2831112,0.71688883,0.28311117,0.00068967943,0.00018967943,-3.8631689e-05,추가OOS,,,,
2004-10-28,1.5668465,-0.0040146531,1,1,0.016837379,,0.033071517,0.0089879225,1.1610962,0.83890376,0.16109624,0.019452638,0.018952638,0.018736528,추가OOS,,,,
2004-11-12,1.5893145,-0.0022308708,1,1,0.0035428421,,0.0069803516,0.0017666284,1.2397713,0.76022873,0.23977127,0.0043670582,0.0038670582,0.003643081,추가OOS,,,,
2004-11-17,2.0922546,-0.0057180797,1,1,0.0099320439,,0.019799401,0.0042937259,1.2055647,0.7944353,0.2055647,0.011960424,0.011460424,0.011239868,추가OOS,,,,
2005-02-21,1.1936394,-0.0016046887,1,1,-0.0044525631,,-0.0088545805,-0.0027250078,2,0,1,-0.0088545805,-0.0093545805,-0.0096545805,추가OOS,,,,
2005-05-27,1.0898761,-0.0025070208,1,1,0.009357972,,0.01855767,0.006990165,1.97626,0.023739976,0.97626002,0.018339269,0.017839269,0.017541643,추가OOS,,,,
2005-07-14,1.216618,-0.0041519288,1,1,0.012381568,,0.024686058,0.0065397898,2,0,1,0.024686058,0.024186058,0.023886058,추가OOS,,,,
2005-07-28,1.0659106,-0.0028225712,1,1,0.0065035615,,0.012940331,0.0036655858,2,0,1,0.012940331,0.012440331,0.012140331,추가OOS,,,,
2005-08-01,1.8263629,-0.002641947,1,1,0.0024467326,,0.0048934652,0.0020185147,2,0,1,0.0048934652,0.0043934652,0.0040934652,추가OOS,,,,
2005-08-22,1.20595,-0.0099390572,1,1,0.028973424,,0.057946847,0.02063896,1.8927393,0.10726069,0.89273931,0.054839138,0.054339138,0.054049864,추가OOS,,,,
2005-08-30,1.5504942,-0.002244739,1,1,0.0029560811,,0.005866946,-0.0017994674,1.4869707,0.51302928,0.48697072,0.0043735871,0.0038735871,0.00362489,추가OOS,,,,
2005-09-06,1.2355008,-0.0034684347,1,1,0.0054644809,,0.010901383,0.0024161259,1.4102798,0.58972023,0.41027977,0.0076951318,0.0071951318,0.0069541038,추가OOS,,,,
2005-09-08,1.632263,-0.0024981728,1,1,-0.0056929721,,-0.011286242,-0.005761372,1.3654184,0.63458157,0.36541843,-0.0077368562,-0.0082368562,-0.008473398,추가OOS,,,,
2005-09-20,3.3195071,-0.0058250207,1,1,0.0059755288,,0.011833208,-0.0018712092,1.5818555,0.41814455,0.58185545,0.0093838514,0.0088838514,0.0086256659,추가OOS,,,,
2005-09-26,1.0378818,-0.0017866772,1,1,0.024294596,,0.048380952,0.020822454,1.7132836,0.2867164,0.7132836,0.041474999,0.040974999,0.040703671,추가OOS,,,,
2005-10-05,1.4942571,-0.0022210419,1,1,-0.011411357,,-0.02293578,-0.013908813,1.8018451,0.19815493,0.80184507,-0.020652158,-0.021152158,-0.021432343,추가OOS,,,,
2005-10-10,1.1489617,-0.007589306,1,1,0.022026848,,0.043896006,0.013876397,1.5470068,0.45299324,0.54700676,0.033989425,0.033489425,0.033234725,추가OOS,,,,
2005-10-14,1.9209807,-0.0022956578,1,1,-0.010257384,,-0.020440996,-0.010319984,1.2189386,0.78106135,0.21893865,-0.01248697,-0.01298697,-0.013208864,추가OOS,,,,
2005-11-02,1.8511078,-0.0039056019,1,1,0.01894336,,0.03785429,0.011703511,1.1277383,0.87226166,0.12773834,0.021359011,0.020859011,0.020646237,추가OOS,,,,
2005-12-19,1.4012529,-0.0023989225,1,1,0.011970928,,0.023956194,0.010819074,1.7765106,0.22348937,0.77651063,0.021277615,0.020777615,0.020499964,추가OOS,,,,
2006-01-24,1.6818408,-0.0018140983,1,1,0.014673822,,0.029222677,0.014168487,1.6235577,0.37644227,0.62355773,0.023745873,0.023245873,0.022983517,추가OOS,,,,
2006-01-25,2.2003511,-0.0034150385,1,1,0.0058273145,,0.011575772,-0.00023046785,1.4846195,0.51538051,0.48461949,0.0086131293,0.0081131293,0.0078646673,추가OOS,,,,
2006-01-26,1.6598562,-0.0025676804,1,1,0.00081479671,,0.0016272069,0.0014903984,1.4647665,0.53523355,0.46476645,0.0011923777,0.00069237771,0.00044590106,추가OOS,,,,
2006-01-27,1.4048229,-0.0046284079,1,1,0.020072551,,0.039754131,0.011036278,1.4580606,0.54193944,0.45806056,0.029087907,0.028587907,0.028342101,추가OOS,,,,
2006-02-02,1.6440698,-0.0043706766,1,1,-0.0025410943,,-0.0050632911,-0.008912656,1.3112789,0.68872114,0.31127886,-0.0033262008,-0.0038262008,-0.0040573287,추가OOS,,,,
2006-02-09,1.2605183,-0.0059342189,1,1,0.0032516258,,0.006446281,-0.0033236152,1.1900987,0.80990129,0.19009871,0.0038589257,0.0033589257,0.0031399158,추가OOS,,,,
2006-02-24,1.2596554,-0.0020314517,1,1,0.0010461935,,0.0020915453,0.0019817677,1.3730968,0.62690322,0.37309678,0.0014362109,0.00093621088,0.0006989012,추가OOS,,,,
2006-03-02,1.5788005,-0.0027982457,1,1,-0.0047923323,,-0.0095770152,-0.0081323612,1.5052177,0.49478232,0.50521768,-0.0072096387,-0.0077096387,-0.0079601604,추가OOS,,,,
2006-04-26,1.3953198,-0.0029306313,1,1,0.01740872,,0.034836224,0.013179838,2,0,1,0.034836224,0.034336224,0.034036224,추가OOS,,,,
2006-05-17,1.3344179,-0.0037382662,1,1,0.015092541,,0.030113321,0.010961496,1.5702486,0.42975143,0.57024857,0.023658119,0.023158119,0.022901095,추가OOS,,,,
2006-05-26,1.4682757,-0.0016557963,1,1,0.01005568,,0.019899679,0.004912568,1.2737726,0.72622744,0.27377256,0.012750697,0.012250697,0.01202332,추가OOS,,,,
2006-06-09,2.494197,-0.0049656369,1,1,0.0031236055,,0.0062056738,-0.0019384692,1.1342657,0.86573434,0.13426566,0.0035374214,0.0030374214,0.0028239949,추가OOS,,,,
2006-06-22,1.6280101,-0.0019432464,1,1,-0.00026560425,,-0.00052401747,-0.0058951288,1.0170334,0.98296665,0.017033353,-0.00027000589,-0.00077000589,-0.00097170923,추가OOS,,,,
2006-07-07,1.2124243,-0.0044846079,1,1,0.0069186197,,0.013784785,-0.00054614965,1.2341799,0.7658201,0.2341799,0.0085265377,0.0080265377,0.0078031197,추가OOS,,,,
2006-07-20,1.7429933,-0.0061368249,1,1,0.01530701,,0.030044384,0.0076899603,1.4907487,0.50925131,0.49074869,0.022539357,0.022039357,0.021790282,추가OOS,,,,
2006-08-14,1.4409619,-0.0024034671,1,1,0.0031129059,,0.0062237174,0.00047587889,1.4249177,0.57508235,0.42491765,0.0044347446,0.0039347446,0.0036922529,추가OOS,,,,
2006-09-07,1.2030338,-0.0042105251,1,1,0.003070459,,0.0061869098,-0.00034189982,2,0,1,0.0061869098,0.0056869098,0.0053869098,추가OOS,,,,
2006-10-13,1.0932527,-0.00092136271,1,1,-0.00024131274,,-0.00047797339,-0.00034191931,1.9275983,0.07240174,0.92759826,-0.00046083875,-0.00096083875,-0.0012535986,추가OOS,,,,
2006-11-02,1.2228979,-0.00014797571,1,1,0.0098529996,,0.019786182,0.0092352742,2,0,1,0.019786182,0.019286182,0.018986182,추가OOS,,,,
2007-01-12,1.266162,-0.0047195476,1,1,0.0080069079,,0.015912637,0.006453061,1.8354042,0.16459583,0.83540417,0.014611387,0.014111387,0.013827846,추가OOS,,,,
2007-01-29,1.3756803,-0.0027317111,1,1,-0.0066598762,,-0.013292673,-0.010711081,1.9476133,0.052386718,0.94761328,-0.012945203,-0.013445203,-0.013739964,추가OOS,,,,
2007-02-23,1.1963546,-0.002204231,1,1,0.0013925535,,0.0027838828,-0.0011029412,2,0,1,0.0027838828,0.0022838828,0.0019838828,추가OOS,,,,
2007-03-06,3.9972797,-0.012826303,1,1,0.027668296,,0.055767398,0.014384865,1.6049342,0.39506578,0.60493422,0.044666404,0.044166404,0.04390591,추가OOS,,,,
2007-03-12,1.0252238,-0.0053343818,1,1,0.0091645838,,0.018306982,0.0089875474,1.6297703,0.37022973,0.62977027,0.014922195,0.014422195,0.014159218,추가OOS,,,,
2007-03-29,1.0895134,-0.00085439615,1,1,0.020850583,,0.04178294,0.011439672,1.4925102,0.50748981,0.49251019,0.031159982,0.030659982,0.030410731,추가OOS,,,,
2007-04-09,1.0657074,-0.0022600512,1,1,0.0094797019,,0.018911506,0.0075363825,2,0,1,0.018911506,0.018411506,0.018111506,추가OOS,,,,
2007-04-20,1.2141796,-0.0014808904,1,1,0.010735869,,0.02143212,0.010088595,2,0,1,0.02143212,0.02093212,0.02063212,추가OOS,,,,
2007-05-02,2.8525341,-0.0032614461,1,1,0.002089573,,0.0041710115,0.00050060072,2,0,1,0.0041710115,0.0036710115,0.0033710115,추가OOS,,,,
2007-05-31,1.3098241,-0.0071758015,1,1,0.02179462,,0.043314256,0.0098441728,2,0,1,0.043314256,0.042814256,0.042514256,추가OOS,,,,
2007-06-01,1.8340144,-0.0025790646,1,1,0.0036491677,,0.0072945994,0.0033484703,2,0,1,0.0072945994,0.0067945994,0.0064945994,추가OOS,,,,
2007-06-04,1.8693687,-0.0045108404,1,1,0.0068458418,,0.013606299,0.0038906985,2,0,1,0.013606299,0.013106299,0.012806299,추가OOS,,,,
2007-06-21,1.963409,-0.00038622378,1,1,0.010063987,,0.020212102,0.0095723466,1.7688019,0.23119809,0.76880191,0.017865877,0.017365877,0.017088997,추가OOS,,,,
2007-06-26,1.2979139,-0.0007655356,1,1,-0.0051301301,,-0.010250641,-0.0066541622,1.6588281,0.34117193,0.65882807,-0.0085036662,-0.0090036662,-0.009269549,추가OOS,,,,
2007-07-23,1.7854287,-0.004303078,1,1,0.0099477604,,0.019994415,0.0064629378,1.4987226,0.50127745,0.49872255,0.014958254,0.014458254,0.014208381,추가OOS,,,,
2007-07-25,5.1186907,-0.011192132,1,1,0.019243567,,0.038803467,0.0031208027,1.6287486,0.37125138,0.62874862,0.031541827,0.031041827,0.030778952,추가OOS,,,,
2007-08-08,1.6829988,-0.0029396911,1,1,0.016314835,,0.032477737,0.012697207,1.0346116,0.9653884,0.034611605,0.016874259,0.016374259,0.016170798,추가OOS,,,,
2007-08-13,1.6130007,-0.0077951313,1,1,0.014928953,,0.029813218,0.0072785219,0.8923094,0.8923094,0,0.013321245,0.01287509,0.012696628,추가OOS,,,,
2007-08-20,4.9373636,-0.0039321195,1,1,0.021257523,,0.041362985,0.015248129,0.75659928,0.75659928,0,0.016083427,0.015705127,0.015553807,추가OOS,,,,
2007-08-23,3.4765687,-0.0044729601,1,1,0.003026268,,0.0059435364,0.00074421048,0.67452159,0.67452159,0,0.0020412831,0.0017040223,0.001569118,추가OOS,,,,
2007-08-28,2.1273554,-0.0023117472,1,1,0.016368688,,0.032747266,0.01427262,0.69653698,0.69653698,0,0.011401397,0.011053128,0.010913821,추가OOS,,,,
2007-09-06,1.7551423,-0.0045020223,1,1,0.016577822,,0.033427829,0.014479868,0.7398548,0.7398548,0,0.012265181,0.011895254,0.011747283,추가OOS,,,,
2007-09-11,1.1431745,-0.0064651526,1,1,0.010826245,,0.021701544,0.0029988861,0.78932556,0.78932556,0,0.0085454317,0.0081507689,0.0079929038,추가OOS,,,,
2007-09-19,1.4812223,-0.0077017839,1,1,0.016792562,,0.032861447,0.0065550499,1.3803619,0.61963814,0.38036186,0.022904553,0.022404553,0.022166517,추가OOS,,,,
2007-09-21,1.187108,-0.0037540521,1,1,0.007605215,,0.01521043,0.0042488244,1.2737816,0.72621836,0.27378164,0.0096873833,0.0091873833,0.0089600051,추가OOS,,,,
2007-09-27,2.0631787,-0.0033265396,1,1,0.0051155208,,0.010135323,0.0020682104,1.2876618,0.7123382,0.2876618,0.0065595262,0.0060595262,0.0058307601,추가OOS,,,,
2007-10-23,2.9436932,-0.0049557938,1,1,0.0099800399,,0.0197361,0.004100041,1.1417819,0.85821814,0.14178186,0.011363272,0.010863272,0.010649094,추가OOS,,,,
2007-10-25,4.2430439,-0.007087528,1,1,0.012213655,,0.024209293,0.0053743888,1.2543101,0.74568992,0.25431008,0.015264266,0.014764266,0.014538835,추가OOS,,,,
2007-10-26,1.0444157,-0.0038634567,1,1,0.02416264,,0.048274331,0.022804561,1.1918844,0.80811559,0.19188441,0.028789297,0.028289297,0.028070109,추가OOS,,,,
2007-11-06,1.4683544,-0.0038937657,1,1,0.022687609,,0.045407411,0.017744975,1.1463096,0.85369039,0.14630961,0.026011734,0.025511734,0.025297103,추가OOS,,,,
2007-11-08,1.6554257,-0.00055065958,1,1,-0.014374387,,-0.029163215,-0.017336269,1.1198869,0.88011308,0.11988692,-0.016147374,-0.016647374,-0.016859363,추가OOS,,,,
2007-11-09,2.4355801,-0.0087930412,1,1,0.0048037105,,0.009602649,-0.0024522406,1.0292218,0.97077824,0.029221762,0.0049439439,0.0044439439,0.0042410217,추가OOS,,,,
2007-11-13,1.9360728,-0.00078221172,1,1,0.0057220554,,0.011462294,0.0021293149,0.9683363,0.9683363,0,0.0055408739,0.0050567058,0.0048630385,추가OOS,,,,
2008-01-14,2.1351148,-0.0069573584,1,1,-0.00067097719,,-0.0013482044,-0.006642889,1.2878019,0.71219809,0.28780191,-0.00086588448,-0.0013658845,-0.0015946647,추가OOS,,,,
2008-01-17,3.2871473,-0.00087738362,1,1,0.0062920508,,0.012500774,0.0015102975,1.2835748,0.71642517,0.28357483,0.0080526883,0.0075526883,0.0073243308,추가OOS,,,,
2008-01-23,6.4880733,-0.0036024602,1,1,-0.0060143569,,-0.011766939,-0.013660162,1.1071655,0.89283446,0.10716554,-0.0066308354,-0.0071308354,-0.0073415519,추가OOS,,,,
2008-02-19,1.8900517,-0.008358482,1,1,0.0051884728,,0.010347837,0.0011920591,0.79097848,0.79097848,0,0.0041039704,0.0037084811,0.0035502854,추가OOS,,,,
2008-03-07,1.2928298,-0.0058531307,1,1,-0.0047399436,,-0.009644207,-0.010665288,1.1158171,0.88418294,0.11581706,-0.005307941,-0.005807941,-0.0060195227,추가OOS,,,,
2008-03-14,1.5404626,-7.7159868e-05,1,1,-0.02470826,,-0.048871696,-0.022999036,1.2989145,0.70108548,0.29891452,-0.031931062,-0.032431062,-0.032660953,추가OOS,,,,
2008-03-17,1.6420571,-0.00043247077,1,1,-0.015651239,,-0.03145673,-0.0083432658,1.2934122,0.70658782,0.29341218,-0.020288763,-0.020788763,-0.021018104,추가OOS,,,,
2008-03-18,2.281815,-0.0086334129,1,1,0.013241885,,0.026354913,0.0029822556,1.2758023,0.72419767,0.27580233,0.016858489,0.016358489,0.016130909,추가OOS,,,,
2008-03-31,1.1777773,-0.0032744348,1,1,0.0073276132,,0.014648804,-0.00018374753,1.2665573,0.73344266,0.26655734,0.0092791305,0.0087791305,0.0085524747,추가OOS,,,,
2008-07-16,2.0258491,-0.0039407449,1,1,-0.0057250576,,-0.011450115,-0.0076304393,1.3838923,0.61610769,0.38389231,-0.0079228632,-0.0084228632,-0.0086612524,추가OOS,,,,
2008-07-21,2.1297535,-0.0084426164,1,1,0.030343008,,0.060325787,0.021867975,1.4184202,0.58157981,0.41842019,0.042888408,0.042388408,0.042146566,추가OOS,,,,
2008-09-08,3.3917668,-0.0051119004,1,1,0.030642915,,0.060139558,0.02719801,1.6773561,0.32264389,0.67735611,0.050622646,0.050122646,0.049854911,추가OOS,,,,
2008-09-12,1.0493559,-0.0011842859,1,1,0.009167741,,0.018109791,0.0071599045,1.0758049,0.92419513,0.075804873,0.0098455919,0.0093455919,0.0091380115,추가OOS,,,,
2008-09-17,1.4239904,-0.00048235172,1,1,0.0024277202,,0.0047379756,0.0013639588,0.84948354,0.84948354,0,0.0020623083,0.0016375665,0.0014676698,추가OOS,,,,
2008-09-23,2.9627868,-0.003557467,1,1,0.024510158,,0.049619438,0.0221416,0.72008476,0.72008476,0,0.017649391,0.017289349,0.017145332,추가OOS,,,,
2008-09-24,1.405785,-0.002713542,1,1,0.015795438,,0.031707664,0.0098274961,0.7161866,0.7161866,0,0.011312481,0.010954388,0.010811151,추가OOS,,,,
2008-09-30,2.3811919,-0.0088854507,1,1,0.047238704,,0.1003231,0.043502572,0.70968703,0.70968703,0,0.033524695,0.033169852,0.033027914,추가OOS,,,,
2008-10-02,1.2734745,-0.0015260984,1,1,-0.021128799,,-0.042035557,-0.021896247,0.74474037,0.74474037,0,-0.015735469,-0.01610784,-0.016256788,추가OOS,,,,
2008-10-10,1.7560874,-0.0030754665,1,1,-0.0036611749,,-0.0076256499,-0.0031986221,0.71342547,0.71342547,0,-0.0026119754,-0.0029686882,-0.0031113733,추가OOS,,,,
2008-10-13,4.2757777,-0.012464142,1,1,0.018154933,,0.035725833,0.010167248,0.68846431,0.68846431,0,0.012499024,0.012154791,0.012017098,추가OOS,,,,
2008-10-27,2.7218741,-0.040558408,1,1,0.033755274,,0.069029851,0.019345961,0.45669213,0.45669213,0,0.015415768,0.015187422,0.015096084,추가OOS,,,,
2008-10-30,9.171009,-0.0027818594,1,1,0.074336283,,0.13950913,0.04568822,0.416277,0.416277,0,0.030944485,0.030736347,0.030653091,추가OOS,,,,
2008-11-21,2.2245146,-0.0090664573,1,1,0.091051805,,0.18718303,0.077899596,0.38568827,0.38568827,0,0.035117613,0.034924769,0.034847632,추가OOS,,,,
2008-11-25,1.4114201,-0.0069875384,1,1,-0.016176922,,-0.031038208,-0.03279184,0.41425864,0.41425864,0,-0.0067014298,-0.0069085591,-0.0069914109,추가OOS,,,,
2008-12-05,2.6955119,-0.0061887995,1,1,0.013035951,,0.025934556,0.010379842,0.58660118,0.58660118,0,0.007646904,0.0073536035,0.0072362832,추가OOS,,,,
2008-12-10,1.7937546,-0.0085889021,1,1,0.034848062,,0.069547478,0.031620012,0.5237974,0.5237974,0,0.018253324,0.017991426,0.017886666,추가OOS,,,,
2008-12-15,2.6735774,-0.0045158291,1,1,0.021137026,,0.041321578,0.015695218,0.49497848,0.49497848,0,0.010462373,0.010214884,0.010115888,추가OOS,,,,
2008-12-18,1.6332824,-0.0070254667,1,1,-0.00044029588,,-0.00087260035,-0.0084120616,0.5029051,0.5029051,0,-0.00022142704,-0.0004728796,-0.00057346062,추가OOS,,,,
2008-12-19,1.022641,-0.00024215336,1,1,0.0046749581,,0.0093614766,0.0058090203,0.56732863,0.56732863,0,0.0026522376,0.0023685733,0.0022551075,추가OOS,,,,
2009-01-28,1.6440041,-0.008751269,1,1,0.041620728,,0.081548155,0.034166381,0.80225811,0.80225811,0,0.033390566,0.032989437,0.032828986,추가OOS,,,,
2009-02-26,1.4541464,-0.003358375,1,1,-0.014146435,,-0.028115502,-0.021641311,0.89194575,0.89194575,0,-0.012617852,-0.013063825,-0.013242214,추가OOS,,,,
2009-03-09,1.1350795,-0.0031826349,1,1,0.0079221151,,0.015703339,0.0027934962,0.90560643,0.90560643,0,0.0071743184,0.0067215152,0.0065403939,추가OOS,,,,
2009-03-17,1.4879963,-0.0027660497,1,1,0.024270106,,0.048075217,0.020727126,0.81022289,0.81022289,0,0.019664195,0.019259084,0.019097039,추가OOS,,,,
2009-03-23,1.6579334,-0.005218878,1,1,0.020624837,,0.041099454,0.017763029,0.91874615,0.91874615,0,0.018948989,0.018489616,0.018305867,추가OOS,,,,
2009-03-30,1.1166999,-0.0042679369,1,1,-0.033104361,,-0.066230648,-0.034962011,1.0651094,0.93489061,0.065109394,-0.035261194,-0.035761194,-0.035967705,추가OOS,,,,
2009-03-31,2.3213097,-0.0037727629,1,1,0.0044277929,,0.0088098263,-0.0019070625,1.1262406,0.87375943,0.12624057,0.0049809833,0.0044809833,0.0042683593,추가OOS,,,,
2009-04-16,1.0301322,-0.0048984209,1,1,-0.01080497,,-0.021300875,-0.014518536,0.997752,0.997752,0,-0.010780681,-0.011279557,-0.011479107,추가OOS,,,,
2009-04-23,1.1199635,-0.0049364755,1,1,0.0079443893,,0.015851242,0.0014782806,1.0479506,0.95204944,0.047950564,0.0083235273,0.0078235273,0.0076187323,추가OOS,,,,
2009-10-14,1.0314256,-0.0043693983,1,1,0.0089905754,,0.017880264,0.0035325834,1.5374879,0.46251215,0.53748785,0.013768675,0.013268675,0.013014926,추가OOS,,,,
2010-02-22,2.3820522,-0.0035384623,1,1,0.010742673,0.015484515,0.021249156,0.006417516,1.2950869,0.70491309,0.29508691,0.012141928,0.011641928,0.01141242,설계,,,,
2010-03-02,1.1711254,-0.0043856765,1,1,0.0060553093,0.011669203,0.011976048,0.0021328025,1.3148766,0.6851234,0.3148766,0.0078229932,0.0073229932,0.0070915056,설계,,,,
2010-03-08,1.0240178,-0.00097704617,1,1,0.0075844912,0.014832536,0.015042118,0.0043359934,1.3931187,0.60688128,0.39311872,0.010433833,0.0099338333,0.0096945214,설계,,,,
2010-05-10,3.5888563,-0.00040382408,1,1,0.010793112,0.025390625,0.021419976,0.010329245,1.6963591,0.30364089,0.69635911,0.020958223,0.020458223,0.020188587,설계,,,,
2010-05-12,1.4301385,-0.0010659127,1,1,-0.0067933149,-0.012924844,-0.013536987,-0.0095037924,1.5742519,0.42574811,0.57425189,-0.010314357,-0.010814357,-0.011071783,설계,,,,
2010-05-24,1.4271586,-0.00039185195,1,1,0.014808252,0.025,0.02985265,0.013349398,1.5463799,0.4536201,0.5463799,0.020376818,0.019876818,0.01962218,설계,,,,
2010-05-26,1.9478518,-0.0052602814,1,1,-0.00025477707,0.0010822511,-0.00050655354,-0.0015945881,1.4100297,0.58997029,0.41002971,0.00029344419,-0.00020655581,-0.00044755878,설계,,,,
2010-05-31,1.6111071,-0.0024680729,1,1,0.012837209,0.022610483,0.025687163,0.0089911971,1.310315,0.68968496,0.31031504,0.015870003,0.015370003,0.015138972,설계,,,,
2010-06-10,1.0973837,-0.0018615719,1,1,0.0013377926,0.0079051383,0.0026684456,-0.00041701418,1.3753079,0.62469212,0.37530788,0.0038025692,0.0033025692,0.0030650384,설계,,,,
2010-06-21,1.8306724,-0.0023484447,1,1,0.0058122639,0.017567568,0.011534025,0.0071659221,1.5768189,0.42318113,0.57681887,0.012592945,0.012092945,0.011835263,설계,,,,
2010-08-02,1.2913476,-0.0024826149,1,1,0.011399259,0.018655098,0.022723399,0.0060653323,2,0,1,0.018655098,0.018155098,0.017855098,설계,,,,
2010-08-04,1.0431543,-0.0024351864,1,1,-0.0013474062,-0.0084210526,-0.0026936027,-0.0040157211,2,0,1,-0.0084210526,-0.0089210526,-0.0092210526,설계,,,,
2010-08-13,1.5580856,-0.00031076622,1,1,0.0081566069,0.014618547,0.016260163,0.0083955224,2,0,1,0.014618547,0.014118547,0.013818547,설계,,,,
2010-09-17,1.4100258,-0.0050679338,1,1,0.0056672964,0.011647255,0.011311966,0.0025312184,2,0,1,0.011647255,0.011147255,0.010847255,설계,,,,
2010-11-15,1.9371322,-0.0061437457,1,1,0.0039124458,0.0060675009,0.0078418905,-0.00048127055,1.6742166,0.32578337,0.67421663,0.0053654198,0.0048654198,0.0045979982,설계,,,,
2010-11-18,1.217861,-0.0049233778,1,1,0.014094955,0.027459954,0.028130288,0.0089587016,1.8265541,0.17344592,0.82655408,0.02514185,0.02464185,0.024359194,설계,,,,
2010-11-29,1.1935342,-0.00083427028,1,1,-0.0039388688,-0.0026505112,-0.0078777375,-0.0040012804,1.8331721,0.16682787,0.83317213,-0.0028654451,-0.0033654451,-0.0036487623,설계,,,,
2010-12-21,1.0125268,-0.00080567796,1,1,0.0054711543,0.0104541,0.010906081,0.00066882176,2,0,1,0.0104541,0.0099541,0.0096541,설계,,,,
2011-02-07,1.2083033,-0.0028370903,1,1,-0.0079985032,-0.013661202,-0.015818686,-0.010296659,2,0,1,-0.013661202,-0.014161202,-0.014461202,설계,,,,
2011-02-14,1.930751,-0.00013483498,1,1,0.0098400984,0.016437437,0.01948653,0.0096018824,1.8931971,0.1068029,0.8931971,0.015732822,0.015232822,0.014943502,설계,,,,
2011-02-18,1.0808914,-0.0044043958,1,1,0.014381734,0.025389303,0.02871805,0.010531118,1.6974921,0.30250787,0.69749213,0.022059426,0.021559426,0.021289677,설계,,,,
2011-03-03,1.3558402,-0.0031214954,1,1,0.015393933,0.032384342,0.03066097,0.014251227,1.7236049,0.27639513,0.72360487,0.027688276,0.027188276,0.026915915,설계,,,,
2011-03-08,1.211724,-0.0056038162,1,1,0.011865753,0.019210978,0.023756275,0.0055752854,1.4407251,0.55927491,0.44072509,0.015102978,0.014602978,0.014358905,설계,,,,
2011-03-16,4.7710536,-0.0054246023,1,1,0.011361351,0.015199717,0.02247191,0.0038693701,1.4576421,0.54235786,0.45764214,0.013117949,0.012617949,0.012372185,설계,,,,
2011-03-25,1.3021945,-0.002024877,1,1,0.0022874571,0.0057324841,0.0045385779,-0.00091942187,1.4510524,0.54894764,0.45105236,0.0038413446,0.0033413446,0.0030962394,설계,,,,
2011-04-13,1.0345775,-0.00091753164,1,1,0.016949153,0.032078964,0.033898305,0.015117541,2,0,1,0.032078964,0.031578964,0.031278964,설계,,,,
2011-04-20,1.7713599,-0.0051746496,1,1,0.016441493,0.034003548,0.032627465,0.012551564,2,0,1,0.034003548,0.033503548,0.033203548,설계,,,,
2011-05-11,1.0109586,-0.006462236,1,1,0.006054812,0.0078763127,0.012040013,0.0022404257,1.6921888,0.30781122,0.69218878,0.0073156344,0.0068156344,0.0065464155,설계,,,,
2011-05-25,1.4818134,-0.0013402865,1,1,-0.015589569,-0.029598982,-0.031047135,-0.017914595,1.5384437,0.4615563,0.5384437,-0.023132849,-0.023632849,-0.023886693,설계,,,,
2011-05-26,2.4526671,-0.0021016678,1,1,0.020475059,0.039626289,0.040541812,0.015956469,1.5494477,0.45055228,0.54944772,0.030997659,0.030497659,0.030242714,설계,,,,
2011-05-31,1.0630319,-0.0048099405,1,1,0.025370768,0.044780729,0.050727341,0.018111115,1.325495,0.67450502,0.32549498,0.031688613,0.031188613,0.030956063,설계,,,,
2011-06-21,1.794367,-0.0019063819,1,1,0.0065665588,0.017402945,0.013019338,0.005163318,1.4041598,0.5958402,0.4041598,0.010946191,0.010446191,0.010205775,설계,,,,
2011-06-24,1.219341,-0.0025516496,1,1,0.015658567,0.033986928,0.031195016,0.014122518,1.4874567,0.51254329,0.48745671,0.02459285,0.02409285,0.023844104,설계,,,,
2011-06-28,1.3193276,-0.0045996168,1,1,-0.0093003494,-0.023181963,-0.018456926,-0.014433065,1.5972078,0.40279221,0.59720779,-0.017590557,-0.018090557,-0.018350278,설계,,,,
2011-06-29,2.5742874,-0.004275726,1,1,0.0017401119,0.0015762926,0.0034353094,-0.0026150438,1.5970747,0.40292532,0.59707468,0.0016422995,0.0011422995,0.00088259207,설계,,,,
2011-07-20,1.2241541,-0.0018037075,1,1,0.0046032038,0.0048632219,0.0090987671,-0.00046339203,1.8271297,0.17287026,0.82712974,0.0048182725,0.0043182725,0.0040355595,설계,,,,
2011-07-26,1.9307606,-0.0046904278,1,1,0.0058355925,0.013365735,0.011665289,0.0024880927,1.8600087,0.13999134,0.86000866,0.01231158,0.01181158,0.01152558,설계,,,,
2011-08-01,3.6984452,-0.0032916398,1,1,0.0076325348,0.021120294,0.015086795,0.0053407392,1.9138323,0.086167734,0.91383227,0.019958084,0.019458084,0.019166701,설계,,,,
2011-08-16,3.3191211,-0.0034104926,1,1,0.018602121,0.05061082,0.036228814,0.017516592,1.0893075,0.91069252,0.08930748,0.021460738,0.020960738,0.020751807,설계,,,,
2011-08-22,3.2185445,-0.0037705581,1,1,-0.01817133,-0.031691858,-0.036342659,-0.024352239,0.74923961,0.74923961,0,-0.01361468,-0.0139893,-0.014139148,설계,,,,
2011-08-23,2.6273699,-0.0040593917,1,1,0.029502653,0.054428501,0.058558037,0.026180837,0.76632634,0.76632634,0,0.02260866,0.022225497,0.022072232,설계,,,,
2011-08-25,2.6845348,-0.0018026712,1,1,-0.013349787,-0.024186047,-0.026159596,-0.014242293,0.69843556,0.69843556,0,-0.0093239659,-0.0096731837,-0.0098128708,설계,,,,
2011-08-29,1.2605766,-0.00087892147,1,1,0.012151814,0.028194634,0.023929196,0.012800687,0.68510187,0.68510187,0,0.0083252308,0.0079826799,0.0078456595,설계,,,,
2011-09-15,3.3172334,-0.0043659602,1,1,-0.0079373952,-0.01394052,-0.015541206,-0.013252752,0.63638082,0.63638082,0,-0.005051206,-0.0053693965,-0.0054966726,설계,,,,
2011-09-16,2.6792608,-0.0055837385,1,1,0.016499283,0.035649819,0.032331315,0.010896399,0.69069903,0.69069903,0,0.011396038,0.011050689,0.010912549,설계,,,,
2011-09-26,1.6186465,-0.0059780895,1,1,-0.030232287,-0.064646465,-0.059967585,-0.03457291,0.70466183,0.70466183,0,-0.021303538,-0.021655869,-0.021796802,설계,,,,
2011-09-27,2.643861,-0.0044058809,1,1,0.022964997,0.041836735,0.044633731,0.018351941,0.69862273,0.69862273,0,0.016043869,0.015694558,0.015554833,설계,,,,
2011-09-29,1.1585921,-0.0018112609,1,1,0.033892403,0.074338086,0.068124818,0.035324255,0.65706916,0.65706916,0,0.022269653,0.021941118,0.021809705,설계,,,,
2011-10-06,2.6841672,-0.0017470291,1,1,0.0029478065,0.0035175879,0.0057614099,-0.00022322425,0.62211549,0.62211549,0,0.0018338761,0.0015228183,0.0013983952,설계,,,,
2011-10-21,1.5948407,-0.0012708682,1,1,0.0042232931,0.0066430469,0.0083435845,0.0041417395,0.70753879,0.70753879,0,0.0029881437,0.0026343743,0.0024928665,설계,,,,
2011-11-01,1.0283822,-0.00025610915,1,1,0.0086929363,0.023150062,0.017600253,0.0097369803,1.0014508,0.99854924,0.001450756,0.0087139101,0.0082139101,0.008013765,설계,,,,
2011-11-04,1.4403574,-0.0062509738,1,1,0.015482128,0.029050736,0.030434561,0.010168135,1.2507001,0.7492999,0.2507001,0.018883779,0.018383779,0.018158709,설계,,,,
2011-11-28,2.7179196,-0.0023475678,1,1,0.0096180269,0.025700935,0.018983566,0.0063805351,0.95760495,0.95760495,0,0.0092102702,0.0087314677,0.0085399467,설계,,,,
2011-12-20,2.3093112,-0.0047861281,1,1,0.0047075764,0.0090390105,0.0093917463,0.00017109372,0.97865502,0.97865502,0,0.0046070933,0.0041177658,0.0039220348,설계,,,,
2012-01-03,1.5738247,-0.0021287225,1,1,0.022125768,0.043345009,0.043854587,0.01763537,1.2145573,0.78544267,0.21455733,0.026678511,0.026178511,0.025957055,설계,,,,
2012-01-17,1.4335063,-0.0024283435,1,1,0.011276242,0.019831224,0.022356153,0.0082183978,1.2485509,0.75144913,0.24855087,0.01340259,0.01290259,0.012677735,설계,,,,
2012-02-13,1.0699349,-0.0025094959,1,1,0.004203529,0.010463378,0.0083963876,0.0023270008,1.9687165,0.031283519,0.96871648,0.010267548,0.0097675481,0.0094706764,설계,,,,
2012-04-10,1.3779572,-0.0010755858,1,1,-0.0019185572,-0.0047358834,-0.0038361945,-0.0041278895,2,0,1,-0.0047358834,-0.0052358834,-0.0055358834,설계,,,,
2012-05-21,2.2888488,-0.0043090354,1,1,0.0035381151,0.010180472,0.0070265091,4.1909392e-05,1.5617059,0.43829409,0.56170591,0.0072691662,0.0067691662,0.0065129956,설계,,,,
2012-06-05,1.2351997,-0.0016342976,1,1,0.0047621596,0.013413506,0.0094741324,0.0010480423,1.2902555,0.70974452,0.29025548,0.0072732603,0.0067732603,0.0065442347,설계,,,,
2012-06-11,1.1706368,-0.00030160099,1,1,0.0025205761,0.0081475129,0.0049700781,0.0040436717,1.1587896,0.84121036,0.15878964,0.0034140754,0.0029140754,0.0026981965,설계,,,,
2012-06-18,1.6048619,-0.0033768747,1,1,0.0024398922,0.0058430718,0.0048052858,-0.00023863501,1.2498975,0.75010246,0.24989754,0.0032903384,0.0027903384,0.0025653487,설계,,,,
2012-07-19,1.4048062,-0.0028132618,1,1,0.0038895993,0.011568718,0.0076947402,0.0014577867,1.5855022,0.41449776,0.58550224,0.0083857406,0.0078857406,0.0076271904,설계,,,,
2012-09-14,1.9047995,-0.0034773317,1,1,0.011260603,0.016666667,0.022086242,0.0071444858,1.8155006,0.18449941,0.81550059,0.015669251,0.015169251,0.014887701,설계,,,,
2012-10-29,1.1698759,-0.0016985149,1,1,-0.0016476161,-0.0035072337,-0.0032813782,-0.0039815001,2,0,1,-0.0035072337,-0.0040072337,-0.0043072337,설계,,,,
2012-10-31,1.3676009,-0.00074061883,1,1,0.0012258032,-0.0017241379,0.0024337068,-0.0009583899,2,0,1,-0.0017241379,-0.0022241379,-0.0025241379,설계,,,,
2012-11-27,1.2279948,-0.00056418115,1,1,0.0061390157,0.012382579,0.012232107,0.0058347226,2,0,1,0.012382579,0.011882579,0.011582579,설계,,,,
2012-12-24,1.9409894,-0.00020069515,1,1,0.0019011407,0.0067460317,0.0037954357,-0.0010671138,2,0,1,0.0067460317,0.0062460317,0.0059460317,설계,,,,
2013-03-19,2.0941859,-0.00094650083,1,1,0.00039123631,0,0.0007797651,0.00038507451,2,0,1,0,-0.0005,-0.0008,설계,,,,
2013-03-22,1.1521069,-3.9693791e-05,1,1,-0.002283445,-0.0041649313,-0.0045659834,-0.0010954188,2,0,1,-0.0041649313,-0.0046649313,-0.0049649313,설계,,,,
2013-03-25,1.3449759,-0.0026217211,1,1,0.0082856579,0.018945634,0.016427908,0.0054225734,2,0,1,0.018945634,0.018445634,0.018145634,설계,,,,
2013-03-29,1.0708284,-0.0019583248,1,1,0.00014463408,0.00039261877,0.00028815676,-0.0018569047,2,0,1,0.00039261877,-0.00010738123,-0.00040738123,설계,,,,
2013-04-10,1.0768502,-0.00056066884,1,1,0.00035,0.0025456088,0.00069579047,-0.00023584906,2,0,1,0.0025456088,0.0020456088,0.0017456088,설계,,,,
2013-04-18,1.3887717,-0.003326427,1,1,-0.0064128664,-0.012741652,-0.01291844,-0.010776292,2,0,1,-0.012741652,-0.013241652,-0.013541652,설계,,,,
2013-05-21,1.5716584,-0.0024545872,1,1,-0.0046019779,-0.0085889571,-0.0091667073,-0.0081825516,2,0,1,-0.0085889571,-0.0090889571,-0.0093889571,설계,,,,
2013-05-22,1.057927,-0.00080957191,1,1,0.0021065008,0.0053169734,0.0041963502,0.0018867925,2,0,1,0.0053169734,0.0048169734,0.0045169734,설계,,,,
2013-05-24,1.7484152,-0.0020506111,1,1,-0.0020243914,-0.0062189055,-0.0040340434,-0.0031379537,2,0,1,-0.0062189055,-0.0067189055,-0.0070189055,설계,,,,
2013-06-26,1.2186782,-0.001261987,1,1,-0.011610873,-0.020294267,-0.023023131,-0.011696406,2,0,1,-0.020294267,-0.020794267,-0.021094267,설계,,,,
2013-06-27,2.3715209,-0.0025847784,1,1,0.017065771,0.033872599,0.033691641,0.01471151,2,0,1,0.033872599,0.033372599,0.033072599,설계,,,,
2013-07-23,1.0994827,-0.0033439243,1,1,0.011479858,0.021126761,0.022901161,0.0082168261,1.4888527,0.51114734,0.48885266,0.016195772,0.015695772,0.015446887,설계,,,,
2013-08-08,1.3592579,-0.001961485,1,1,0.00099523336,0,0.0019880716,-0.00053383706,1.8477409,0.15225906,0.84774094,0.0001515333,-0.0003484667,-0.0006332408,설계,,,,
2013-08-13,1.501759,-0.0031226989,1,1,0.01255797,0.025352113,0.025068914,0.012730537,2,0,1,0.025352113,0.024852113,0.024552113,설계,,,,
2013-09-03,1.297769,-5.8489706e-05,1,1,-0.0010586812,-0.0026420079,-0.0021066359,-0.0015053678,2,0,1,-0.0026420079,-0.0031420079,-0.0034420079,설계,,,,
2013-09-09,1.1831445,-0.00011238983,1,1,0.0050096721,0.0093936806,0.0099807303,0.0063942608,2,0,1,0.0093936806,0.0088936806,0.0085936806,설계,,,,
2013-09-16,2.1367123,-0.0001814742,1,1,0.0017903803,0.0024370431,0.0035484799,0.0017463933,2,0,1,0.0024370431,0.0019370431,0.0016370431,설계,,,,
2013-10-01,1.0537521,-0.001917793,1,1,0.0027781839,0.0074565037,0.0055634181,0.0015320974,2,0,1,0.0074565037,0.0069565037,0.0066565037,설계,,,,
2013-10-04,1.808674,-0.0036910948,1,1,-0.0015067561,-0.0016440608,-0.0030138052,-0.0018683037,2,0,1,-0.0016440608,-0.0021440608,-0.0024440608,설계,,,,
2013-10-15,1.4349703,-0.00040965825,1,1,0.0034700765,0.0035335689,0.0069076457,0.0042931273,2,0,1,0.0035335689,0.0030335689,0.0027335689,설계,,,,
2013-11-01,1.6203486,-0.0027069375,1,1,0.0027095118,0.00039339103,0.0054190236,0.0021263896,2,0,1,0.00039339103,-0.00010660897,-0.00040660897,설계,,,,
2013-11-14,1.4984572,-0.0021918074,1,1,-0.0027901513,-0.0042105263,-0.0055372061,-0.0080221088,2,0,1,-0.0042105263,-0.0047105263,-0.0050105263,설계,,,,
2013-11-15,1.444227,-0.0014662785,1,1,0.01454581,0.028882378,0.02892923,0.014281327,2,0,1,0.028882378,0.028382378,0.028082378,설계,,,,
2013-11-25,1.3354964,-0.0030390848,1,1,0.0032163602,0.0076985413,0.0064041292,-0.0024073726,1.8579923,0.14200767,0.85799233,0.0070620372,0.0065620372,0.006276238,설계,,,,
2013-11-28,1.287947,-0.0012333552,1,1,0.003356974,0.0070810386,0.0066842403,0.0033482143,1.878146,0.12185401,0.87814599,0.0066272464,0.0061272464,0.0058394318,설계,,,,
2013-12-05,1.1743257,-0.0028249071,1,1,-0.0030578071,-0.0087136929,-0.0061090909,-0.0053333333,1.8781047,0.1218953,0.8781047,-0.0080242671,-0.0085242671,-0.0088120775,설계,,,,
2013-12-17,1.5966931,-0.00080976331,1,1,-0.004053922,-0.0059121622,-0.0080410773,-0.0059553541,2,0,1,-0.0059121622,-0.0064121622,-0.0067121622,설계,,,,
2013-12-18,1.2923632,-0.0011950968,1,1,0.0047024247,0.013593883,0.009393806,0.001386642,2,0,1,0.013593883,0.013093883,0.012793883,설계,,,,
2013-12-19,1.0176101,-0.0007687424,1,1,-0.011483715,-0.025061627,-0.0227327,-0.01124791,2,0,1,-0.025061627,-0.025561627,-0.025861627,설계,,,,
2014-01-13,1.0780146,-0.0023465972,1,1,0.0035779953,0.0065789474,0.0071347173,0.00098491116,2,0,1,0.0065789474,0.0060789474,0.0057789474,설계,,,,
2014-02-06,1.2370533,-0.00020240757,1,1,0.0045848192,0.01065308,0.0091389115,0.0066418273,2,0,1,0.01065308,0.01015308,0.0098530801,설계,,,,
2014-02-21,2.0326901,-0.003471514,1,1,0.0084213674,0.016400709,0.016723566,0.0062689745,2,0,1,0.016400709,0.015900709,0.015600709,설계,,,,
2014-03-26,1.4711568,-0.0013828395,1,1,0.0078560064,0.015084295,0.015614191,0.0060343128,2,0,1,0.015084295,0.014584295,0.014284295,설계,,,,
2014-04-24,1.2469862,-0.0025896381,1,1,-0.0028450188,-0.004178855,-0.0056782638,-0.0038536381,2,0,1,-0.004178855,-0.004678855,-0.004978855,설계,,,,
2014-05-07,2.1244156,-0.0038190607,1,1,-0.010136973,-0.022007042,-0.020265929,-0.013602783,2,0,1,-0.022007042,-0.022507042,-0.022807042,설계,,,,
2014-05-14,1.203315,-0.001883366,1,1,0.013248904,0.024327785,0.026513305,0.010784578,2,0,1,0.024327785,0.023827785,0.023527785,설계,,,,
2014-07-15,1.0905675,-0.00020577901,1,1,0.0075070683,0.012931034,0.014970351,0.0059103025,2,0,1,0.012931034,0.012431034,0.012131034,설계,,,,
2014-07-28,1.133729,-0.00068015478,1,1,0.0087937297,0.014090344,0.017578218,0.0066724798,2,0,1,0.014090344,0.013590344,0.013290344,설계,,,,
2014-08-01,1.3847355,-0.0006101711,1,1,0.0034743415,0.0072289157,0.0070042593,0.0020521622,2,0,1,0.0072289157,0.0067289157,0.0064289157,설계,,,,
2014-08-11,1.1520816,-0.0018942392,1,1,-0.0010980093,-0.0041425021,-0.0021813354,-0.0047998791,2,0,1,-0.0041425021,-0.0046425021,-0.0049425021,설계,,,,
2014-08-13,1.1422101,-0.00073168715,1,1,0.004294098,0.0066280033,0.0085738783,0.0067009919,2,0,1,0.0066280033,0.0061280033,0.0058280033,설계,,,,
2014-08-28,1.5361271,-0.0025462004,1,1,-0.0016544552,-0.0024499796,-0.0033004856,-0.0039290525,2,0,1,-0.0024499796,-0.0029499796,-0.0032499796,설계,,,,
2014-09-04,1.5671011,-0.0014434128,1,1,-0.0011016381,-0.0029350105,-0.0021935053,-0.0012522769,2,0,1,-0.0029350105,-0.0034350105,-0.0037350105,설계,,,,
2014-10-02,1.2347235,-0.0015356856,1,1,-0.0060590886,-0.011510129,-0.012193893,-0.0080526796,2,0,1,-0.011510129,-0.012010129,-0.012310129,설계,,,,
2014-10-07,2.5151382,-0.00053623588,1,1,-0.0026124089,-0.0069573284,-0.0052020808,-0.0038660821,2,0,1,-0.0069573284,-0.0074573284,-0.0077573284,설계,,,,
2014-10-14,4.3148451,-0.0011409866,1,1,-0.0034387189,-0.010617761,-0.0068615905,-0.0032617116,2,0,1,-0.010617761,-0.011117761,-0.011417761,설계,,,,
2014-10-20,1.1403753,-0.0036576201,1,1,0.0068757162,0.010967099,0.01365894,0.0063541839,2,0,1,0.010967099,0.010467099,0.010167099,설계,,,,
2014-11-10,2.1095708,-0.00058878299,1,1,0.0029300328,0.011831519,0.0058224163,0.0059399583,2,0,1,0.011831519,0.011331519,0.011031519,설계,,,,
2014-11-18,1.2283745,-0.0025676776,1,1,0.0079039368,0.016595543,0.015807874,0.0048105833,2,0,1,0.016595543,0.016095543,0.015795543,설계,,,,
2014-11-21,1.0552888,-0.0015082312,1,1,0.0015133935,0.0018796992,0.0030214523,-0.0009594627,2,0,1,0.0018796992,0.0013796992,0.0010796992,설계,,,,
2014-11-24,2.3808688,-0.0033525163,1,1,0.0023507052,0.0046189376,0.0046684877,-0.00071281483,2,0,1,0.0046189376,0.0041189376,0.0038189376,설계,,,,
2014-11-26,1.1539474,-0.00053355137,1,1,-0.0028919027,-0.0050574713,-0.0057794828,-0.0023358011,2,0,1,-0.0050574713,-0.0055574713,-0.0058574713,설계,,,,
2014-11-27,2.1034325,-0.0034258933,1,1,-0.00034791252,-0.00091240876,-0.00069163126,-0.0032660449,2,0,1,-0.00091240876,-0.0014124088,-0.0017124088,설계,,,,
2015-02-02,1.8626617,-0.0012493467,1,1,0.0027417747,0.0074384007,0.0055126792,0.003122123,2,0,1,0.0074384007,0.0069384007,0.0066384007,설계,,,,
2015-02-23,1.1648846,-0.0023480719,1,1,-0.0018782127,-0.0050228311,-0.0037390534,-0.0052750565,2,0,1,-0.0050228311,-0.0055228311,-0.0058228311,설계,,,,
2015-02-24,1.2049002,-0.0019981073,1,1,0.00014840465,0.00045829514,0.00029650128,-0.002184013,2,0,1,0.00045829514,-4.1704858e-05,-0.00034170486,설계,,,,
2015-02-25,1.2597187,-0.0024169228,1,1,0.00039449677,0.00090909091,0.00078662734,0.00094966762,2,0,1,0.00090909091,0.00040909091,0.00010909091,설계,,,,
2015-03-02,2.3943817,-0.0048893691,1,1,0.0042469136,0.0059198543,0.0084791718,0.0020542804,2,0,1,0.0059198543,0.0054198543,0.0051198543,설계,,,,
2015-03-19,1.1225905,-0.0020323314,1,1,-0.0047805718,-0.0072992701,-0.0094890165,-0.0064830443,2,0,1,-0.0072992701,-0.0077992701,-0.0080992701,설계,,,,
2015-04-02,1.7973343,-0.0055761589,1,1,-0.00053679485,-0.0022311468,-0.0010720203,-0.0042175968,2,0,1,-0.0022311468,-0.0027311468,-0.0030311468,설계,,,,
2015-04-07,1.0276592,-0.0032842572,1,1,-0.0055563608,-0.012248469,-0.011075264,-0.0068432244,2,0,1,-0.012248469,-0.012748469,-0.013048469,설계,,,,
2015-04-16,1.3793792,-0.0019016953,1,1,0.0033632287,0.006147541,0.0067004793,0.0029140359,2,0,1,0.006147541,0.005647541,0.005347541,설계,,,,
2015-05-04,1.0753787,-0.0011173353,1,1,0.0015358838,0.0024509804,0.0030666295,-0.00089696154,2,0,1,0.0024509804,0.0019509804,0.0016509804,설계,,,,
2015-05-11,1.108588,-0.0037541634,1,1,-0.0046875,-0.010552976,-0.0093163318,-0.0074397419,2,0,1,-0.010552976,-0.011052976,-0.011352976,설계,,,,
2015-05-12,1.3095048,-0.0031201992,1,1,0.00014281634,0.0025706941,0.00028583679,-0.0026705326,2,0,1,0.0025706941,0.0020706941,0.0017706941,설계,,,,
2015-06-04,1.1194862,-0.0028587935,1,1,0.0010269953,0.0022634676,0.0020479813,0.00027407987,2,0,1,0.0022634676,0.0017634676,0.0014634676,설계,,,,
2015-06-10,2.2962498,-0.0034951492,1,1,-0.0087135304,-0.019030358,-0.017377721,-0.013268102,2,0,1,-0.019030358,-0.019530358,-0.019830358,설계,,,,
2015-06-12,1.5970402,-0.0017168933,1,1,-0.010215107,-0.019213175,-0.020393157,-0.0089784989,2,0,1,-0.019213175,-0.019713175,-0.020013175,설계,,,,
2015-06-18,1.2111291,-0.0018648747,1,1,-0.0012487512,-0.0037771483,-0.0024868199,-0.0029949685,2,0,1,-0.0037771483,-0.0042771483,-0.0045771483,설계,,,,
2015-06-23,1.7283974,-0.0012573451,1,1,0.0080406472,0.012903226,0.01599686,0.0050148075,2,0,1,0.012903226,0.012403226,0.012103226,설계,,,,
2015-06-30,1.8611126,-0.00015656902,1,1,0.0069634419,0.013672796,0.01396648,0.0069854702,2,0,1,0.013672796,0.013172796,0.012872796,설계,,,,
2015-07-07,1.8003583,-4.6552123e-05,1,1,-0.0029455816,-0.0061611374,-0.0058616065,-0.0060904756,2,0,1,-0.0061611374,-0.0066611374,-0.0069611374,설계,,,,
2015-08-25,6.4959183,-0.00060335679,1,1,0.0021208908,0.0065907729,0.0042361072,0.0022915169,2,0,1,0.0065907729,0.0060907729,0.0057907729,설계,,,,
2015-10-07,1.2016144,-0.0019206754,1,1,0.013017201,0.021123132,0.025980721,0.0098697852,1.5731758,0.42682423,0.57317577,0.017663325,0.017163325,0.016906007,설계,,,,
2015-11-17,1.6855826,-2.6080269e-05,1,1,-0.00041074087,-0.00051124744,-0.00081433225,-0.0030166536,2,0,1,-0.00051124744,-0.0010112474,-0.0013112474,설계,,,,
2015-12-01,1.6859745,-0.0022882434,1,1,0.011785534,0.02281746,0.02350686,0.013158431,2,0,1,0.02281746,0.02231746,0.02201746,설계,,,,
2015-12-16,1.0133349,-0.00057979944,1,1,0.011578243,0.022657055,0.022966214,0.010793308,2,0,1,0.022657055,0.022157055,0.021857055,설계,,,,
2016-01-12,1.6097516,-0.0012785149,1,1,-0.0075773521,-0.015151515,-0.015083272,-0.0081738008,1.9488989,0.051101149,0.94889885,-0.014764467,-0.015264467,-0.015559357,설계,,,,
2016-01-21,1.4369051,-0.00086155422,1,1,-0.0028790266,-0.0046296296,-0.0057558645,-0.0045367611,1.8349191,0.16508087,0.83491913,-0.0043406386,-0.0048406386,-0.0051241305,설계,,,,
2016-01-22,2.2497726,-0.00071922846,1,1,0.011868156,0.021106674,0.023506785,0.010779766,1.8585366,0.14146341,0.85853659,0.019799762,0.019299762,0.019013908,설계,,,,
2016-02-15,1.0641917,-0.00051424532,1,1,0.0026259378,0.006795017,0.0051972847,0.0024578652,1.4157368,0.58426323,0.41573677,0.0043591773,0.0038591773,0.0036176036,설계,,,,
2016-02-18,1.5656511,-0.00056308594,1,1,-0.0048803281,-0.0069222577,-0.0096321344,-0.0014463161,1.4036209,0.59637913,0.40362087,-0.0057044935,-0.0062044935,-0.0064448556,설계,,,,
2016-03-02,2.3340318,-0.0019501893,1,1,0.0036434546,0.0067532468,0.0072044647,0.00075487524,1.8460768,0.15392319,0.84607681,0.0062745776,0.0057745776,0.0054899699,설계,,,,
2016-03-03,1.069463,-0.004361499,1,1,0.00081628488,0.001540832,0.0016289961,-0.00045795171,1.7402169,0.25978307,0.74021693,0.001352607,0.00085260696,0.00057858527,설계,,,,
2016-04-06,1.2298024,-0.0002367196,1,1,0.0050828505,0.0091930541,0.010165701,0.0047332365,2,0,1,0.0091930541,0.0086930541,0.0083930541,설계,,,,
2016-04-21,1.0122596,-0.00035609317,1,1,0.0032525133,0.0047984645,0.0064763026,0.0037834574,2,0,1,0.0047984645,0.0042984645,0.0039984645,설계,,,,
2016-06-17,1.4152122,-0.0013581149,1,1,-0.0049831379,-0.0076064909,-0.0099009901,-0.007068009,2,0,1,-0.0076064909,-0.0081064909,-0.0084064909,설계,,,,
2016-06-20,3.199412,-0.0015078145,1,1,0.0044604821,0.0070245861,0.0088390108,0.0029864179,2,0,1,0.0070245861,0.0065245861,0.0062245861,설계,,,,
2016-07-13,1.6240231,-0.0023333882,1,1,-0.00083431488,-0.0014534884,-0.0016561937,-0.00076170622,1.7648967,0.23510327,0.76489673,-0.0013079187,-0.0018079187,-0.0020844083,설계,,,,
2016-08-01,1.2591868,-0.00089667911,1,1,0.0046932456,0.0084745763,0.0093530036,0.0035585782,2,0,1,0.0084745763,0.0079745763,0.0076745763,설계,,,,
2016-08-04,1.2518098,-0.00045394491,1,1,-0.003763073,-0.0048169557,-0.0074819025,-0.0039165534,2,0,1,-0.0048169557,-0.0053169557,-0.0056169557,설계,,,,
2016-10-04,1.6621101,-0.0020345379,1,1,0,0.0013568521,0,-0.0012716273,2,0,1,0.0013568521,0.0008568521,0.0005568521,설계,,,,
2016-10-06,2.4101945,-0.0028647212,1,1,-0.0006097847,-0.00044523598,-0.001210372,-0.0017966361,2,0,1,-0.00044523598,-0.00094523598,-0.001245236,설계,,,,
2016-10-14,1.3162245,-0.00044591906,1,1,0.002736832,0.0051377861,0.0054610778,0.0015312132,2,0,1,0.0051377861,0.0046377861,0.0043377861,설계,,,,
2016-11-10,3.2942051,-0.0021382937,1,1,0.0063593005,0.010387158,0.012552898,0.0059495666,2,0,1,0.010387158,0.0098871577,0.0095871577,설계,,,,
2017-01-06,1.200847,-0.0013217796,1,1,0.0020164062,0.0038693035,0.0040239609,0.00072240599,2,0,1,0.0038693035,0.0033693035,0.0030693035,설계,,,,
2017-01-19,2.1736426,-0.0037379881,1,1,-0.0034485847,-0.0073921971,-0.0068691735,-0.0059413294,2,0,1,-0.0073921971,-0.0078921971,-0.0081921971,설계,,,,
2017-01-24,1.0813722,-0.0033689141,1,1,-0.00040520463,-0.0024865313,-0.00080989876,-0.001829792,2,0,1,-0.0024865313,-0.0029865313,-0.0032865313,설계,,,,
2017-03-14,1.5222269,-0.0023798652,1,1,0.0054037565,0.010954617,0.010766225,0.0039378613,2,0,1,0.010954617,0.010454617,0.010154617,설계,,,,
2017-03-28,1.8019041,-0.00021928707,1,1,-0.0020050339,-0.0033809166,-0.0039930334,-0.0021287919,2,0,1,-0.0033809166,-0.0038809166,-0.0041809166,설계,,,,
2017-04-24,2.265037,-0.0013763223,1,1,0.00093752663,0.0018804062,0.0018669382,0.001065114,2,0,1,0.0018804062,0.0013804062,0.0010804062,설계,,,,
2017-04-28,1.1385606,-0.0016251957,1,1,-0.00037539103,-0.0028849621,-0.00074890784,-0.0045059097,2,0,1,-0.0028849621,-0.0033849621,-0.0036849621,설계,,,,
2017-05-16,1.6801375,-0.0006539799,1,1,-0.0050430846,-0.0092044707,-0.010021701,-0.0052448133,2,0,1,-0.0092044707,-0.0097044707,-0.010004471,설계,,,,
2017-06-09,1.1560343,-0.00070224745,1,1,0.0066928674,0.012010114,0.013374806,0.0060811031,2,0,1,0.012010114,0.011510114,0.011210114,설계,,,,
2017-06-22,1.1037914,-0.00080484208,1,1,0.0037607103,0.0072395342,0.0074990336,0.0028191834,2,0,1,0.0072395342,0.0067395342,0.0064395342,설계,,,,
2017-07-27,1.1047922,-0.00048297086,1,1,0,0.00029120559,0,-0.00037426317,2,0,1,0.00029120559,-0.00020879441,-0.00050879441,설계,,,,
2017-08-02,1.069838,-0.0015502063,1,1,-0.00063830586,-0.0020703934,-0.0012725027,-0.0027936468,2,0,1,-0.0020703934,-0.0025703934,-0.0028703934,설계,,,,
2017-08-14,2.1726752,-0.0012348479,1,1,0.0017243406,0.0035506779,0.0034239913,-0.00019672776,2,0,1,0.0035506779,0.0030506779,0.0027506779,설계,,,,
2017-08-16,1.6257706,-0.0012899579,1,1,-0.0030244281,-0.0060069554,-0.0059956186,-0.0036007396,2,0,1,-0.0060069554,-0.0065069554,-0.0068069554,설계,,,,
2017-08-24,1.093462,-0.00096212947,1,1,0.0036628624,0.0071942446,0.0073192342,0.0019023667,2,0,1,0.0071942446,0.0066942446,0.0063942446,설계,,,,
2017-08-25,1.2231634,-0.0002463779,1,1,-0.0015333308,-0.0037048472,-0.0030600926,-0.0011233791,2,0,1,-0.0037048472,-0.0042048472,-0.0045048472,설계,,,,
2017-09-05,1.3996942,-0.00034559785,1,1,-0.0048477267,-0.0083762887,-0.009657697,-0.0051694804,2,0,1,-0.0083762887,-0.0088762887,-0.0091762887,설계,,,,
2017-09-11,1.8111856,-0.0012335042,1,1,0.0043705279,0.010419956,0.0087003388,0.0024914256,2,0,1,0.010419956,0.0099199558,0.0096199558,설계,,,,
2017-11-03,1.2932638,-0.00071053707,1,1,-0.00088071585,-0.00026364355,-0.0017561729,-0.00073728914,2,0,1,-0.00026364355,-0.00076364355,-0.0010636436,설계,,,,
2018-01-04,1.0146994,-0.00063273895,1,1,-0.013719293,-0.02537931,-0.027274999,-0.014991503,2,0,1,-0.02537931,-0.02587931,-0.02617931,설계,,,,
2018-01-31,1.040933,-0.00011933486,1,1,0.0041638492,0.01356484,0.0083568444,0.0030086046,2,0,1,0.01356484,0.01306484,0.01276484,설계,,,,
2018-02-08,1.2308651,-0.00038895945,1,1,0.0080534873,0.012368584,0.01610147,0.0025093296,1.8588557,0.14114434,0.85885566,0.011759532,0.011259532,0.010973647,설계,,,,
2018-02-14,1.9935343,-0.0024715273,1,1,0.0066815145,0.012576687,0.013279316,0.0034149299,1.6468418,0.35315825,0.64684175,0.010494758,0.0099947583,0.0097300741,설계,,,,
2018-02-21,1.3425824,-0.00027360345,1,1,0.004450479,0.009497549,0.0088945841,0.0042473015,1.5407413,0.45925869,0.54074131,0.0071796383,0.0066796383,0.0064255641,설계,,,,
2018-02-23,1.4911188,-0.00085710703,1,1,0.011670808,0.022602321,0.023248838,0.0093026219,1.614484,0.38551604,0.61448396,0.018388048,0.017888048,0.017626599,설계,,,,
2018-02-28,1.3424648,-0.001093753,1,1,-0.0080397876,-0.019265503,-0.016133874,-0.0095919466,1.5762189,0.42378107,0.57621893,-0.014508257,-0.015008257,-0.015265879,설계,,,,
2018-03-02,1.6281392,-0.00041200699,1,1,-0.0047939733,-0.0056444026,-0.009677791,-0.0056754055,1.5881783,0.41182166,0.58817834,-0.0052941774,-0.0057941774,-0.0060529952,설계,,,,
2018-03-06,1.6187869,-0.0032833342,1,1,0.011097458,0.020025429,0.022002284,0.0074963492,1.5700601,0.42993986,0.57006014,0.016186938,0.015686938,0.015429932,설계,,,,
2018-03-08,2.5098139,-0.0012206647,1,1,0.0027485975,0.0045969966,0.0054579439,0.0036987437,1.4927233,0.50727668,0.49272332,0.0036593468,0.0031593468,0.0029100745,설계,,,,
2018-03-22,1.5235346,-0.0025604127,1,1,0.0028580851,0.0055104408,0.0057107296,0.001083692,2,0,1,0.0055104408,0.0050104408,0.0047104408,설계,,,,
2018-03-26,3.2965994,-0.0011670591,1,1,0.011254263,0.019236736,0.02256496,0.0094893085,1.5729407,0.4270593,0.5729407,0.015827747,0.015327747,0.015070453,설계,,,,
2018-04-26,1.0129062,-0.0015873649,1,1,0.0091921381,0.01946472,0.018322658,0.0080177468,2,0,1,0.01946472,0.01896472,0.01866472,설계,,,,
2018-04-27,1.3109923,-0.00090133203,1,1,-0.00084323215,0.00088028169,-0.0016700552,-0.0018357758,2,0,1,0.00088028169,0.00038028169,8.028169e-05,설계,,,,
2018-05-03,1.1746408,-0.009652685,1,1,-0.0001473405,-0.00088704908,-0.00029563932,-0.0070625407,2,0,1,-0.00088704908,-0.0013870491,-0.0016870491,설계,,,,
2018-05-18,1.0920073,-0.0003947802,1,1,0.0012688461,0.0024316109,0.0025331545,-0.00041204437,2,0,1,0.0024316109,0.0019316109,0.0016316109,설계,,,,
2018-06-20,1.994511,-0.0019644584,1,1,0.004155824,0.010923535,0.0082862232,0.003531936,2,0,1,0.010923535,0.010423535,0.010123535,설계,,,,
2018-07-03,1.3454857,-0.00087254207,1,1,-0.0044242497,-0.01078636,-0.008797654,-0.0052222863,1.9897987,0.010201338,0.98979866,-0.010721458,-0.011221458,-0.011520438,설계,,,,
2018-07-18,1.5063891,-0.0021472375,1,1,-0.0075814118,-0.01559322,-0.015084607,-0.0091243316,2,0,1,-0.01559322,-0.01609322,-0.01639322,설계,,,,
2018-09-14,1.9285285,-0.001970831,1,1,0.0092426597,0.018927445,0.018365328,0.0071140621,2,0,1,0.018927445,0.018427445,0.018127445,설계,,,,
2018-10-16,2.2810587,-0.0012438272,1,1,-0.0069774284,-0.012971698,-0.013895283,-0.0065654935,1.4786832,0.52131681,0.47868319,-0.0098467846,-0.010346785,-0.010594653,설계,,,,
2018-11-02,1.8577037,-0.0007162019,1,1,0.024510451,0.047557285,0.048403215,0.024045687,1.3968674,0.60313255,0.39686745,0.033656989,0.033156989,0.032917302,설계,,,,
2018-11-08,1.6046194,-0.00046369289,1,1,-0.0075078918,-0.013024013,-0.014781842,-0.010077125,1.1499608,0.85003917,0.14996083,-0.0083350939,-0.0088350939,-0.00905009,설계,,,,
2018-12-03,3.0846658,-0.0011351899,1,1,0.0031040054,0.0064751113,0.0061213366,0.0017410229,2,0,1,0.0064751113,0.0059751113,0.0056751113,설계,,,,
2018-12-07,1.8631811,-0.0016609783,1,1,-0.00095914897,-0.0012760527,-0.0019103026,-0.0025653419,2,0,1,-0.0012760527,-0.0017760527,-0.0020760527,설계,,,,
2018-12-12,1.2612593,-0.00026928562,1,1,0.0091492918,0.019965278,0.018229623,0.0092857143,2,0,1,0.019965278,0.019465278,0.019165278,설계,,,,
2019-03-04,1.5720608,-0.00079561993,1,1,-0.011752827,-0.022484335,-0.023344431,-0.012617084,2,0,1,-0.022484335,-0.022984335,-0.023284335,설계,,,,
2019-03-21,1.3799829,-0.0015777508,1,1,0.0048086803,0.0095748755,0.0095988186,0.0044106139,2,0,1,0.0095748755,0.0090748755,0.0087748755,설계,,,,
2019-04-19,1.0623727,-0.00098675783,1,1,-0.0036562337,-0.0066055046,-0.0072846622,-0.0044919563,2,0,1,-0.0066055046,-0.0071055046,-0.0074055046,설계,,,,
2019-05-10,2.554167,-0.00087694616,1,1,-0.0029947697,-0.0040733198,-0.005961377,-0.0047920401,1.8660311,0.13396894,0.86603106,-0.0039288275,-0.0044288275,-0.0047154307,설계,,,,
2019-05-20,2.1092817,-0.0028270357,1,1,-0.00086862106,-0.005588994,-0.0017311521,-0.0035351636,1.8356584,0.16434163,0.83565837,-0.0048132402,-0.0053132402,-0.005596806,설계,,,,
2019-05-21,1.0135486,-0.0010939063,1,1,0.0049554445,0.0090634441,0.0099108889,0.0032799246,1.8765681,0.12343188,0.87656812,0.008556386,0.008056386,0.0077687292,설계,,,,
2019-07-09,1.4748744,-0.00086852609,1,1,-0.0050343445,-0.010883215,-0.010038282,-0.0069732938,2,0,1,-0.010883215,-0.011383215,-0.011683215,설계,,,,
2019-07-10,1.3477989,-0.0011079585,1,1,0,-0.0020929259,0,-0.0020052731,2,0,1,-0.0020929259,-0.0025929259,-0.0028929259,설계,,,,
2019-07-11,1.2634311,-0.00043454698,1,1,0.0062428335,0.015800416,0.012413444,0.0044349176,2,0,1,0.015800416,0.015300416,0.015000416,설계,,,,
2019-07-19,1.5223828,-0.001437254,1,1,0.0083530206,0.019720624,0.016613526,0.006747094,2,0,1,0.019720624,0.019220624,0.018920624,설계,,,,
2019-08-12,1.3952698,-0.0020562519,1,1,0.00071968334,0.0018709074,0.0014382669,-0.00086082091,2,0,1,0.0018709074,0.0013709074,0.0010709074,설계,,,,
2019-08-14,1.3739682,-0.0027709017,1,1,-0.0027430524,-0.0065298507,-0.0054328465,-0.0038305191,2,0,1,-0.0065298507,-0.0070298507,-0.0073298507,설계,,,,
2019-08-28,1.0463074,-0.00067410836,1,1,0.0059658321,0.010859301,0.011887073,0.0052321007,2,0,1,0.010859301,0.010359301,0.010059301,설계,,,,
2019-08-30,1.1685687,-0.0038272804,1,1,0.010053409,0.020465116,0.019980376,0.0083706443,2,0,1,0.020465116,0.019965116,0.019665116,설계,,,,
2019-09-11,1.4180371,-0.0026109068,1,1,0.0040496185,0.0058823529,0.0080727396,0.0018124653,2,0,1,0.0058823529,0.0053823529,0.0050823529,설계,,,,
2019-10-08,1.5824247,-0.0010936174,1,1,0.011873745,0.02374894,0.023681745,0.0091483823,2,0,1,0.02374894,0.02324894,0.02294894,설계,,,,
2019-10-14,1.8910841,-0.0012712954,1,1,-0.00091846533,-0.0020251114,-0.0018167554,-0.0017472971,2,0,1,-0.0020251114,-0.0025251114,-0.0028251114,설계,,,,
2019-10-21,1.3583103,-0.003371193,1,1,0.0047058824,0.0069672131,0.0094030728,-0.00029210939,2,0,1,0.0069672131,0.0064672131,0.0061672131,설계,,,,
2019-10-24,1.0286041,-0.0013292519,1,1,-0.0012407461,-0.0031796502,-0.0024716787,-0.0036010083,1.9642199,0.035780093,0.96421991,-0.0031102761,-0.0036102761,-0.0039066981,설계,,,,
2019-11-12,1.1523215,-0.00051140931,1,1,0.0062225476,0.012326656,0.012412786,0.0062078751,2,0,1,0.012326656,0.011826656,0.011526656,설계,,,,
2019-11-25,1.8855929,-0.0022468526,1,1,0.0050140638,0.010873786,0.0099675851,0.0014905774,2,0,1,0.010873786,0.010373786,0.010073786,설계,,,,
2019-11-27,1.3171086,-0.00055832169,1,1,-0.001900372,-0.0045801527,-0.0037895586,-0.0025038792,2,0,1,-0.0045801527,-0.0050801527,-0.0053801527,설계,,,,
2019-12-02,1.7222944,-0.00022718813,1,1,-0.0030856579,-0.004354711,-0.0061324612,-0.0029827146,2,0,1,-0.004354711,-0.004854711,-0.005154711,설계,,,,
2019-12-06,1.5549978,-0.0020612448,1,1,0.0076714613,0.014221861,0.015282392,0.0049783786,2,0,1,0.014221861,0.013721861,0.013421861,설계,,,,
2019-12-12,1.8075706,-0.0023345415,1,1,0.012215413,0.024324324,0.024288884,0.0088104168,2,0,1,0.024324324,0.023824324,0.023524324,설계,,,,
2019-12-13,2.8360689,-0.0011817406,1,1,0.0029695914,0.011053795,0.0058662495,0.002661229,2,0,1,0.011053795,0.010553795,0.010253795,설계,,,,
2019-12-17,1.0015365,-0.0029765314,1,1,0.0097557138,0.019202899,0.019435737,0.009048533,1.9921717,0.0078282554,0.99217174,0.019128944,0.018628944,0.018329726,설계,,,,
2020-01-09,3.309304,-0.0014185519,1,1,0.0028531771,0.0066433566,0.0056297311,0.0019739305,2,0,1,0.0066433566,0.0061433566,0.0058433566,검증,,,,
2020-02-19,2.0466641,-0.0012643672,1,1,-0.0033631863,-0.0067499156,-0.0066917293,-0.0045048051,1.3122808,0.68771921,0.31228079,-0.0044207968,-0.0049207968,-0.0051520249,검증,,,,
2020-02-20,1.0341972,-0.00032752684,1,1,-0.011528463,-0.023131076,-0.022911051,-0.012286076,1.3229432,0.67705677,0.32294323,-0.015275449,-0.015775449,-0.016007743,검증,,,,
2020-03-02,2.309405,-0.00040907351,1,1,0.0045673581,0.0079133694,0.0090893929,0.0028932824,1.1628692,0.83713083,0.16286917,0.0051123202,0.0046123202,0.0043960332,검증,,,,
2020-03-04,2.1885052,-0.0015447343,1,1,0.030716438,0.061692372,0.061917415,0.02961537,1.2055202,0.79447982,0.20552018,0.037082617,0.036582617,0.036362065,검증,,,,
2020-03-19,7.3245897,-0.005058795,1,1,-0.093724364,-0.18095238,-0.18338684,-0.097136644,0.89011426,0.89011426,0,-0.083425393,-0.08387045,-0.084048473,검증,,,,
2020-03-24,5.473414,-0.00016150187,1,1,0.062574623,0.12216533,0.12177862,0.061112449,0.56942572,0.56942572,0,0.0356316,0.035346887,0.035233002,검증,,,,
2020-03-27,2.609246,-0.0041441056,1,1,-0.017392126,-0.039049236,-0.033425678,-0.022249174,0.43475641,0.43475641,0,-0.0075613385,-0.0077787167,-0.0078656679,검증,,,,
2020-04-02,2.8541287,-0.0024574749,1,1,0.025356026,0.043478261,0.050446715,0.019211325,0.43074486,0.43074486,0,0.010921978,0.010706606,0.010620457,검증,,,,
2020-04-06,2.1804988,-0.0012185982,1,1,0.029688701,0.058960887,0.058792751,0.027346416,0.42762284,0.42762284,0,0.012695567,0.012481755,0.012396231,검증,,,,
2020-04-14,1.8906427,-0.0028124205,1,1,0.0088609338,0.018676628,0.017575813,0.005077173,0.44144152,0.44144152,0,0.0039115841,0.0036908633,0.003602575,검증,,,,
2020-06-04,1.585248,-0.0047614022,1,1,-0.011392356,-0.021538462,-0.02250384,-0.016210461,1.5714119,0.42858805,0.57141195,-0.017189962,-0.017689962,-0.017947103,검증,,,,
2020-06-16,3.0527115,-0.0049301648,1,1,0.03470252,0.059354839,0.06770144,0.024285041,1.0426164,0.95738361,0.042616389,0.035753113,0.035253113,0.035048852,검증,,,,
2020-06-23,1.0075783,-0.0039559251,1,1,-0.0056881464,-0.010935601,-0.011284277,-0.0094856661,0.91254444,0.91254444,0,-0.0051906864,-0.0056469586,-0.0058294675,검증,,,,
2020-08-21,1.5249017,-0.0033264362,1,1,0.0034262978,0.0077192982,0.0067742288,-3.2661593e-05,1.3603919,0.63960805,0.36039195,0.0049734606,0.0044734606,0.0042374214,검증,,,,
2020-09-14,1.0883445,-0.0018424273,1,1,0.0046185305,0.010305958,0.0091569971,0.0035956602,1.3348277,0.66517226,0.33482774,0.0065228391,0.0060228391,0.0057893563,검증,,,,
2020-11-09,1.0223742,-0.0014133272,1,1,0.0030058043,0.0065379826,0.0059552331,0.0017832437,1.656699,0.34330102,0.65669898,0.0053253822,0.0048253822,0.0045597123,검증,,,,
2020-12-01,1.1765179,-4.0172639e-05,1,1,0.0095179909,0.017278618,0.018919178,0.0086727538,1.7016099,0.29839012,0.70160988,0.014962923,0.014462923,0.014192762,검증,,,,
2021-07-27,1.3444416,-0.0010322105,1,1,-0.0035394598,-0.0067724113,-0.0070424332,-0.004463663,2,0,1,-0.0067724113,-0.0072724113,-0.0075724113,검증,,,,
2021-08-23,1.6347469,-0.0010142283,1,1,0.0020996373,0.003216727,0.004170955,0.00064305501,2,0,1,0.003216727,0.002716727,0.002416727,검증,,,,
2021-08-24,1.8456329,-0.0012354751,1,1,0.010686817,0.019291339,0.021199143,0.0098171224,2,0,1,0.019291339,0.018791339,0.018491339,검증,,,,
2021-10-06,1.5869748,-0.0015166559,1,1,-0.020485905,-0.042062123,-0.04076476,-0.023221912,2,0,1,-0.042062123,-0.042562123,-0.042862123,검증,,,,
2021-10-07,3.1485174,-0.0012709016,1,1,0.0078241005,0.013938053,0.015512214,0.0058828103,2,0,1,0.013938053,0.013438053,0.013138053,검증,,,,
2021-10-08,1.1182337,-0.00088134627,1,1,-0.0065446134,-0.012759516,-0.013032244,-0.0076840326,1.9799242,0.020075828,0.97992417,-0.012634746,-0.013134746,-0.013432739,검증,,,,
2021-10-14,2.574223,-0.0017388124,1,1,0.0067971105,0.011408513,0.013517335,0.0056790315,1.8339681,0.16603192,0.83396808,0.010642873,0.010142873,0.0098594758,검증,,,,
2021-10-15,1.2783866,-0.0022086613,1,1,0.0032819995,0.0066295979,0.0065186506,0.00063622945,1.7961347,0.20386532,0.79613468,0.0059471387,0.0054471387,0.0051675253,검증,,,,
2021-10-26,1.800871,-0.00044091112,1,1,0.0037071875,0.0091647573,0.007373982,0.0033186675,1.7661215,0.23387853,0.76612147,0.0078883489,0.0073883489,0.0071117368,검증,,,,
2021-11-02,1.7524047,-0.00071582674,1,1,0.007884842,0.016059957,0.015686056,0.0067316028,1.744461,0.25553896,0.74446104,0.013970897,0.013470897,0.013196451,검증,,,,
2021-11-04,2.5276073,-0.00015769713,1,1,-0.0038604638,-0.007028754,-0.0076488194,-0.0041204599,1.8159849,0.18401506,0.81598494,-0.0064457409,-0.0069457409,-0.0072273394,검증,,,,
2021-11-05,2.1664358,-0.00042176573,1,1,-0.011596465,-0.025316456,-0.023023494,-0.012137337,1.9372889,0.062711115,0.93728888,-0.02445606,-0.02495606,-0.025249789,검증,,,,
2021-11-12,2.5789408,-0.00096524412,1,1,0.0038750919,0.008282476,0.0076987918,0.0032122941,2,0,1,0.008282476,0.007782476,0.007482476,검증,,,,
2021-11-15,1.7845997,-0.0010478402,1,1,0.0047015364,0.0093916756,0.0093398193,0.0025422005,2,0,1,0.0093916756,0.0088916756,0.0085916756,검증,,,,
2021-11-22,2.2710948,-0.001686367,1,1,0.017622009,0.030923438,0.0350535,0.015032048,2,0,1,0.030923438,0.030423438,0.030123438,검증,,,,
2021-12-01,4.6715158,-0.0036314022,1,1,0.020916335,0.035480859,0.041705607,0.01774472,1.784013,0.21598702,0.78401298,0.032335111,0.031835111,0.03155671,검증,,,,
2021-12-08,1.0238385,-0.00072910749,1,1,-0.0042918455,-0.010373444,-0.0085097098,-0.0065518017,1.4688761,0.53112386,0.46887614,-0.0071433619,-0.0076433619,-0.0078902495,검증,,,,
2021-12-16,1.0917891,-0.00022035262,1,1,-0.0022361483,-0.0033528919,-0.0044368975,-0.0031333818,1.5438852,0.45611484,0.54388516,-0.0028435286,-0.0033435286,-0.0035979171,검증,,,,
2021-12-21,3.4233962,-0.0021709653,1,1,0.0024335664,0.0036519871,0.0048419412,-0.0010143274,1.5925586,0.4074414,0.5925586,0.0031555521,0.0026555521,0.0023962962,검증,,,,
2022-01-12,1.6835602,-0.0016173158,1,1,0.0095394371,0.018964415,0.01895237,0.0060414489,2,0,1,0.018964415,0.018464415,0.018164415,검증,,,,
2022-02-04,3.3785781,-0.0014132607,1,1,0.010441911,0.016588264,0.020827117,0.0089231617,1.3639713,0.63602871,0.36397129,0.012679007,0.012179007,0.01194261,검증,,,,
2022-02-08,2.640785,-0.0013159035,1,1,-0.0059368321,-0.012215978,-0.011780991,-0.0066409773,1.3227499,0.67725011,0.32274989,-0.0079634259,-0.0084634259,-0.0086957009,검증,,,,
2022-02-09,2.0001543,-0.0012603048,1,1,0.0047944597,0.0094729172,0.0095042534,0.0044411749,1.3283328,0.67166721,0.32833279,0.0063305507,0.0058305507,0.0055977174,검증,,,,
2022-02-10,1.1303707,-0.0029882791,1,1,0.0022836398,0.0018984338,0.0045400308,-0.00072611876,1.3161602,0.68383977,0.31616023,0.002161853,0.001661853,0.0014302369,검증,,,,
2022-02-15,1.3481267,-0.00046014119,1,1,-0.009058133,-0.017751479,-0.018062446,-0.011003183,1.3358793,0.66412068,0.33587932,-0.011978048,-0.012478048,-0.012711636,검증,,,,
2022-02-16,2.8751306,-0.0029444306,1,1,0.0070795407,0.01350356,0.014008652,0.0036616024,1.3344303,0.66556965,0.33443035,0.0092279277,0.0087279277,0.0084944847,검증,,,,
2022-02-23,2.7547479,-0.0012512825,1,1,-0.0036183528,-0.0073277968,-0.0071857698,-0.0049419795,1.2676849,0.73231514,0.26768486,-0.0046113148,-0.0051113148,-0.0053380833,검증,,,,
2022-02-25,1.3722343,-0.001197332,1,1,0.0019077613,0.0028061224,0.0037804915,-0.00097550099,1.2135205,0.78647948,0.21352052,0.0020995798,0.0015995798,0.0013782278,검증,,,,
2022-03-03,1.1131021,-0.0023710929,1,1,0.0096988869,0.018858561,0.019221102,0.0073826056,1.4887741,0.51122595,0.48877405,0.014175898,0.013675898,0.01342702,검증,,,,
2022-04-13,1.2732649,-0.00059777195,1,1,0.016167555,0.029357798,0.032245259,0.014611537,2,0,1,0.029357798,0.028857798,0.028557798,검증,,,,
2022-04-19,1.4064489,-0.0025397307,1,1,0.0076596784,0.011724857,0.015256504,0.0044691795,2,0,1,0.011724857,0.011224857,0.010924857,검증,,,,
2022-04-26,1.0361162,-0.0013970328,1,1,0.00015441631,0.00080364318,0.0003075882,-0.0018785757,2,0,1,0.00080364318,0.00030364318,3.6431824e-06,검증,,,,
2022-05-10,1.2467792,-0.00032300435,1,1,0.0023039293,0.0058906031,0.0046428799,0.0013111124,1.8846458,0.11535417,0.88464583,0.0054768653,0.0049768653,0.0046884007,검증,,,,
2022-05-13,1.8028231,-0.001547987,1,1,0.017568428,0.032744875,0.034928971,0.014714089,2,0,1,0.032744875,0.032244875,0.031944875,검증,,,,
2022-05-17,1.071196,-0.00050715186,1,1,0.0080890422,0.015231238,0.016152257,0.0069247262,1.7781385,0.22186155,0.77813845,0.013646659,0.013146659,0.012868845,검증,,,,
2022-05-20,1.7213094,-0.0014668299,1,1,0.013610989,0.028309742,0.027109751,0.011994785,1.7094624,0.29053762,0.70946238,0.024039201,0.023539201,0.023268255,검증,,,,
2022-05-23,1.141462,-0.00088816469,1,1,-0.0010166359,-0.0050720769,-0.0020245399,-0.0023351179,1.5974116,0.40258845,0.59741155,-0.0034394032,-0.0039394032,-0.0041991443,검증,,,,
2022-05-25,2.1035646,-0.00052412055,1,1,-0.001936048,-0.003301238,-0.003848183,-0.0021366287,1.6204575,0.37954252,0.62045748,-0.0027830903,-0.0032830903,-0.0035451361,검증,,,,
2022-05-27,1.0195506,-0.0017671356,1,1,0.00031073271,-0.0016304348,0.00061519532,-0.0010906377,1.6673788,0.33262117,0.66737883,-0.00098476138,-0.0014847614,-0.0017514993,검증,,,,
2022-07-05,2.1536418,-0.00050357739,1,1,0.0065253999,0.013669821,0.012931934,0.0061207879,1.3409009,0.6590991,0.3409009,0.0089609396,0.0084609396,0.0082268495,검증,,,,
2022-07-13,1.5244497,-0.00048739114,1,1,0.0027823759,0.0060113154,0.0055516514,0.0011428945,1.2836797,0.71632033,0.28367967,0.0036983604,0.0031983604,0.0029699924,검증,,,,
2022-07-15,1.6104127,-0.00016562956,1,1,-0.00017515589,0.00034989503,-0.00034816517,0.0014961782,1.3119141,0.68808589,0.31191411,-1.1385099e-05,-0.0005113851,-0.00074257651,검증,,,,
2022-07-20,1.1875268,-0.0011115853,1,1,-0.0085956007,-0.016672115,-0.016921488,-0.0098073006,1.2604108,0.73958921,0.26041079,-0.010698812,-0.011198812,-0.011424853,검증,,,,
2022-08-24,1.0558694,-0.00152585,1,1,0.00074251578,0.0022875817,0.0014802355,-0.00090582539,2,0,1,0.0022875817,0.0017875817,0.0014875817,검증,,,,
2022-08-30,1.5304889,-0.0012060232,1,1,0.0063196521,0.012582781,0.012581169,0.0047803252,2,0,1,0.012582781,0.012082781,0.011782781,검증,,,,
2022-09-19,1.1171371,-0.00085865106,1,1,-0.0094221106,-0.018947368,-0.018800919,-0.0099812649,1.4297789,0.57022105,0.42977895,-0.013515866,-0.014015866,-0.014258844,검증,,,,
2022-10-04,2.5288994,-0.00087327695,1,1,0.0095263198,0.018829308,0.018783874,0.0070567686,1.4857509,0.51424911,0.48575089,0.014045255,0.013545255,0.01329668,검증,,,,
2022-10-05,1.2876228,-0.0018617136,1,1,-0.01704483,-0.030042918,-0.033512306,-0.01640181,1.3691719,0.63082808,0.36917192,-0.021843359,-0.022343359,-0.022580276,검증,,,,
2022-10-06,1.5411048,-0.0017927036,1,1,0.002922138,0.0067460317,0.0057973142,0.00020604396,1.3617095,0.63829045,0.36170955,0.0043052769,0.0038052769,0.0035691059,검증,,,,
2022-10-14,1.292031,-0.0033150799,1,1,0.0096074458,0.019191507,0.018941916,0.0061545951,1.557687,0.44231302,0.55768698,0.014952352,0.014452352,0.014196583,검증,,,,
2022-10-24,1.3918581,-0.00032749852,1,1,-0.0063832129,-0.014826375,-0.012570892,-0.0072547684,1.3531512,0.64684878,0.35315122,-0.009364926,-0.009864926,-0.010100241,검증,,,,
2022-10-27,1.8599189,-0.0011610418,1,1,0.01175871,0.021538462,0.023386309,0.010038871,1.5014594,0.49854062,0.50145938,0.016662858,0.016162858,0.015912712,검증,,,,
2022-11-01,1.1516074,-0.0008419833,1,1,0.012573885,0.023507463,0.025083074,0.011146974,1.5209362,0.47906375,0.52093625,0.018269582,0.017769582,0.017517488,검증,,,,
2022-11-15,1.4127149,-0.00062185313,1,1,-0.00016666667,0.00097370983,-0.00033232528,-0.0013942248,1.4933544,0.50664557,0.49335443,0.00039594314,-0.00010405686,-0.00035339231,검증,,,,
2023-01-31,1.1030837,-0.00012395798,1,1,-0.01542053,-0.030517186,-0.03084106,-0.016888228,1.6119443,0.38805573,0.61194427,-0.024658842,-0.025158842,-0.025420037,검증,-0.028075245,-0.026638297,-0.021364238,-0.015237156
2023-02-02,1.9370278,-0.001064101,1,1,-0.0029329336,-0.0078641082,-0.0057875953,-0.0061667792,1.6716779,0.32832209,0.67167791,-0.0062450946,-0.0067450946,-0.0070122624,검증,-0.0055634258,-0.0042758908,-0.0097763779,-0.0052954849
2023-02-23,1.2968658,-0.0018886452,1,1,0.0087619557,0.017713904,0.017456193,0.0052553734,1.5086484,0.49135164,0.50864836,0.013315349,0.012815349,0.012564485,검증,0.01023755,0.0097808263,0.0090712749,0.0076554786
2023-03-02,1.042717,-0.00075136966,1,1,0.0017488397,0.0027081923,0.0034948585,0.0030447193,1.665347,0.33465298,0.66534702,0.0023871421,0.0018871421,0.0016206074,검증,-0.00077882459,-0.0031143405,-0.0028369208,-0.0084635243
2023-03-15,1.244418,-0.0025112844,1,1,0.0024045067,0.0042492918,0.0047607712,-0.0020984665,1.6504178,0.34958221,0.65041779,0.0036043877,0.0031043877,0.002839346,검증,0.0024207742,0.0024207742,-0.00021995562,0.0013514319
2023-04-07,1.9174045,-0.0035772133,1,1,0.009644603,0.019382392,0.01915068,0.0064427776,1.8282949,0.17170506,0.82829494,0.017710364,0.017210364,0.016927535,검증,0.014516175,0.012817825,0.011668739,0.012273183
2023-04-26,1.5918536,-0.00080835761,1,1,-0.00026107956,0.0029022896,-0.00052256842,-0.0018485997,2,0,1,0.0029022896,0.0024022896,0.0021022896,검증,-0.003236692,-0.0025864582,-0.0020005223,-0.001413898
2023-05-16,1.3433916,-0.0012799736,1,1,-0.0035612536,-0.0073131955,-0.0070775962,-0.0051986178,2,0,1,-0.0073131955,-0.0078131955,-0.0081131955,검증,-0.0086616893,-0.010189112,-0.013482441,-0.011077937
2023-07-11,1.5385354,-0.00060512951,1,1,0.011075248,0.022038567,0.021992523,0.010645635,2,0,1,0.022038567,0.021538567,0.021238567,검증,0.020527476,0.022003642,0.022646785,0.017205719
2023-08-03,2.4264251,-0.0030330019,1,1,-0.0070254019,-0.015282584,-0.014046495,-0.0094547564,1.8040728,0.19592724,0.80407276,-0.013664777,-0.014164777,-0.014445184,검증,-0.015129574,-0.013059368,-0.011747163,-0.011747163
2023-08-09,1.206815,-0.0017770296,1,1,0.0092910145,0.017292785,0.018553107,0.007699115,2,0,1,0.017292785,0.016792785,0.016492785,검증,0.016277447,0.016909652,0.011811285,0.010622761
2023-08-22,1.1047833,-0.00262701,1,1,-0.0021053303,-0.0037546934,-0.0041855598,-0.0058796924,2,0,1,-0.0037546934,-0.0042546934,-0.0045546934,검증,-0.0088972536,-0.010958991,-0.012701633,-0.0077062907
2023-08-24,1.4437884,-0.0011244749,1,1,0.0030111889,0.006501548,0.0059596625,0.0020411839,2,0,1,0.006501548,0.006001548,0.005701548,검증,0.0027528394,0.0024391471,0.0054587154,0.0024391471
2023-10-12,1.0178233,-0.0002384041,1,1,0.0059173501,0.012495995,0.01177148,0.0059959008,1.9176382,0.08236184,0.91763816,0.011954166,0.011454166,0.011162402,검증,0.0070165062,0.0067702539,0.0081878842,0.0015053717
2023-10-23,1.2084943,-0.00034866661,1,1,-0.0042073878,-0.010547805,-0.0084245439,-0.0060800806,1.7496011,0.25039893,0.74960107,-0.0089601716,-0.0094601716,-0.0097351317,검증,-0.0081548006,-0.0092463991,-0.0065414683,-0.0090168008
2023-11-28,1.2593669,-0.0005936834,1,1,0.0080268397,0.014510651,0.0159995,0.0070714605,1.2575992,0.74240084,0.25759916,0.0096970642,0.0091970642,0.0089713043,검증,0.0092201975,0.0092201975,0.0082664569,0.0071167072
2023-12-06,1.0537115,-4.1051815e-06,1,1,-0.0014453591,-0.0031084862,-0.0028770679,-0.0025426264,2,0,1,-0.0031084862,-0.0036084862,-0.0039084862,검증,-0.004373182,-0.0034388758,-0.0037505059,-0.0022529022
2023-12-14,1.8734836,-0.0027217699,1,1,-0.0014162562,-0.001793722,-0.0027952481,-0.0018715092,2,0,1,-0.001793722,-0.002293722,-0.002593722,검증,-0.0056518143,-0.0067961458,-0.0065554528,-0.0065554528
2023-12-15,1.030832,-0.0051979405,1,1,0.002489397,0.004443128,0.0049629312,0.0016306089,2,0,1,0.004443128,0.003943128,0.003643128,검증,-0.0011091796,-0.003114217,-0.0062573944,-0.0091412562
2024-01-19,2.0237598,-0.00065019448,1,1,0.0044447246,0.0068943905,0.0087979284,0.0041917973,1.6970485,0.30295146,0.69704854,0.0061522606,0.0056522606,0.0053825558,검증,0.0045248737,0.0045248737,0.0052699589,0.00023712509
2024-01-23,1.2152443,-0.0012594479,1,1,0.00056167504,0.0024645718,0.0011181166,0.00029862335,1.7014073,0.29859267,0.70140733,0.0018963808,0.0013963808,0.00112624,검증,-0.0005,0.00050472304,0.0035319165,0.0042784422
2024-01-29,1.0387187,-0.00083868766,1,1,0.0084308113,0.014426028,0.016806202,0.0064346997,1.6989329,0.30106707,0.69893293,0.012621066,0.012121066,0.011851173,검증,0.010210117,0.015550528,0.01351406,0.014263319
2024-01-30,1.0515074,-0.0028806589,1,1,-0.0068747506,-0.013751868,-0.013678972,-0.010206476,1.7576411,0.24235891,0.75764109,-0.012085138,-0.012585138,-0.012860902,검증,-0.016802945,-0.019056255,-0.015066216,-0.011785646
2024-02-01,1.9703977,-0.0011823474,1,1,0.018469575,0.035988926,0.03698515,0.019411117,2,0,1,0.035988926,0.035488926,0.035188926,검증,0.034677073,0.031662061,0.030384398,0.025874127
2024-02-27,1.019474,-0.0010097467,1,1,-0.0089175711,-0.015745856,-0.017828866,-0.010185471,1.6269028,0.37309719,0.62690281,-0.013198242,-0.013698242,-0.013960933,검증,-0.016361509,-0.014156067,-0.010092581,-0.00985521
2024-03-12,1.127765,-0.00035312063,1,1,0.0054135425,0.010784578,0.010793028,0.0032226698,1.9688085,0.031191477,0.96880852,0.010617048,0.010117048,0.0098201667,검증,0.0078895645,0.010353734,0.014449151,0.017761301
2024-03-18,1.7138544,-0.00048907053,1,1,0.0032031859,0.0048257373,0.0063861002,0.0015800854,1.8468231,0.15317685,0.84682315,0.0045772,0.0040772,0.0037925176,검증,0.0030514614,0.0058259138,0.0078634873,0.0078634873
2024-03-20,1.6032968,-0.0027259627,1,1,0.0099104305,0.019940717,0.019671943,0.0062314787,1.9490264,0.050973647,0.94902635,0.019429437,0.018929437,0.018634534,검증,0.014021313,0.013231563,0.010533272,0.0081841687
2024-03-21,3.03176,-0.0012100714,1,1,0.010698198,0.019387755,0.021060216,0.0099737817,1.8734344,0.12656558,0.87343442,0.018287956,0.017787956,0.017500613,검증,0.017024081,0.017288065,0.017024081,0.016549267
2024-04-04,2.7140178,-0.0005997022,1,1,0.0029639068,0.0056930693,0.0058630137,0.0030978769,1.63666,0.36333997,0.63666003,0.0047014555,0.0042014555,0.0039377895,검증,0.0029104822,0.0025052938,0.0057114519,0.0033611079
2024-04-17,1.1474767,-0.0017349991,1,1,-0.012926038,-0.025885559,-0.025799734,-0.015130789,1.5570349,0.44296509,0.55703491,-0.020144943,-0.020644943,-0.020900647,검증,-0.023580097,-0.021694323,-0.020858517,-0.023142259
2024-04-18,1.623052,-0.0009897113,1,1,0.014788567,0.028356964,0.029499387,0.013577982,1.5578265,0.44217347,0.55782653,0.022357379,0.021857379,0.021601596,검증,0.021605184,0.020488351,0.023379011,0.016324025
2024-04-22,3.0525451,-0.0010724803,1,1,0.0048993876,0.0080066262,0.0097168802,0.0034019343,1.7596874,0.24031264,0.75968736,0.0072599174,0.0067599174,0.0064839487,검증,0.0038107505,0.0065185823,0.0082124063,0.0011689315
2024-04-24,1.7987643,-0.00081091591,1,1,0.0047870206,0.0069333333,0.0094475716,0.0053641542,1.6822357,0.31776432,0.68223568,0.0062513117,0.0057513117,0.0054830882,검증,0.0058329076,0.0019658116,-0.0009727027,0.0017281472
2024-05-02,1.281004,-0.0014790022,1,1,0.0044251577,0.0074468085,0.0089224039,0.0025868949,1.4104574,0.58954259,0.41045741,0.0056654167,0.0051654167,0.0049243709,검증,0.0043873746,0.0020379842,-9.8109225e-05,-0.0018637211
2024-05-10,1.4425077,-3.1473676e-05,1,1,-0.0034450186,-0.0070635721,-0.0068319559,-0.0044267969,1.3766832,0.62331685,0.37668315,-0.0048080668,-0.0053080668,-0.0055457351,검증,-0.0068830833,-0.0063546492,-0.0068830833,-0.0070716573
2024-06-05,1.4631429,-0.00080743375,1,1,0.0016688824,0.0036842105,0.0033104222,0.0021879444,1.5903498,0.40965021,0.59034979,0.0028586309,0.0023586309,0.002099596,검증,0.0029453128,0.0040244911,0.0088214025,0.0092765311
2024-06-13,1.963802,-0.0032466227,1,1,-0.0054459939,-0.0092131474,-0.010760577,-0.0057835672,1.7211074,0.2788926,0.7211074,-0.0081625162,-0.0086625162,-0.0089346269,검증,-0.011998541,-0.011305485,-0.011536619,-0.013519626
2024-07-04,1.0805551,-0.0012967099,1,1,0.0052945423,0.0094428706,0.010505093,0.0044206608,2,0,1,0.0094428706,0.0089428706,0.0086428706,검증,0.0087187711,0.0066377463,0.0058928035,0.0035587126
2024-07-26,1.737422,-0.0024657705,1,1,0.0033763215,0.0053340107,0.0067392145,0.0020351328,1.9330217,0.066978291,0.93302171,0.005202888,0.004702888,0.0044095858,검증,0.0023189699,0.0048859782,0.0077359487,0.0033334823
2024-07-31,1.1317727,-0.0030364396,1,1,0.014609586,0.025615269,0.029219171,0.011914577,1.8112307,0.18876926,0.81123074,0.023537734,0.023037734,0.022756611,검증,0.023047564,0.021827425,0.026264976,0.028473166
2024-08-06,11.660188,-0.0017023353,1,1,-0.011717582,-0.021543986,-0.022568945,-0.011283743,0.81074546,0.81074546,0,-0.0094999767,-0.0099053494,-0.010067499,검증,-0.013005383,-0.013575283,-0.015067406,-0.0061750233
2024-08-16,1.4242458,-0.00047541879,1,1,0.0014874688,0.0039936102,0.002911608,0.0020632551,0.7274917,0.7274917,0,0.0010821212,0.00071837534,0.000572877,검증,-0.00046565828,-0.00036374585,-0.0011579063,-7.8239058e-05
2024-09-05,1.052223,-0.0026996978,1,1,-0.0064326792,-0.01399226,-0.012803115,-0.0087116002,1.4528775,0.54712245,0.45287755,-0.0098562434,-0.010356243,-0.010601531,검증,-0.012105352,-0.01007174,-0.014550241,-0.014550241
2024-09-12,1.256406,-0.0023225492,1,1,0.0090024552,0.019656786,0.01776422,0.0085352261,1.6691778,0.33082224,0.66917776,0.016132097,0.015632097,0.015365179,검증,0.013043219,0.014007577,0.014973913,0.014261684
2024-09-26,2.684263,-0.00017799738,1,1,0.015775842,0.032762692,0.031015826,0.016425231,1.6512666,0.34873339,0.65126661,0.02683881,0.02633881,0.026073683,검증,0.024754057,0.023574072,0.021907434,0.016023331
2024-11-18,2.9575975,-0.0036810972,1,1,0.012004954,0.028651293,0.023750432,0.01139373,1.6357096,0.36429035,0.63570965,0.022587192,0.022087192,0.021823621,검증,0.018969796,0.019232843,0.016190509,0.010164443
2024-11-25,1.0574419,-0.00089838824,1,1,0.002694675,0.0064808814,0.0053415885,0.002889829,1.4983006,0.50169944,0.49830056,0.0045813438,0.0040813438,0.0038315137,검증,0.0024152895,0.0037424933,0.0057176015,0.0059478246
2025-01-07,1.1504862,-0.0041014163,1,1,-0.0090639067,-0.016388069,-0.017960075,-0.013623085,1.3197243,0.68027566,0.31972434,-0.01140562,-0.01190562,-0.012137592,검증,-0.016634067,-0.019103721,-0.015098244,-0.013359055
2025-02-04,2.1777425,-0.00077923227,1,1,0.00015591867,0.0037697053,0.00030809046,0.00042607584,1.6035022,0.39649779,0.60350221,0.0023368469,0.0018368469,0.0015764967,검증,-0.0012424156,0.00044212161,0.0021328638,-5.3973011e-05
2025-03-05,2.0182909,-0.0010314292,1,1,0.00030255355,0.0019442644,0.00060078102,0.00056398231,1.616892,0.38310803,0.61689197,0.0013153118,0.0008153118,0.0005536226,검증,-0.0040358954,-0.0045181467,-0.0070656225,-0.0066340321
2025-03-12,1.3306508,-0.00043894511,1,1,0.011366385,0.026623377,0.022632878,0.011482998,1.6585354,0.34146462,0.65853538,0.021413654,0.020913654,0.0206478,검증,0.021969055,0.024183251,0.023976842,0.020686479
2025-04-08,3.1928327,-0.0025030298,1,1,-0.019069218,-0.040102078,-0.037441204,-0.022203299,1.0282976,0.97170239,0.02829761,-0.019664397,-0.020164397,-0.020367227,검증,-0.019218953,-0.016376009,-0.01873555,-0.017799587
2025-04-22,1.0907998,-0.0025003144,1,1,0.0016670268,0.0017140898,0.0033508113,0.0014323155,0.78885732,0.78885732,0,0.0013150463,0.00092061765,0.00076284619,검증,0.00043297598,-0.00017557857,-5.3942704e-05,-0.00027286026
2025-06-04,1.4036238,-0.0031556577,1,1,0.014346646,0.027561247,0.028314521,0.012010615,1.9519438,0.048056152,0.95194385,0.026926204,0.026426204,0.02613101,검증,0.02549802,0.022010798,0.018763233,0.018493544
2025-06-16,1.0906838,-0.00039289587,1,1,0.014717354,0.026238352,0.029332504,0.014046823,1.5918621,0.40813786,0.59186214,0.021536197,0.021036197,0.02077701,검증,0.022483573,0.02375433,0.018775831,0.017937257
2025-06-24,1.5668324,-0.0017613662,1,1,0.017366919,0.031641397,0.034214544,0.015410043,1.8013377,0.19866225,0.80133775,0.028805598,0.028305598,0.028025464,검증,0.025023683,0.021731151,0.022796572,0.018680955
2025-08-22,1.4492752,-0.0013127664,1,1,0.0018372394,0.004091653,0.0036510871,0.0011682243,1.5515602,0.44843984,0.55156016,0.0030806842,0.0025806842,0.0023255281,검증,-0.0026346437,-0.0046155567,-0.0051184086,-0.0060149707
2025-09-12,1.0069525,-0.0023734794,1,1,0.0086979441,0.016725979,0.017201685,0.0075774071,1.9279181,0.072081864,0.92791814,0.016147303,0.015647303,0.015354511,검증,0.011888712,0.012522695,0.015024221,0.016727333
2025-10-02,3.3621116,-0.0012545966,1,1,0.0054081737,0.010742644,0.010565917,0.0043969466,1.6353137,0.3646863,0.6353137,0.0087972355,0.0082972355,0.0080337041,검증,0.0068254711,0.0074549845,0.0074549845,0.0059984582
2025-10-10,2.8398113,-0.0033090856,1,1,0.0065201304,0.0099303394,0.012804651,0.0054938516,1.4859339,0.5140661,0.4859339,0.0081772666,0.0076772666,0.0074286732,검증,0.012200521,0.0041441194,0.0066169448,0.016644617
2025-10-24,1.4484084,-6.1969169e-05,1,1,0.012848759,0.02583781,0.02536967,0.011698703,1.2351727,0.76482735,0.23517265,0.015903428,0.015403428,0.015179911,검증,0.015154122,0.012752908,0.013674955,0.015154122
2025-10-29,1.751664,-0.0011947505,1,1,0.0085203067,0.018246027,0.016836198,0.0071725645,1.1163714,0.88362856,0.11637144,0.0096521029,0.0091521029,0.0089404657,검증,0.0092874975,0.012857794,0.012857794,0.019794753
2025-11-10,1.2873141,-0.00028045749,1,1,0.020254248,0.040076336,0.040108037,0.020017021,0.97556854,0.97556854,0,0.019759407,0.019271623,0.019076509,검증,0.017694718,0.013853215,0.019999747,0.012906235
2025-11-17,2.5617262,-0.0029194069,1,1,0.0054941197,0.006947661,0.010820528,0.0038647007,0.88531144,0.88531144,0,0.004864007,0.0044213513,0.004244289,검증,0.002254763,0.0030173497,0.0007800005,0.0043433155
2025-11-20,3.6210835,-0.00086466033,1,1,-0.0075613031,-0.011938534,-0.014704619,-0.0088190858,0.81583584,0.81583584,0,-0.0061687821,-0.0065767,-0.0067398671,검증,-0.0072627132,-0.0089584512,-0.0076908814,-0.003633709
2025-11-24,1.6241879,-8.7658369e-05,1,1,-0.017942213,-0.027470431,-0.035261412,-0.01763787,0.7628967,0.7628967,0,-0.013688055,-0.014069503,-0.014222082,검증,-0.013453864,-0.010593881,-0.0088368891,-0.004723859
2025-11-25,2.5321502,-0.0011553224,1,1,-0.020460173,-0.041367352,-0.039824099,-0.021418047,0.79353989,0.79353989,0,-0.016235964,-0.016632734,-0.016791442,검증,-0.0154508,-0.017530848,-0.015168858,-0.011157367
2025-12-19,1.4556571,-0.0017646057,1,1,-0.0092794855,-0.020702489,-0.018294258,-0.011942218,1.0741667,0.92583327,0.074166731,-0.010126692,-0.010626692,-0.010834109,검증,-0.011263033,-0.010633422,-0.0068379083,-0.0036702052
2026-01-05,2.5403301,-0.0024582752,1,1,0.018635991,0.032200019,0.036590089,0.016817918,1.2417675,0.75823248,0.24176752,0.021915332,0.021415332,0.021191155,검증,0.018820372,0.013448121,0.0080416332,0.013252528
2026-01-22,1.328186,-0.00053266757,1,1,-0.0082796054,-0.018529284,-0.016252468,-0.0081430317,1.6429935,0.35700655,0.64299345,-0.014870081,-0.015370081,-0.015634381,검증,-0.017693612,-0.020388946,-0.017475548,-0.024359163
2026-01-28,1.0274248,-0.0007299228,1,1,0.0069388951,0.0085621093,0.01371901,0.0062866389,1.4716857,0.52831429,0.47168571,0.007704542,0.007204542,0.0069573735,검증,0.010129287,0.0061481787,0.0057578353,0.0030542067
2026-01-29,1.924286,-0.0021992676,1,1,-0.0020730658,-0.010365059,-0.0040878765,-0.0074288233,1.5149752,0.48502478,0.51497522,-0.0063432367,-0.0068432367,-0.0070947342,검증,-0.0094793455,-0.0062154189,-0.0022437482,-0.0045842601
2026-02-09,3.6683434,-0.0022510244,1,1,-0.00032108501,-0.0014781491,-0.00061720013,-0.0014065777,0.72480871,0.72480871,0,-0.00023272521,-0.00059512957,-0.00074009131,검증,-0.0041325286,-0.0054111453,-0.0034868995,-0.00040895956
2026-02-12,1.5036856,-0.0010285699,1,1,0.021304342,0.040618481,0.042006626,0.02015872,0.6879746,0.6879746,0,0.014656846,0.014312859,0.014175264,검증,0.013740288,0.013002203,0.015185796,0.015450863
2026-02-19,2.3298925,-0.00067896282,1,1,0.0057214139,0.008988764,0.011169914,0.0049275224,0.67044586,0.67044586,0,0.0038358983,0.0035006753,0.0033665862,검증,0.0030802939,0.00030505006,0.0010589352,0.00034510773
2026-03-17,2.1891173,-0.00081282292,1,1,-0.012437022,-0.021919533,-0.024110375,-0.014659011,0.38976156,0.38976156,0,-0.0048474731,-0.0050423539,-0.0051203062,검증,-0.0043629387,-0.0048160344,-0.0037996173,-0.0045669636
2026-04-03,2.2110501,-0.0033893241,1,1,0.0045423746,0.0072963384,0.0088615806,0.0012290867,0.44807721,0.44807721,0,0.0020353345,0.0018112959,0.0017216805,검증,0.0018677043,-0.00055959736,-0.0010842968,-0.0020245529
2026-04-07,1.3872934,-0.0025622427,1,1,-0.0093836202,-0.018541409,-0.018370475,-0.010603687,0.46939492,0.46939492,0,-0.0044046237,-0.0046393211,-0.0047332001,검증,-0.0050085882,-0.0048687432,-0.0048967189,-0.0046728187
2026-04-08,4.7606359,-0.0019767388,1,1,0.013095034,0.015330778,0.02475848,0.012245881,0.49834974,0.49834974,0,0.0065259065,0.0062767317,0.0061770617,검증,0.0010390469,0.002618813,0.0041856545,0.0054969364
2026-04-14,1.4459502,-0.00091624756,1,1,0.0020520828,0.0039974416,0.0039993479,0.0011384183,0.45633603,0.45633603,0,0.0009364393,0.00070827128,0.00061700408,검증,0.0014949513,0.0017714488,0.0019252029,0.0015205389
2026-04-21,1.1627339,-0.0019950654,1,1,0.012959554,0.029818804,0.025603458,0.013577425,0.5248399,0.5248399,0,0.006801691,0.0065392711,0.0064343031,검증,0.0052670803,0.0044391162,0.0029287961,0.0013667366
2026-05-04,1.1426037,-0.0010048906,1,1,0.026963371,0.05733907,0.052580424,0.026652713,0.90484294,0.90484294,0,0.024397616,0.023945195,0.023764226,검증,0.024444694,0.026129584,0.027491049,0.024990477
2026-05-11,2.4952692,-0.0011028161,1,1,0.009743577,0.025127589,0.018738468,0.0086843573,0.8127869,0.8127869,0,0.0079194517,0.0075130583,0.0073505009,검증,0.0048628786,0.0039157255,0.0055746857,0.003611749
2026-05-20,1.1535765,-0.00047119137,1,1,-0.012674138,-0.027415625,-0.025242735,-0.014068344,0.59476189,0.59476189,0,-0.0075380945,-0.0078354755,-0.0079544279,검증,-0.0060926463,-0.005860528,-0.00058643707,0.0014640327
2026-05-21,1.9734351,-0.0020048672,1,1,0.045582251,0.093588799,0.087911727,0.046212962,0.591208,0.591208,0,0.026948591,0.026652987,0.026534746,검증,0.026520989,0.024716676,0.022585093,0.023703765
2026-05-26,1.7924272,-0.0048067959,1,1,0.0029652887,0.0060001667,0.0057917151,-0.0013230867,0.51953411,0.51953411,0,0.0015405686,0.0012808016,0.0011768947,검증,-0.0038853721,-0.00050606763,0.00012657394,0.0026227939
2026-05-27,1.431048,-0.0051964185,1,1,0.0065876865,-0.037397271,0.012878582,0.0019671221,0.51723895,0.51723895,0,0.0034074081,0.0031487886,0.0030453408,검증,-0.01219538,-0.011930126,-0.012119622,-0.011550707
2026-06-08,1.8656717,-0.08101332,1,1,0.0045800884,0.013878205,0.010188792,-0.075046188,0.5099877,0.5099877,0,0.0023357887,0.0020807949,0.0019787974,검증,0.0020807556,0.0020807556,-0.0033898769,-0.0033898769
2026-06-12,3.1970672,-0.0096798643,1,1,-0.016991771,-0.045183246,-0.032114287,-0.020079224,0.40454426,0.40454426,0,-0.0068739233,-0.0070761954,-0.0071571043,검증,-0.010214578,-0.011948667,-0.010453029,-0.011638012
2026-06-15,3.224913,-0.0039783935,1,1,-0.00022051365,0.01515,-0.00041933996,-5.1458102e-05,0.39848715,0.39848715,0,-8.7871855e-05,-0.00028711543,-0.00036681286,검증,-0.0027434413,-0.00050662335,-0.00056511812,-0.00072589017
2026-06-18,1.349556,-0.0010711438,1,1,0.032601272,0.070134664,0.065087967,0.026910816,0.41246732,0.41246732,0,0.013446959,0.013240725,0.013158232,검증,0.011231761,0.009733883,0.0095776029,0.0091212202
2026-06-24,2.8595391,-0.006792986,1,1,0.025994612,0.04072817,0.0512941,0.015292923,0.38932703,0.38932703,0,0.010120405,0.0099257417,0.0098478763,검증,0.0060195127,0.0054083596,0.010580637,0.0020176478
2026-07-10,1.6260215,-0.001841223,1,1,-0.013458575,-0.030900322,-0.025951243,-0.014794263,0.38620028,0.38620028,0,-0.0051977054,-0.0053908056,-0.0054680456,검증,-0.0051094592,-0.0032742483,-0.0037000519,-0.001453165
2026-07-23,1.6800877,-0.0046506067,1,1,0.018072723,0.0316,0.035225427,0.015525962,0.37130136,0.37130136,0,0.0067104268,0.0065247761,0.0064505158,검증,0.0064225156,0.0050523935,0.0051199875,0.0039271482
2026-07-30,1.5065994,-0.0031697571,1,1,-0.018919675,-0.041280913,-0.03788176,-0.020862324,0.34570367,0.34570367,0,-0.0065406013,-0.0067134531,-0.0067825938,검증,-0.0099663199,-0.0057806404,-0.0028735089,-0.0094627623
2026-08-12,1.0588161,-0.0023946561,1,1,0.026852312,0.055789474,0.053026955,0.026780905,0.2835806,0.2835806,0,0.0076147948,0.0074730045,0.0074162884,검증,0.0078499753,0.0080242911,0.0072415066,0.0071836897
2026-08-14,1.0679258,-0.0057956822,1,1,-0.0014516422,-0.0040793052,-0.0028276045,-0.0045323519,0.28523622,0.28523622,0,-0.00041406092,-0.00055667903,-0.00061372627,검증,-0.00050498717,-0.001291255,-0.0013426619,-0.0013041084
2026-08-20,1.7537351,-0.00236794,1,1,0.03062634,0.059035558,0.05943248,0.03037813,0.2916829,0.2916829,0,0.0089331794,0.008787338,0.0087290014,검증,0.0088446227,0.0096777119,0.011212243,0.011139509
2026-08-27,1.6141508,-0.00079389553,1,1,-0.015915239,-0.028812739,-0.030940486,-0.01372581,0.32157052,0.32157052,0,-0.0051178717,-0.0052786569,-0.005342971,검증,-0.0044059406,-0.0044489736,-0.004821438,-0.0046353152
