id,block,mode,desc,rank_etf5_design,elig_etf5,rank_fut2_design,elig_fut2,dsg5_trades,dsg5_tpy,dsg5_win,dsg5_gross_bp,dsg5_net_bp,dsg5_t_net,dsg5_cagr,dsg5_sharpe,dsg5_mdd,dsg5_calmar,dsg2_trades,dsg2_tpy,dsg2_win,dsg2_gross_bp,dsg2_net_bp,dsg2_t_net,dsg2_cagr,dsg2_sharpe,dsg2_mdd,dsg2_calmar,val5_trades,val5_tpy,val5_win,val5_gross_bp,val5_net_bp,val5_t_net,val5_cagr,val5_sharpe,val5_mdd,val5_calmar,val2_trades,val2_tpy,val2_win,val2_gross_bp,val2_net_bp,val2_t_net,val2_cagr,val2_sharpe,val2_mdd,val2_calmar
IM_ON30_1400_LO,IM,LO,장중 모멘텀 ON30 부호 → 14:00 진입 → 15:30 종가 (롱),33,0,41,0,266,137.08,0.390977,-0.147149,-5.14715,-3.4461,-0.0686567,-2.10651,-0.131827,-0.520811,266,137.08,0.443609,-0.147149,-2.14715,-1.43755,-0.0295429,-0.884155,-0.06641,-0.444856,247,147.149,0.461538,-0.134287,-5.13429,-0.975564,-0.0771442,-0.776893,-0.157569,-0.48959,247,147.149,0.502024,-0.134287,-2.13429,-0.405535,-0.0354742,-0.323178,-0.136628,-0.259641
IM_ON30_1400_LS,IM,LS,장중 모멘텀 ON30 부호 → 14:00 진입 → 15:30 종가 (롱숏),,,35,0,485,249.939,0.408247,0.788884,-4.21112,-3.3265,-0.100797,-2.38576,-0.205427,-0.490669,485,249.939,0.476289,0.788884,-1.21112,-0.956701,-0.0307604,-0.686202,-0.0980464,-0.313733,419,249.617,0.434368,-4.38574,-9.38574,-2.31103,-0.216155,-1.73273,-0.347053,-0.62283,419,249.617,0.47494,-4.38574,-6.38574,-1.57234,-0.155148,-1.17893,-0.260178,-0.596316
IM_ON30_1500_LO,IM,LO,장중 모멘텀 ON30 부호 → 15:00 진입 → 15:30 종가 (롱),37,0,47,0,266,137.08,0.345865,-0.620135,-5.62014,-5.58738,-0.0743499,-3.78846,-0.139222,-0.534037,266,137.08,0.409774,-0.620135,-2.62014,-2.60486,-0.0354735,-1.80023,-0.0725078,-0.489237,247,147.149,0.445344,2.51418,-2.48582,-1.13828,-0.0367996,-0.855745,-0.096809,-0.380126,247,147.149,0.518219,2.51418,0.514177,0.235447,0.00667797,0.177182,-0.045182,0.147802
IM_ON30_1500_LS,IM,LS,장중 모멘텀 ON30 부호 → 15:00 진입 → 15:30 종가 (롱숏),,,48,0,485,249.939,0.340206,-0.644743,-5.64474,-7.1991,-0.131915,-5.39248,-0.242383,-0.544242,485,249.939,0.410309,-0.644743,-2.64474,-3.37301,-0.0642926,-2.52749,-0.128683,-0.499621,419,249.617,0.391408,0.719618,-4.28038,-2.37106,-0.103141,-1.69279,-0.182567,-0.564946,419,249.617,0.472554,0.719618,-1.28038,-0.709251,-0.0333793,-0.506385,-0.0833718,-0.400367
IM_F30_1400_LO,IM,LO,장중 모멘텀 F30 부호 → 14:00 진입 → 15:30 종가 (롱),24,0,20,1,237,122.135,0.417722,2.14771,-2.85229,-1.7057,-0.0346408,-1.20597,-0.0731844,-0.473336,237,122.135,0.459916,2.14771,0.147712,0.0883335,0.00139167,0.0626466,-0.0383749,0.0362652,221,131.66,0.457014,0.336353,-4.66365,-0.842628,-0.0642823,-0.611523,-0.152,-0.42291,221,131.66,0.484163,0.336353,-1.66365,-0.300588,-0.0265688,-0.218276,-0.120299,-0.220856
IM_F30_1400_LS,IM,LS,장중 모멘텀 F30 부호 → 14:00 진입 → 15:30 종가 (롱숏),,,4,1,478,246.331,0.449791,3.12062,-1.87938,-1.37819,-0.046149,-1.06138,-0.127925,-0.360751,478,246.331,0.504184,3.12062,1.12062,0.821775,0.0270133,0.632887,-0.0793455,0.340452,418,249.021,0.423445,-3.35557,-8.35557,-2.11795,-0.195021,-1.57037,-0.329993,-0.590984,418,249.021,0.45933,-3.35557,-5.35557,-1.35752,-0.132531,-1.00658,-0.249459,-0.531274
IM_F30_1500_LO,IM,LO,장중 모멘텀 F30 부호 → 15:00 진입 → 15:30 종가 (롱),35,0,31,0,237,122.135,0.371308,1.1797,-3.8203,-3.81392,-0.0457658,-2.43949,-0.0869639,-0.526262,237,122.135,0.443038,1.1797,-0.820301,-0.81893,-0.0101452,-0.530213,-0.0346337,-0.292929,221,131.66,0.411765,1.02746,-3.97254,-1.54115,-0.0520239,-1.1053,-0.106699,-0.487575,221,131.66,0.488688,1.02746,-0.972535,-0.377297,-0.0138212,-0.27116,-0.0591434,-0.23369
IM_F30_1500_LS,IM,LS,장중 모멘텀 F30 부호 → 15:00 진입 → 15:30 종가 (롱숏),,,39,0,478,246.331,0.380753,1.1773,-3.8227,-5.25072,-0.0901892,-3.63015,-0.171589,-0.525611,478,246.331,0.458159,1.1773,-0.822705,-1.13004,-0.0203911,-0.781714,-0.0515346,-0.395679,418,249.021,0.356459,-1.07512,-6.07512,-3.18469,-0.142111,-2.41875,-0.234038,-0.607215,418,249.021,0.42823,-1.07512,-3.07512,-1.61203,-0.0755339,-1.22446,-0.144514,-0.522677
IM_F60_1400_LO,IM,LO,장중 모멘텀 F60 부호 → 14:00 진입 → 15:30 종가 (롱),29,0,27,0,234,120.589,0.405983,1.47035,-3.52965,-2.30096,-0.0420709,-1.47699,-0.0810217,-0.519255,234,120.589,0.444444,1.47035,-0.529648,-0.345275,-0.00677417,-0.222664,-0.0283889,-0.238621,231,137.617,0.458874,0.992882,-4.00712,-0.911516,-0.0580821,-0.569129,-0.121957,-0.476252,231,137.617,0.484848,0.992882,-1.00712,-0.229093,-0.0183681,-0.143112,-0.106779,-0.172019
IM_F60_1400_LS,IM,LS,장중 모멘텀 F60 부호 → 14:00 진입 → 15:30 종가 (롱숏),,,13,1,478,246.331,0.430962,2.43042,-2.56958,-2.01547,-0.0622276,-1.45536,-0.123582,-0.503532,478,246.331,0.483264,2.43042,0.430416,0.337599,0.00970669,0.243801,-0.0665529,0.145849,419,249.617,0.429594,-2.87416,-7.87416,-2.02748,-0.185979,-1.45452,-0.315415,-0.589633,419,249.617,0.460621,-2.87416,-4.87416,-1.25503,-0.122634,-0.90038,-0.233111,-0.526076
IM_F60_1500_LO,IM,LO,장중 모멘텀 F60 부호 → 15:00 진입 → 15:30 종가 (롱),36,0,32,0,234,120.589,0.367521,1.11506,-3.88494,-3.89955,-0.0459388,-2.50149,-0.0872852,-0.526307,234,120.589,0.42735,1.11506,-0.884939,-0.888266,-0.0107835,-0.577277,-0.0401821,-0.268366,231,137.617,0.419913,1.27348,-3.72652,-1.5232,-0.0509226,-1.16049,-0.110758,-0.459764,231,137.617,0.497835,1.27348,-0.726516,-0.29696,-0.0109101,-0.226734,-0.059305,-0.183965
IM_F60_1500_LS,IM,LS,장중 모멘텀 F60 부호 → 15:00 진입 → 15:30 종가 (롱숏),,,40,0,478,246.331,0.378661,1.12787,-3.87213,-5.47888,-0.0912988,-3.6638,-0.172149,-0.530348,478,246.331,0.441423,1.12787,-0.872128,-1.23402,-0.0215855,-0.825687,-0.0514081,-0.419885,419,249.617,0.369928,-0.680886,-5.68089,-2.81864,-0.133957,-2.25449,-0.241371,-0.554985,419,249.617,0.446301,-0.680886,-2.68089,-1.33015,-0.066583,-1.06401,-0.157578,-0.422539
REG_z>0_LO,REG,LO,국면 z>0 → 09:01 진입 → 15:30 종가 (롱),20,0,28,0,250,128.834,0.508,0.0690017,-4.931,-1.1133,-0.0651499,-0.725971,-0.204026,-0.319322,250,128.834,0.524,0.0690017,-1.931,-0.435974,-0.0282951,-0.284535,-0.161172,-0.175559,235,140,0.519149,10.6349,5.63487,0.494057,0.0580227,0.372079,-0.274132,0.21166,235,140,0.523404,10.6349,8.63487,0.757093,0.103388,0.570004,-0.261539,0.395306
REG_z>=1_LO,REG,LO,국면 z>=1 → 09:01 진입 → 15:30 종가 (롱),4,0,15,1,75,38.6503,0.573333,4.34664,-0.653361,-0.0710913,-0.00405796,-0.0454677,-0.0666489,-0.0608857,75,38.6503,0.573333,4.34664,2.34664,0.255335,0.00755723,0.16326,-0.0577718,0.130812,84,50.0426,0.52381,11.6207,6.6207,0.31871,0.0203466,0.204963,-0.187532,0.108497,84,50.0426,0.52381,11.6207,9.6207,0.463125,0.0357759,0.297725,-0.181608,0.196995
REG_gap>0_LO,REG,LO,국면 gap>0 → 09:01 진입 → 15:30 종가 (롱),23,0,34,0,281,144.81,0.491103,-2.09865,-7.09865,-1.812,-0.101787,-1.08016,-0.2364,-0.430569,281,144.81,0.501779,-2.09865,-4.09865,-1.04622,-0.0618804,-0.624382,-0.184492,-0.335409,261,155.489,0.505747,22.09,17.09,1.69826,0.25835,0.959458,-0.147189,1.75523,261,155.489,0.509579,22.09,20.09,1.99637,0.318352,1.12739,-0.142014,2.2417
REG_flow_hi_LO,REG,LO,국면 flow_hi → 09:01 진입 → 15:30 종가 (롱),6,0,12,1,193,99.4601,0.502591,3.87714,-1.12286,-0.190718,-0.0139053,-0.148133,-0.114345,-0.121608,193,99.4601,0.528497,3.87714,1.87714,0.318832,0.0159618,0.24761,-0.107187,0.148915,169,100.681,0.526627,16.6979,11.6979,0.994177,0.104526,0.614572,-0.134839,0.775194,169,100.681,0.526627,16.6979,14.6979,1.24914,0.138364,0.771679,-0.13194,1.04868
REG_ma_up_LO,REG,LO,국면 ma_up → 09:01 진입 → 15:30 종가 (롱),27,0,38,0,264,136.049,0.469697,-2.67484,-7.67484,-2.25677,-0.102353,-1.24055,-0.210851,-0.485428,264,136.049,0.492424,-2.67484,-4.67484,-1.37463,-0.0649325,-0.756875,-0.150004,-0.432873,302,179.915,0.503311,7.57917,2.57917,0.287948,0.0195349,0.201084,-0.30706,0.0636194,302,179.915,0.506623,7.57917,5.57917,0.622879,0.0760699,0.434926,-0.293545,0.259143
REG_z_sign_LS,REG,LS,국면 z_sign 롱/숏 → 09:01 진입 → 15:30 종가,,,10,1,485,249.939,0.494845,3.3576,-1.6424,-0.498296,-0.0481672,-0.317584,-0.213924,-0.22516,485,249.939,0.509278,3.3576,1.3576,0.411891,0.0259529,0.262515,-0.157968,0.164291,417,248.426,0.486811,3.61876,-1.38124,-0.118419,-0.0952505,-0.0967754,-0.408979,-0.232898,417,248.426,0.498801,3.61876,1.61876,0.138782,-0.0252066,0.113417,-0.40192,-0.0627155
REG_flow_LS,REG,LS,국면 flow 롱/숏 → 09:01 진입 → 15:30 종가,,,1,1,384,197.89,0.494792,7.84538,2.84538,0.684024,0.050623,0.476521,-0.131843,0.383963,384,197.89,0.520833,7.84538,5.84538,1.40522,0.11486,0.978547,-0.122643,0.936533,338,201.362,0.5,7.52938,2.52938,0.211872,-0.00558403,0.155791,-0.319995,-0.0174504,338,201.362,0.511834,7.52938,5.52938,0.463166,0.0563501,0.340554,-0.319295,0.176483
REG_ma_LS,REG,LS,국면 ma 롱/숏 → 09:01 진입 → 15:30 종가,,,29,0,485,249.939,0.45567,0.374473,-4.62553,-1.37229,-0.116579,-0.893664,-0.22546,-0.51707,485,249.939,0.474227,0.374473,-1.62553,-0.482259,-0.0477648,-0.31406,-0.119972,-0.398133,420,250.213,0.483333,3.28502,-1.71498,-0.171683,-0.104006,-0.120767,-0.410248,-0.253521,420,250.213,0.490476,3.28502,1.28502,0.12864,-0.0341194,0.0904894,-0.394914,-0.086397
ORB5_none,ORB5,LO,"5분 ORB(첫 15분 범위) 상단 돌파 롱, 필터 none",10,0,9,1,232,119.558,0.452586,3.61875,-1.38125,-0.362827,-0.0185764,-0.246549,-0.127964,-0.14517,232,119.558,0.491379,3.61875,1.61875,0.425216,0.0172646,0.288929,-0.0842295,0.204971,219,130.468,0.515982,-1.72949,-6.72949,-0.756527,-0.101071,-0.456763,-0.242687,-0.416468,219,130.468,0.525114,-1.72949,-3.72949,-0.419268,-0.0651595,-0.253206,-0.230482,-0.282709
ORB5_z>0,ORB5,LO,"5분 ORB(첫 15분 범위) 상단 돌파 롱, 필터 z>0",8,0,14,1,124,63.9018,0.483871,3.41839,-1.58161,-0.332955,-0.011244,-0.206009,-0.0724301,-0.155239,124,63.9018,0.508065,3.41839,1.41839,0.298593,0.00789475,0.184757,-0.0567528,0.139108,119,70.8936,0.529412,-0.857103,-5.8571,-0.515906,-0.0472789,-0.354324,-0.185537,-0.254822,119,70.8936,0.529412,-0.857103,-2.8571,-0.25166,-0.0267863,-0.172924,-0.18083,-0.14813
ORB5_gap>0,ORB5,LO,"5분 ORB(첫 15분 범위) 상단 돌파 롱, 필터 gap>0",5,0,7,1,136,70.0859,0.470588,4.63126,-0.368737,-0.075575,-0.00408138,-0.0470276,-0.0709789,-0.0575013,136,70.0859,0.5,4.63126,2.63126,0.539293,0.0170788,0.335392,-0.0503561,0.33916,133,79.234,0.533835,6.12919,1.12919,0.120359,1.24277e-05,0.0667913,-0.110061,0.000112916,133,79.234,0.541353,6.12919,4.12919,0.440125,0.0240668,0.244182,-0.107088,0.224739
ORB5_flow_hi,ORB5,LO,"5분 ORB(첫 15분 범위) 상단 돌파 롱, 필터 flow_hi",11,0,22,1,96,49.4724,0.4375,2.14666,-2.85334,-0.410852,-0.0151693,-0.291489,-0.0669836,-0.226463,96,49.4724,0.489583,2.14666,0.146658,0.0211173,-0.000441019,0.0149925,-0.0582477,-0.00757145,88,52.4255,0.443182,-8.03098,-13.031,-0.962431,-0.0698256,-0.76038,-0.159625,-0.437434,88,52.4255,0.443182,-8.03098,-10.031,-0.740859,-0.055061,-0.586371,-0.14149,-0.389152
ORB5_ma_up,ORB5,LO,"5분 ORB(첫 15분 범위) 상단 돌파 롱, 필터 ma_up",7,0,11,1,127,65.4479,0.456693,3.89354,-1.10646,-0.219388,-0.00834854,-0.151165,-0.088227,-0.0946257,127,65.4479,0.503937,3.89354,1.89354,0.375448,0.0113142,0.25863,-0.076642,0.147624,161,95.9149,0.521739,-0.0563391,-5.05634,-0.514436,-0.0591589,-0.310391,-0.154502,-0.382901,161,95.9149,0.52795,-0.0563391,-2.05634,-0.209213,-0.0316762,-0.126264,-0.149527,-0.211843
ORB10_none,ORB10,LO,"10분 ORB(첫 30분 범위) 상단 돌파 롱, 필터 none",19,0,25,0,214,110.282,0.429907,1.34282,-3.65718,-1.02385,-0.0412336,-0.676728,-0.109753,-0.375696,214,110.282,0.457944,1.34282,-0.657178,-0.183982,-0.00897444,-0.121743,-0.0671559,-0.133636,220,131.064,0.540909,5.88801,0.888011,0.093428,-0.000792017,0.0738099,-0.188157,-0.00420933,220,131.064,0.554545,5.88801,3.88801,0.409059,0.0392766,0.323106,-0.179289,0.219069
ORB10_z>0,ORB10,LO,"10분 ORB(첫 30분 범위) 상단 돌파 롱, 필터 z>0",16,0,23,0,114,58.7485,0.438596,1.95377,-3.04623,-0.672419,-0.0187112,-0.401427,-0.0879338,-0.212788,114,58.7485,0.482456,1.95377,-0.0462267,-0.010204,-0.00125984,-0.00609811,-0.0744036,-0.0169326,127,75.6596,0.543307,-2.82189,-7.82189,-0.645714,-0.0634196,-0.527825,-0.202561,-0.313089,127,75.6596,0.559055,-2.82189,-4.82189,-0.398058,-0.0419007,-0.325645,-0.198429,-0.211163
ORB10_gap>0,ORB10,LO,"10분 ORB(첫 30분 범위) 상단 돌파 롱, 필터 gap>0",9,0,16,1,126,64.9325,0.436508,3.1551,-1.8449,-0.381154,-0.0130941,-0.244104,-0.0743109,-0.176207,126,64.9325,0.47619,3.1551,1.1551,0.238641,0.00632045,0.152865,-0.0601631,0.105055,138,82.2128,0.550725,2.89616,-2.10384,-0.232238,-0.0247583,-0.138633,-0.117972,-0.209865,138,82.2128,0.565217,2.89616,0.896165,0.0989256,-0.000399883,0.0590568,-0.108773,-0.00367631
ORB10_flow_hi,ORB10,LO,"10분 ORB(첫 30분 범위) 상단 돌파 롱, 필터 flow_hi",3,1,8,1,87,44.8344,0.45977,5.14181,0.141807,0.0200882,-0.000271741,0.0149006,-0.0563283,-0.00482423,87,44.8344,0.494253,5.14181,3.14181,0.445064,0.0132641,0.329801,-0.0503345,0.263518,93,55.4043,0.548387,-3.10489,-8.10489,-0.579695,-0.0483447,-0.46832,-0.131042,-0.368926,93,55.4043,0.569892,-3.10489,-5.10489,-0.365123,-0.0323815,-0.295249,-0.129439,-0.250169
ORB10_ma_up,ORB10,LO,"10분 ORB(첫 30분 범위) 상단 돌파 롱, 필터 ma_up",13,0,21,1,117,60.2945,0.401709,2.42806,-2.57194,-0.470034,-0.016371,-0.346232,-0.0754462,-0.216988,117,60.2945,0.42735,2.42806,0.428062,0.0782305,0.00158569,0.0576679,-0.0641627,0.0247136,162,96.5106,0.561728,15.3103,10.3103,1.06295,0.0972301,0.858804,-0.09924,0.979748,162,96.5106,0.580247,15.3103,13.3103,1.37223,0.129429,1.10695,-0.0932645,1.38776
ORB5S_none,ORB5S,LO,"5분 ORB 롱 + 손절 0.5×중앙고저폭, 필터 none",18,0,24,0,224,115.436,0.40625,1.6732,-3.3268,-1.00057,-0.0392344,-0.672999,-0.105303,-0.372584,224,115.436,0.446429,1.6732,-0.326799,-0.098288,-0.00537236,-0.0661801,-0.0604403,-0.0888871,219,130.468,0.484018,5.75979,0.759785,0.0901427,-0.00123041,0.06604,-0.140851,-0.00873552,219,130.468,0.488584,5.75979,3.75979,0.44607,0.0386347,0.326736,-0.138489,0.278973
ORB5S_z>0,ORB5S,LO,"5분 ORB 롱 + 손절 0.5×중앙고저폭, 필터 z>0",14,0,19,1,118,60.8098,0.440678,2.49644,-2.50356,-0.626647,-0.0159523,-0.366671,-0.0547736,-0.29124,118,60.8098,0.466102,2.49644,0.496443,0.124261,0.00216677,0.0727679,-0.0398984,0.0543073,119,70.8936,0.495798,0.721936,-4.27806,-0.415993,-0.0351608,-0.289772,-0.15636,-0.22487,119,70.8936,0.495798,0.721936,-1.27806,-0.124277,-0.0144117,-0.0866026,-0.149989,-0.0960849
ORB5S_gap>0,ORB5S,LO,"5분 ORB 롱 + 손절 0.5×중앙고저폭, 필터 gap>0",2,1,5,1,132,68.0245,0.431818,5.50943,0.509431,0.120072,0.00234195,0.0727638,-0.053568,0.0437192,132,68.0245,0.462121,5.50943,3.50943,0.827168,0.0230037,0.500602,-0.0447107,0.514503,133,79.234,0.511278,11.6286,6.62861,0.772096,0.0466351,0.442738,-0.080681,0.578019,133,79.234,0.511278,11.6286,9.62861,1.12153,0.0717957,0.642509,-0.0721349,0.995297
ORB5S_flow_hi,ORB5S,LO,"5분 ORB 롱 + 손절 0.5×중앙고저폭, 필터 flow_hi",1,1,6,1,95,48.9571,0.421053,5.81116,0.81116,0.127877,0.00312786,0.0960278,-0.0545552,0.0573339,95,48.9571,0.473684,5.81116,3.81116,0.600819,0.0179667,0.450456,-0.0482795,0.37214,88,52.4255,0.431818,-9.60969,-14.6097,-1.02428,-0.0770953,-0.899731,-0.17184,-0.448645,88,52.4255,0.431818,-9.60969,-11.6097,-0.813951,-0.0624441,-0.716598,-0.152187,-0.410312
ORB5S_ma_up,ORB5S,LO,"5분 ORB 롱 + 손절 0.5×중앙고저폭, 필터 ma_up",12,0,18,1,123,63.3865,0.422764,2.68063,-2.31937,-0.469853,-0.0155435,-0.333696,-0.0850448,-0.182769,123,63.3865,0.471545,2.68063,0.680632,0.137881,0.00335812,0.0979839,-0.0734203,0.0457383,161,95.9149,0.484472,10.2489,5.24893,0.648778,0.0453956,0.459353,-0.0964298,0.470763,161,95.9149,0.490683,10.2489,8.24893,1.01958,0.0758962,0.721171,-0.0925996,0.819617
ORB5LS_none,ORB5LS,LS,"5분 ORB 상단 롱/하단 숏, 국면 none",,,3,1,470,242.209,0.478723,5.58184,0.58184,0.210212,0.0091019,0.139971,-0.156347,0.0582161,470,242.209,0.502128,5.58184,3.58184,1.29407,0.0851424,0.86162,-0.12091,0.704177,410,244.255,0.463415,-5.31122,-10.3112,-1.42272,-0.251002,-0.926978,-0.463293,-0.541779,410,244.255,0.473171,-5.31122,-7.31122,-1.00878,-0.193987,-0.657296,-0.402655,-0.48177
ORB5LS_z_sign,ORB5LS,LS,"5분 ORB 상단 롱/하단 숏, 국면 z_sign",,,2,1,245,126.258,0.502041,7.49876,2.49876,0.641488,0.0291211,0.416369,-0.0638578,0.45603,245,126.258,0.522449,7.49876,5.49876,1.41166,0.0688347,0.915055,-0.0540046,1.27461,198,117.957,0.510101,7.41032,2.41032,0.242011,0.0118242,0.154736,-0.122425,0.0965833,198,117.957,0.510101,7.41032,5.41032,0.54323,0.0482668,0.347253,-0.115985,0.416148
VWPB_none,VWPB,LO,"5분 VWAP 눌림 매수(10:00 VWAP 위), 필터 none",34,0,46,0,169,87.092,0.390533,-5.92912,-10.9291,-3.4,-0.0916487,-2.21773,-0.179208,-0.511408,169,87.092,0.426036,-5.92912,-7.92912,-2.46671,-0.0675794,-1.62327,-0.136994,-0.493301,159,94.7234,0.477987,-3.37584,-8.37584,-0.925695,-0.0842907,-0.601234,-0.217413,-0.387699,159,94.7234,0.477987,-3.37584,-5.37584,-0.594136,-0.0578724,-0.38616,-0.183284,-0.315753
VWPB_z>0,VWPB,LO,"5분 VWAP 눌림 매수(10:00 VWAP 위), 필터 z>0",21,0,30,0,85,43.8037,0.423529,-1.19311,-6.19311,-1.99651,-0.0271252,-0.996175,-0.062028,-0.437306,85,43.8037,0.458824,-1.19311,-3.19311,-1.02938,-0.0142499,-0.517192,-0.0469789,-0.303325,92,54.8085,0.456522,-15.1546,-20.1546,-1.94739,-0.107037,-1.50066,-0.183702,-0.582665,92,54.8085,0.456522,-15.1546,-17.1546,-1.65752,-0.0922034,-1.283,-0.161816,-0.569804
VWPB_gap>0,VWPB,LO,"5분 VWAP 눌림 매수(10:00 VWAP 위), 필터 gap>0",25,0,37,0,95,48.9571,0.410526,-2.56302,-7.56302,-2.19362,-0.0368005,-1.21246,-0.086843,-0.423759,95,48.9571,0.442105,-2.56302,-4.56302,-1.32349,-0.0225405,-0.737225,-0.0668817,-0.337021,98,58.383,0.459184,-6.06075,-11.0608,-1.09599,-0.0665217,-0.694767,-0.158929,-0.418563,98,58.383,0.459184,-6.06075,-8.06075,-0.798722,-0.0500096,-0.507084,-0.13509,-0.370195
VWPB_flow_hi,VWPB,LO,"5분 VWAP 눌림 매수(10:00 VWAP 위), 필터 flow_hi",30,0,43,0,67,34.5276,0.41791,-8.6405,-13.6405,-2.49299,-0.0464016,-1.64498,-0.0919835,-0.504456,67,34.5276,0.447761,-8.6405,-10.6405,-1.9447,-0.0364603,-1.30057,-0.0762984,-0.477864,69,41.1064,0.449275,-10.2431,-15.2431,-1.35804,-0.0633619,-0.840385,-0.144009,-0.439984,69,41.1064,0.449275,-10.2431,-12.2431,-1.09076,-0.0517222,-0.676721,-0.129207,-0.400305
VWPB_ma_up,VWPB,LO,"5분 VWAP 눌림 매수(10:00 VWAP 위), 필터 ma_up",32,0,45,0,93,47.9264,0.376344,-7.87432,-12.8743,-2.96871,-0.0602859,-2.01379,-0.119559,-0.504237,93,47.9264,0.397849,-7.87432,-9.87432,-2.27694,-0.0466614,-1.56684,-0.0984117,-0.474144,113,67.3191,0.469027,-4.84997,-9.84997,-1.13027,-0.0684423,-0.696981,-0.143987,-0.475338,113,67.3191,0.469027,-4.84997,-6.84997,-0.786024,-0.0494189,-0.485367,-0.117849,-0.419341
H60_z>0,H60,LO,"60분봉 오전 눌림 후 VWAP 위 마감 매수, 필터 z>0",15,0,17,1,77,39.681,0.454545,2.83596,-2.16404,-0.892562,-0.00880224,-0.380907,-0.0321696,-0.27362,77,39.681,0.493506,2.83596,0.83596,0.344793,0.00306873,0.147336,-0.017779,0.172604,84,50.0426,0.511905,-0.892037,-5.89204,-0.515989,-0.032669,-0.341835,-0.0851491,-0.383668,84,50.0426,0.547619,-0.892037,-2.89204,-0.253267,-0.0180285,-0.167905,-0.0832011,-0.216685
H60_ma_up,H60,LO,"60분봉 오전 눌림 후 VWAP 위 마감 매수, 필터 ma_up",26,0,36,0,81,41.7423,0.493827,-2.43275,-7.43275,-1.88943,-0.0308679,-1.2154,-0.063673,-0.484788,81,41.7423,0.493827,-2.43275,-4.43275,-1.12682,-0.018648,-0.731851,-0.0420638,-0.443326,89,53.0213,0.505618,7.6352,2.6352,0.450434,0.0124735,0.248788,-0.056933,0.219091,89,53.0213,0.550562,7.6352,5.6352,0.963222,0.0287012,0.531141,-0.0503227,0.570344
H60_flow_hi,H60,LO,"60분봉 오전 눌림 후 VWAP 위 마감 매수, 필터 flow_hi",22,0,33,0,63,32.4663,0.507937,-2.3858,-7.3858,-1.20646,-0.0239635,-1.02291,-0.0597607,-0.400991,63,32.4663,0.52381,-2.3858,-4.3858,-0.716412,-0.0144048,-0.613025,-0.0489647,-0.294187,50,29.7872,0.5,0.224793,-4.77521,-0.342577,-0.0178794,-0.163461,-0.0956305,-0.186963,50,29.7872,0.56,0.224793,-1.77521,-0.127355,-0.00905848,-0.0607883,-0.093973,-0.0963945
H120_z>0,H120,LO,"120분봉 오전 눌림 후 VWAP 위 마감 매수, 필터 z>0",17,0,26,0,39,20.0982,0.410256,0.162356,-4.83764,-0.975858,-0.00981677,-0.576379,-0.0261655,-0.37518,39,20.0982,0.435897,0.162356,-1.83764,-0.370693,-0.00382639,-0.220387,-0.0211868,-0.180602,41,24.4255,0.365854,-13.2266,-18.2266,-2.38559,-0.0444211,-1.04526,-0.0765962,-0.579938,41,24.4255,0.390244,-13.2266,-15.2266,-1.99294,-0.0373809,-0.878603,-0.0686624,-0.544415
H120_ma_up,H120,LO,"120분봉 오전 눌림 후 VWAP 위 마감 매수, 필터 ma_up",31,0,44,0,44,22.6748,0.363636,-5.5676,-10.5676,-3.33115,-0.023761,-1.84021,-0.0550043,-0.431983,44,22.6748,0.386364,-5.5676,-7.5676,-2.38548,-0.0170914,-1.36382,-0.0432946,-0.394769,45,26.8085,0.377778,-9.00135,-14.0014,-1.47131,-0.0376774,-0.906086,-0.0764195,-0.493033,45,26.8085,0.422222,-9.00135,-11.0014,-1.15606,-0.0298964,-0.715709,-0.0644185,-0.464096
H120_flow_hi,H120,LO,"120분봉 오전 눌림 후 VWAP 위 마감 매수, 필터 flow_hi",28,0,42,0,36,18.5521,0.416667,-6.1064,-11.1064,-1.65206,-0.0205137,-1.32383,-0.0459712,-0.44623,36,18.5521,0.444444,-6.1064,-8.1064,-1.20581,-0.0150417,-0.986667,-0.0393792,-0.381972,23,13.7021,0.478261,3.4927,-1.5073,-0.125314,-0.00284291,-0.0524462,-0.0430029,-0.0661098,23,13.7021,0.521739,3.4927,1.4927,0.124099,0.00126495,0.0519381,-0.0424157,0.0298227
