id,label,cost_bp,quarter,trades,win,net_bp,ret,bh_ret
ORB5S_flow_hi,ORB5S_flow_hi (5bp),5,2023Q1,9,0.444444,-6.91459,-0.00634748,0.107103
ORB5S_flow_hi,ORB5S_flow_hi (5bp),5,2023Q2,15,0.2,-21.5476,-0.0318858,0.0531831
ORB5S_flow_hi,ORB5S_flow_hi (5bp),5,2023Q3,11,0.545455,20.3996,0.0225261,-0.0298182
ORB5S_flow_hi,ORB5S_flow_hi (5bp),5,2023Q4,15,0.466667,22.9356,0.0343885,0.103745
ORB5S_flow_hi,ORB5S_flow_hi (5bp),5,2024Q1,13,0.307692,-6.14861,-0.0082524,0.0521671
ORB5S_flow_hi,ORB5S_flow_hi (5bp),5,2024Q2,14,0.428571,-9.39931,-0.0132091,0.0280984
ORB5S_flow_hi,ORB5S_flow_hi (5bp),5,2024Q3,7,0.428571,-6.91005,-0.00489737,-0.0956702
ORB5S_flow_hi,ORB5S_flow_hi (5bp),5,2024Q4,11,0.636364,13.9971,0.0153564,-0.0734256
ORB5S_flow_hi,ORB5S_flow_hi (5bp),5,2025Q1,13,0.461538,-5.69711,-0.00754616,0.0597706
ORB5S_flow_hi,ORB5S_flow_hi (5bp),5,2025Q2,9,0.333333,-4.87224,-0.00450112,0.246884
ORB5S_flow_hi,ORB5S_flow_hi (5bp),5,2025Q3,12,0.416667,-20.6839,-0.0247076,0.146932
ORB5S_flow_hi,ORB5S_flow_hi (5bp),5,2025Q4,19,0.368421,-17.8217,-0.0338938,0.281513
ORB5S_flow_hi,ORB5S_flow_hi (5bp),5,2026Q1,8,0.5,-9.63598,-0.00817454,0.23999
ORB5S_flow_hi,ORB5S_flow_hi (5bp),5,2026Q2,14,0.5,7.95897,0.00936021,0.845367
ORB5S_flow_hi,ORB5S_flow_hi (5bp),5,2026Q3,13,0.461538,-47.3277,-0.0621766,-0.204706
ORB5S_gap>0,ORB5S_gap>0 (5bp),5,2023Q1,14,0.642857,7.75251,0.0106912,0.107103
ORB5S_gap>0,ORB5S_gap>0 (5bp),5,2023Q2,23,0.26087,-18.2066,-0.041152,0.0531831
ORB5S_gap>0,ORB5S_gap>0 (5bp),5,2023Q3,15,0.533333,14.8294,0.0222732,-0.0298182
ORB5S_gap>0,ORB5S_gap>0 (5bp),5,2023Q4,19,0.368421,9.84158,0.0182351,0.103745
ORB5S_gap>0,ORB5S_gap>0 (5bp),5,2024Q1,18,0.444444,-7.44445,-0.0136393,0.0521671
ORB5S_gap>0,ORB5S_gap>0 (5bp),5,2024Q2,16,0.4375,1.78261,0.00273598,0.0280984
ORB5S_gap>0,ORB5S_gap>0 (5bp),5,2024Q3,13,0.230769,-11.6235,-0.0152207,-0.0956702
ORB5S_gap>0,ORB5S_gap>0 (5bp),5,2024Q4,14,0.642857,16.0439,0.0224139,-0.0734256
ORB5S_gap>0,ORB5S_gap>0 (5bp),5,2025Q1,18,0.444444,-2.57052,-0.00485625,0.0597706
ORB5S_gap>0,ORB5S_gap>0 (5bp),5,2025Q2,18,0.555556,7.24772,0.012855,0.246884
ORB5S_gap>0,ORB5S_gap>0 (5bp),5,2025Q3,22,0.545455,-0.748507,-0.00206594,0.146932
ORB5S_gap>0,ORB5S_gap>0 (5bp),5,2025Q4,25,0.56,16.4019,0.0406577,0.281513
ORB5S_gap>0,ORB5S_gap>0 (5bp),5,2026Q1,13,0.615385,23.4013,0.0291953,0.23999
ORB5S_gap>0,ORB5S_gap>0 (5bp),5,2026Q2,25,0.4,-12.7569,-0.0347856,0.845367
ORB5S_gap>0,ORB5S_gap>0 (5bp),5,2026Q3,12,0.5,34.8784,0.0381579,-0.204706
ORB10_flow_hi,ORB10_flow_hi (5bp),5,2023Q1,9,0.555556,-11.6888,-0.0106789,0.107103
ORB10_flow_hi,ORB10_flow_hi (5bp),5,2023Q2,14,0.357143,-10.0392,-0.0140826,0.0531831
ORB10_flow_hi,ORB10_flow_hi (5bp),5,2023Q3,10,0.7,30.9677,0.0313375,-0.0298182
ORB10_flow_hi,ORB10_flow_hi (5bp),5,2023Q4,14,0.428571,21.142,0.0294782,0.103745
ORB10_flow_hi,ORB10_flow_hi (5bp),5,2024Q1,11,0.363636,12.7776,0.0139995,0.0521671
ORB10_flow_hi,ORB10_flow_hi (5bp),5,2024Q2,13,0.307692,-22.8841,-0.0294819,0.0280984
ORB10_flow_hi,ORB10_flow_hi (5bp),5,2024Q3,5,0.4,-34.5648,-0.0174117,-0.0956702
ORB10_flow_hi,ORB10_flow_hi (5bp),5,2024Q4,11,0.636364,-1.61961,-0.00192718,-0.0734256
ORB10_flow_hi,ORB10_flow_hi (5bp),5,2025Q1,14,0.5,-15.0699,-0.0211052,0.0597706
ORB10_flow_hi,ORB10_flow_hi (5bp),5,2025Q2,12,0.583333,14.2871,0.0170844,0.246884
ORB10_flow_hi,ORB10_flow_hi (5bp),5,2025Q3,11,0.545455,-6.17029,-0.00694223,0.146932
ORB10_flow_hi,ORB10_flow_hi (5bp),5,2025Q4,18,0.5,-21.1149,-0.0379196,0.281513
ORB10_flow_hi,ORB10_flow_hi (5bp),5,2026Q1,10,0.6,23.6041,0.0233828,0.23999
ORB10_flow_hi,ORB10_flow_hi (5bp),5,2026Q2,13,0.692308,45.6292,0.0601477,0.845367
ORB10_flow_hi,ORB10_flow_hi (5bp),5,2026Q3,15,0.466667,-73.0334,-0.108353,-0.204706
REG_flow_LS,REG_flow_LS (2bp),2,2023Q1,48,0.479167,-6.31906,-0.0313383,0.107103
REG_flow_LS,REG_flow_LS (2bp),2,2023Q2,50,0.48,-6.9015,-0.0346434,0.0531831
REG_flow_LS,REG_flow_LS (2bp),2,2023Q3,52,0.596154,9.89381,0.0513915,-0.0298182
REG_flow_LS,REG_flow_LS (2bp),2,2023Q4,51,0.627451,16.5974,0.0866608,0.103745
REG_flow_LS,REG_flow_LS (2bp),2,2024Q1,50,0.52,18.6751,0.0959081,0.0521671
REG_flow_LS,REG_flow_LS (2bp),2,2024Q2,48,0.4375,-1.26357,-0.0071224,0.0280984
REG_flow_LS,REG_flow_LS (2bp),2,2024Q3,43,0.372093,-2.21008,-0.0135793,-0.0956702
REG_flow_LS,REG_flow_LS (2bp),2,2024Q4,42,0.642857,17.9523,0.0769096,-0.0734256
REG_flow_LS,REG_flow_LS (2bp),2,2025Q1,47,0.574468,11.846,0.0557868,0.0597706
REG_flow_LS,REG_flow_LS (2bp),2,2025Q2,46,0.456522,-5.21122,-0.0252889,0.246884
REG_flow_LS,REG_flow_LS (2bp),2,2025Q3,56,0.392857,-21.4502,-0.115012,0.146932
REG_flow_LS,REG_flow_LS (2bp),2,2025Q4,49,0.591837,12.6692,0.0602354,0.281513
REG_flow_LS,REG_flow_LS (2bp),2,2026Q1,47,0.468085,8.94751,0.0283089,0.23999
REG_flow_LS,REG_flow_LS (2bp),2,2026Q2,43,0.581395,35.5745,0.146552,0.845367
REG_flow_LS,REG_flow_LS (2bp),2,2026Q3,50,0.54,3.64132,-0.0369385,-0.204706
ORB5LS_z_sign,ORB5LS_z_sign (2bp),2,2023Q1,32,0.5625,8.3484,0.0265257,0.107103
ORB5LS_z_sign,ORB5LS_z_sign (2bp),2,2023Q2,34,0.441176,-1.57396,-0.00558684,0.0531831
ORB5LS_z_sign,ORB5LS_z_sign (2bp),2,2023Q3,29,0.517241,4.2528,0.0117819,-0.0298182
ORB5LS_z_sign,ORB5LS_z_sign (2bp),2,2023Q4,35,0.457143,1.54252,0.00446369,0.103745
ORB5LS_z_sign,ORB5LS_z_sign (2bp),2,2024Q1,27,0.481481,0.690909,0.00153099,0.0521671
ORB5LS_z_sign,ORB5LS_z_sign (2bp),2,2024Q2,25,0.52,2.2932,0.00547932,0.0280984
ORB5LS_z_sign,ORB5LS_z_sign (2bp),2,2024Q3,30,0.533333,17.1266,0.0505159,-0.0956702
ORB5LS_z_sign,ORB5LS_z_sign (2bp),2,2024Q4,33,0.666667,11.1049,0.0368173,-0.0734256
ORB5LS_z_sign,ORB5LS_z_sign (2bp),2,2025Q1,29,0.482759,-7.01179,-0.0206025,0.0597706
ORB5LS_z_sign,ORB5LS_z_sign (2bp),2,2025Q2,21,0.428571,-2.39516,-0.00550995,0.246884
ORB5LS_z_sign,ORB5LS_z_sign (2bp),2,2025Q3,37,0.567568,1.97809,0.00615277,0.146932
ORB5LS_z_sign,ORB5LS_z_sign (2bp),2,2025Q4,32,0.59375,17.1677,0.0541644,0.281513
ORB5LS_z_sign,ORB5LS_z_sign (2bp),2,2026Q1,22,0.5,-0.392149,-0.00535377,0.23999
ORB5LS_z_sign,ORB5LS_z_sign (2bp),2,2026Q2,28,0.428571,8.12311,0.0134965,0.845367
ORB5LS_z_sign,ORB5LS_z_sign (2bp),2,2026Q3,29,0.517241,16.6726,0.0392999,-0.204706
ORB5LS_none,ORB5LS_none (2bp),2,2023Q1,61,0.47541,0.483443,0.00171824,0.107103
ORB5LS_none,ORB5LS_none (2bp),2,2023Q2,58,0.431034,-4.10189,-0.0241087,0.0531831
ORB5LS_none,ORB5LS_none (2bp),2,2023Q3,61,0.47541,-1.25127,-0.00860697,-0.0298182
ORB5LS_none,ORB5LS_none (2bp),2,2023Q4,56,0.5,6.10003,0.033446,0.103745
ORB5LS_none,ORB5LS_none (2bp),2,2024Q1,57,0.473684,1.45847,0.00729081,0.0521671
ORB5LS_none,ORB5LS_none (2bp),2,2024Q2,56,0.553571,3.18166,0.0170991,0.0280984
ORB5LS_none,ORB5LS_none (2bp),2,2024Q3,61,0.491803,11.9543,0.0726439,-0.0956702
ORB5LS_none,ORB5LS_none (2bp),2,2024Q4,60,0.616667,10.6015,0.0646497,-0.0734256
ORB5LS_none,ORB5LS_none (2bp),2,2025Q1,57,0.473684,-6.48942,-0.0372015,0.0597706
ORB5LS_none,ORB5LS_none (2bp),2,2025Q2,57,0.421053,-13.5756,-0.0757513,0.246884
ORB5LS_none,ORB5LS_none (2bp),2,2025Q3,62,0.483871,-2.92243,-0.0195096,0.146932
ORB5LS_none,ORB5LS_none (2bp),2,2025Q4,57,0.54386,0.3011,-0.00188366,0.281513
ORB5LS_none,ORB5LS_none (2bp),2,2026Q1,57,0.473684,-29.4817,-0.166246,0.23999
ORB5LS_none,ORB5LS_none (2bp),2,2026Q2,60,0.416667,-8.79645,-0.0697305,0.845367
ORB5LS_none,ORB5LS_none (2bp),2,2026Q3,60,0.5,8.63965,0.030844,-0.204706
