비용bp,구간,전략,기간,거래일,거래,노출,승률,거래당순bp,누적수익,연환산,연변동성,샤프,MDD,칼마
5.0,전체,R3-C3,2010-01-04~2026-09-22,4117,407,0.09885839203303376,0.6265356265356266,27.89917720187435,2.03100303770194,0.07023147237644856,0.056832340185859344,1.2229534849822543,-0.09422436423297798,0.7453642478583894
5.0,전체,R3-C2,2010-01-04~2026-09-22,4117,584,0.14185086227835803,0.5924657534246576,15.986541362194624,1.4401403791936458,0.05612059784133239,0.07113052928324476,0.8033984624907735,-0.11398877265594787,0.49233443376674557
5.0,전체,R3-C1,2010-01-04~2026-09-22,4117,561,0.13626427009958708,0.5436720142602496,10.394362810806083,0.708554472509789,0.03333019935724302,0.07641507690233101,0.4670908417334034,-0.1242050692109945,0.2683481404500732
5.0,전체,매일 시가→종가,2010-01-04~2026-09-22,4117,4117,1.0,0.4683021617682779,-6.693978443650703,-0.9485581958817109,-0.16608813033258707,0.15997287113413494,-1.0544803977329074,-0.9542204209036425,-0.17405635709965456
5.0,전체,KODEX 200 보유,2010-01-04~2026-09-22,4117,4117,1.0,0.5341267913529268,5.5918275667533655,5.6248223590715645,0.12270010152831556,0.22482320042866347,0.6267771938728224,-0.40809558545415225,0.30066510372016847
5.0,2010~2019,R3-C3,2010-01-04~2019-12-30,2466,235,0.09529602595296026,0.6170212765957447,26.27399073482445,0.8389343086041012,0.06423114280419195,0.041004886059313295,1.5387418431833857,-0.03577248367775254,1.7955460790143092
5.0,2010~2019,R3-C2,2010-01-04~2019-12-30,2466,320,0.129764801297648,0.59375,17.464066859577866,0.7281800619833931,0.05749705574896469,0.04896567578386437,1.166302158930776,-0.06256336445163324,0.9190211596343218
5.0,2010~2019,R3-C1,2010-01-04~2019-12-30,2466,315,0.12773722627737227,0.5301587301587302,5.447668971934591,0.17262302808254448,0.01640614876491364,0.05020902993905609,0.3492584331926217,-0.1242050692109945,0.13208920432259932
5.0,2010~2019,매일 시가→종가,2010-01-04~2019-12-30,2466,2466,1.0,0.45742092457420924,-7.648309928450969,-0.8584677608617108,-0.18110900199936641,0.11808816131719208,-1.6321484562644675,-0.866164461193836,-0.20909308810678234
5.0,2010~2019,KODEX 200 보유,2010-01-04~2019-12-30,2466,2466,1.0,0.5247364152473641,2.205556501403486,0.5374822359071556,0.0449369436460505,0.15235221603017132,0.3648127036390528,-0.2741886166076968,0.16389062464378423
5.0,2020~2025-06-05,R3-C3,2020-01-02~2025-06-05,1333,127,0.09527381845461365,0.6377952755905512,22.86948465997785,0.3201860969094583,0.053915388230162176,0.06864704976338705,0.7998501181961424,-0.09422436423297786,0.572202197054381
5.0,2020~2025-06-05,R3-C2,2020-01-02~2025-06-05,1333,191,0.14328582145536384,0.5968586387434555,11.928953011299852,0.2341760386096221,0.040577886785064354,0.08078439952914311,0.5331858131085074,-0.11294685624222578,0.35926530525153383
5.0,2020~2025-06-05,R3-C1,2020-01-02~2025-06-05,1333,174,0.13053263315828958,0.5517241379310345,9.521781586563405,0.15959945748920057,0.028388595887984147,0.08120235294335833,0.3857174094169915,-0.10586537692870801,0.26815751014707695
5.0,2020~2025-06-05,매일 시가→종가,2020-01-02~2025-06-05,1333,1333,1.0,0.47261815453863465,-7.084224215212741,-0.6369812176858229,-0.17433133963748282,0.1606373703900613,-1.1113382259051616,-0.6878258578969013,-0.25345272736695146
5.0,2020~2025-06-05,KODEX 200 보유,2020-01-02~2025-06-05,1333,1333,1.0,0.5258814703675919,3.5873893216838635,0.43520123242826725,0.07069046457838057,0.21014750150706352,0.4301845620724392,-0.3464951197870455,0.20401575820700346
5.0,2025-06-09~,R3-C3,2025-06-09~2026-09-22,318,45,0.14150943396226415,0.6444444444444445,50.58117214804281,0.2484898081058926,0.19228633687197005,0.09491315110568657,1.9004149214532937,-0.05608478955144591,3.4284935079517074
5.0,2025-06-09~,R3-C2,2025-06-09~2026-09-22,318,73,0.22955974842767296,0.5753424657534246,20.126147058883166,0.14405976120883324,0.11254566631711782,0.1400390602691651,0.8313956250401685,-0.11398877265594798,0.9873399256329755
5.0,2025-06-09~,R3-C1,2025-06-09~2026-09-22,318,72,0.22641509433962265,0.5833333333333334,34.14488631445533,0.25649975277354553,0.19834406817500105,0.16851574905955327,1.156088531908962,-0.10060946843238416,1.9714254658675654
5.0,2025-06-09~,매일 시가→종가,2025-06-09~2026-09-22,318,318,1.0,0.5345911949685535,2.342433679021142,0.0012250759699317104,0.0009706915601768173,0.33940420688648115,0.17392043915082067,-0.436708939342931,0.002222742592897944
5.0,2025-06-09~,KODEX 200 보유,2025-06-09~2026-09-22,318,318,1.0,0.6415094339622641,40.253653440434,2.0022809606869747,1.389778553987198,0.5356627672344796,1.893713972199415,-0.40809558545415214,3.405522146093722
5.0,3년,R3-C3,2023-09-22~2026-09-22,728,87,0.11950549450549451,0.6551724137931034,36.647878209001,0.36566105051274866,0.1139083857659271,0.07064195596337257,1.5623363375924664,-0.05608478955144591,2.031003177099208
5.0,3년,R3-C2,2023-09-22~2026-09-22,728,145,0.19917582417582416,0.6068965517241379,15.315889679431262,0.22955770752693816,0.07415494632569586,0.10340256683079413,0.7434436793328391,-0.11398877265594787,0.6505460546497647
5.0,3년,R3-C1,2023-09-22~2026-09-22,728,145,0.19917582417582416,0.5724137931034483,18.566133396857126,0.28176905750698844,0.08972965890546303,0.12167643743305145,0.7658648623931138,-0.10060946843238439,0.8918609779333717
5.0,3년,매일 시가→종가,2023-09-22~2026-09-22,728,728,1.0,0.5123626373626373,-2.5008985426672927,-0.2374621902238534,-0.08957468563930915,0.24712110756737052,-0.25502735843005425,-0.4367089393429311,-0.20511301136652374
5.0,3년,KODEX 200 보유,2023-09-22~2026-09-22,728,728,1.0,0.5837912087912088,20.35958636584803,2.549041999746241,0.5503262000073588,0.38705525894532916,1.3255512347704324,-0.4080955854541519,1.3485227961849295
5.0,1년,R3-C3,2025-09-22~2026-09-22,244,41,0.1680327868852459,0.6097560975609756,45.60873607331106,0.19912282488360367,0.2062834343684885,0.10581103856212529,1.8252049214142594,-0.05608478955144569,3.6780638033645108
5.0,1년,R3-C2,2025-09-22~2026-09-22,244,68,0.2786885245901639,0.5441176470588235,15.453512459654608,0.09748585972437995,0.1008381925355204,0.15820467188761914,0.6860053922581927,-0.11398877265594787,0.884632672025342
5.0,1년,R3-C1,2025-09-22~2026-09-22,244,64,0.26229508196721313,0.5625,32.28330723403536,0.20862527294635003,0.21615732210256655,0.19041992341204428,1.1206147164011968,-0.10060946843238439,2.148478920230428
5.0,1년,매일 시가→종가,2025-09-22~2026-09-22,244,244,1.0,0.5327868852459017,0.9878993030310672,-0.04534483797984756,-0.04679622076574563,0.38024288863327016,0.06547147410399892,-0.4367089393429313,-0.10715654421032654
5.0,1년,KODEX 200 보유,2025-09-22~2026-09-22,244,244,1.0,0.6311475409836066,42.74555984126618,1.3797166801378333,1.4483322037207467,0.6044093670784694,1.7822161049665837,-0.4080955854541519,3.5490023792072156
5.0,3개월,R3-C3,2026-06-22~2026-09-22,65,8,0.12307692307692308,0.5,59.75106960708978,0.04719487526173505,0.19576299351733994,0.1152081282719447,1.6085691459808196,-0.019419675342849052,10.080652228278685
5.0,3개월,R3-C2,2026-06-22~2026-09-22,65,16,0.24615384615384617,0.4375,-41.8782404124287,-0.06875424857762202,-0.24130942701102354,0.18062565108663636,-1.438189676375502,-0.11398877265594776,-2.1169578493433527
5.0,3개월,R3-C1,2026-06-22~2026-09-22,65,15,0.23076923076923078,0.4666666666666667,13.053179364587274,0.010007721825616045,0.039361214598919725,0.28040394789518674,0.2707139433252601,-0.10060946843238416,0.39122773643688336
5.0,3개월,매일 시가→종가,2026-06-22~2026-09-22,65,65,1.0,0.38461538461538464,-65.3998209117182,-0.3698766174586732,-0.8331260818475132,0.5233901572805444,-3.148846924325914,-0.4367089393429311,-1.907737641233148
5.0,3개월,KODEX 200 보유,2026-06-22~2026-09-22,65,65,1.0,0.5538461538461539,-28.477016917258688,-0.23690779870953627,-0.6494418080945252,0.8282344368905453,-0.8664464967299538,-0.40809558545415225,-1.591396308224675
7.0,전체,R3-C3,2010-01-04~2026-09-22,4117,407,0.09885839203303376,0.6240786240786241,25.899177201874355,1.794636206854292,0.06492592612949633,0.05661937896268214,1.1395541016805313,-0.09442436423297773,0.687597175336034
7.0,전체,R3-C2,2010-01-04~2026-09-22,4117,584,0.14185086227835803,0.5873287671232876,13.98654136219463,1.1714909077846856,0.04860718631212224,0.07100111821860026,0.7041702392566939,-0.11613484874316138,0.41854091892451434
7.0,전체,R3-C1,2010-01-04~2026-09-22,4117,561,0.13626427009958708,0.5347593582887701,8.39436281080609,0.5273498999395496,0.02626332238972595,0.0763420984545266,0.3775775615544956,-0.1296425877153612,0.20258252209057104
7.0,전체,매일 시가→종가,2010-01-04~2026-09-22,4117,4117,1.0,0.45640029147437455,-8.693978443650696,-0.9774365218476432,-0.20711059970063028,0.15997287113413494,-1.3695338167450606,-0.9793252962775012,-0.21148294697162964
7.0,전체,KODEX 200 보유,2010-01-04~2026-09-22,4117,4117,1.0,0.5341267913529268,5.5918275667533655,5.6248223590715645,0.12270010152831556,0.22482320042866347,0.6267771938728224,-0.40809558545415225,0.30066510372016847
7.0,2010~2019,R3-C3,2010-01-04~2019-12-30,2466,235,0.09529602595296026,0.6170212765957447,24.273990734824455,0.7547067394328792,0.05914448430916952,0.04073607194536048,1.430992519960982,-0.03961269211507623,1.4930690430570273
7.0,2010~2019,R3-C2,2010-01-04~2019-12-30,2466,320,0.129764801297648,0.590625,15.464066859577871,0.6212047509210059,0.050614246853997624,0.04877385436180086,1.0367978511542195,-0.06332548339553479,0.7992713855472368
7.0,2010~2019,R3-C1,2010-01-04~2019-12-30,2466,315,0.12773722627737227,0.5174603174603175,3.4476689719345983,0.1010521472446948,0.009885970472002237,0.05015924046753615,0.22125476424307916,-0.1296425877153612,0.07625557809527478
7.0,2010~2019,매일 시가→종가,2010-01-04~2019-12-30,2466,2466,1.0,0.44525547445255476,-9.64830992845096,-0.913609890630311,-0.22139445648003764,0.11808816131719206,-2.058948225503166,-0.9160817446054165,-0.24167543757287596
7.0,2010~2019,KODEX 200 보유,2010-01-04~2019-12-30,2466,2466,1.0,0.5247364152473641,2.205556501403486,0.5374822359071556,0.0449369436460505,0.15235221603017132,0.3648127036390528,-0.2741886166076968,0.16389062464378423
7.0,2020~2025-06-05,R3-C3,2020-01-02~2025-06-05,1333,127,0.09527381845461365,0.6299212598425197,20.86948465997785,0.2871405848587758,0.04887683078985683,0.06850840526187259,0.7313781458701486,-0.09442436423297784,0.5176294401015042
7.0,2020~2025-06-05,R3-C2,2020-01-02~2025-06-05,1333,191,0.14328582145536384,0.5863874345549738,9.928953011299855,0.18796090378326413,0.03309709722526444,0.08070059412650445,0.4442531153101351,-0.11527279690455838,0.2871197551723119
7.0,2020~2025-06-05,R3-C1,2020-01-02~2025-06-05,1333,174,0.13053263315828958,0.5459770114942529,7.52178158656341,0.11996476935903666,0.02164955406854463,0.08114225614033678,0.30492517316632656,-0.10642274243747318,0.20342977048598843
7.0,2020~2025-06-05,매일 시가→종가,2020-01-02~2025-06-05,1333,1333,1.0,0.46136534133533386,-9.084224215212732,-0.7220027248433527,-0.21494987652567887,0.1606373703900613,-1.4250883817849427,-0.7426333267459801,-0.289442809505374
7.0,2020~2025-06-05,KODEX 200 보유,2020-01-02~2025-06-05,1333,1333,1.0,0.5258814703675919,3.5873893216838635,0.43520123242826725,0.07069046457838057,0.21014750150706352,0.4301845620724392,-0.3464951197870455,0.20401575820700346
7.0,2025-06-09~,R3-C3,2025-06-09~2026-09-22,318,45,0.14150943396226415,0.6444444444444445,48.58117214804282,0.23735624057052562,0.18385286308734972,0.09459175126951841,1.831473577839616,-0.05685067584309578,3.2339609047880424
7.0,2025-06-09~,R3-C2,2025-06-09~2026-09-22,318,73,0.22955974842767296,0.5753424657534246,18.126147058883177,0.12750376149593,0.09976794250696952,0.13991688005052355,0.7494310242188206,-0.1161348487431616,0.859069810540776
7.0,2025-06-09~,R3-C1,2025-06-09~2026-09-22,318,72,0.22641509433962265,0.5833333333333334,32.144886314455334,0.23858635504405235,0.1847854238445792,0.168341483160486,1.0894985640837667,-0.10206691841565518,1.810434043791377
7.0,2025-06-09~,매일 시가→종가,2025-06-09~2026-09-22,318,318,1.0,0.5220125786163522,0.3424336790211523,-0.060489833747048416,-0.04824382280187223,0.33940420688648115,0.025424931501274076,-0.4408649454082102,-0.10942993609347146
7.0,2025-06-09~,KODEX 200 보유,2025-06-09~2026-09-22,318,318,1.0,0.6415094339622641,40.253653440434,2.0022809606869747,1.389778553987198,0.5356627672344796,1.893713972199415,-0.40809558545415214,3.405522146093722
7.0,3년,R3-C3,2023-09-22~2026-09-22,728,87,0.11950549450549451,0.6436781609195402,34.64787820900103,0.34218350732991265,0.1072420737600468,0.07037345916016507,1.4827098039848883,-0.056850675843095666,1.8863816862270602
7.0,3년,R3-C2,2023-09-22~2026-09-22,728,145,0.19917582417582416,0.6,13.315889679431272,0.19445483282388887,0.0634390395922464,0.10329105458368945,0.6470601299218199,-0.11613484874316093,0.5462532588520916
7.0,3년,R3-C1,2023-09-22~2026-09-22,728,145,0.19917582417582416,0.5724137931034483,16.56613339685713,0.24518466257826588,0.07886109753889903,0.12156016452146731,0.6840172255443334,-0.10206691841565552,0.7726411139184832
7.0,3년,매일 시가→종가,2023-09-22~2026-09-22,728,728,1.0,0.5,-4.5008985426672865,-0.3408406777899632,-0.1343490095908425,0.24712110756737052,-0.4589759425721827,-0.44086494540820986,-0.30473960560970614
7.0,3년,KODEX 200 보유,2023-09-22~2026-09-22,728,728,1.0,0.5837912087912088,20.35958636584803,2.549041999746241,0.5503262000073588,0.38705525894532916,1.3255512347704324,-0.4080955854541519,1.3485227961849295
7.0,1년,R3-C3,2025-09-22~2026-09-22,244,41,0.1680327868852459,0.6097560975609756,43.608736073311064,0.18937117887808652,0.1961532749218431,0.10551235131759036,1.7501076751546498,-0.056850675843095666,3.4503244158998907
7.0,1년,R3-C2,2025-09-22~2026-09-22,244,68,0.2786885245901639,0.5441176470588235,13.453512459654617,0.08267715457950597,0.08550064726676232,0.15811170297763627,0.5975734533032295,-0.11613484874316149,0.7362186991421639
7.0,1년,R3-C1,2025-09-22~2026-09-22,244,64,0.26229508196721313,0.5625,30.283307234035377,0.1932931677846288,0.2002271710360768,0.19025898090560567,1.0520801456394246,-0.10206691841565518,1.9617244661064013
7.0,1년,매일 시가→종가,2025-09-22~2026-09-22,244,244,1.0,0.5286885245901639,-1.0121006969689332,-0.09083942613690754,-0.09367377228984808,0.38024288863327016,-0.06707538346158437,-0.4408649454082102,-0.21247725242276339
7.0,1년,KODEX 200 보유,2025-09-22~2026-09-22,244,244,1.0,0.6311475409836066,42.74555984126618,1.3797166801378333,1.4483322037207467,0.6044093670784694,1.7822161049665837,-0.4080955854541519,3.5490023792072156
7.0,3개월,R3-C3,2026-06-22~2026-09-22,65,8,0.12307692307692308,0.5,57.751069607089796,0.04552983151005585,0.1884087672749044,0.1149260519087038,1.5585427377568226,-0.01961967534284903,9.60305224130916
7.0,3개월,R3-C2,2026-06-22~2026-09-22,65,16,0.24615384615384617,0.4375,-43.87824041242869,-0.07174379096778827,-0.2507085250794028,0.18085099196285925,-1.5049964480341602,-0.11613484874316127,-2.158770840902878
7.0,3개월,R3-C1,2026-06-22~2026-09-22,65,15,0.23076923076923078,0.4666666666666667,11.053179364587278,0.006982071020225078,0.02734200707682022,0.28036488663816406,0.22926725952977384,-0.10206691841565518,0.26788314471759794
7.0,3개월,매일 시가→종가,2026-06-22~2026-09-22,65,65,1.0,0.38461538461538464,-67.3998209117182,-0.37807813072477015,-0.8413903254326318,0.5233901572805444,-3.2451422009926953,-0.44086494540820986,-1.908499040797094
7.0,3개월,KODEX 200 보유,2026-06-22~2026-09-22,65,65,1.0,0.5538461538461539,-28.477016917258688,-0.23690779870953627,-0.6494418080945252,0.8282344368905453,-0.8664464967299538,-0.40809558545415225,-1.591396308224675
