연도,전략,거래,연수익,샤프,MDD
2010,R3-C3,18,0.10158753545641352,2.880120989294897,-0.007293314897198644
2010,R3-C2,20,0.0667479473533652,1.577582602140183,-0.02106528703560151
2010,R3-C1,12,0.019508948842759555,0.5865278406792221,-0.02106528703560162
2010,매일 시가→종가,251,0.011811482895229819,0.15757261069053613,-0.1333464562859431
2010,KODEX 200 보유,251,0.23892704879204252,1.4701909399316804,-0.10771253787662238
2011,R3-C3,36,0.28025651019064624,2.8230002775817757,-0.030732286681452115
2011,R3-C2,50,0.20475369045441782,1.7752252087001044,-0.06256336445163335
2011,R3-C1,58,0.05022953707879174,0.4917844473639731,-0.12420506921099461
2011,매일 시가→종가,248,-0.3721342378553357,-2.299753286637504,-0.3862486663886119
2011,KODEX 200 보유,248,-0.10715480571619684,-0.2942250871723152,-0.2741886166076962
2012,R3-C3,14,0.06643162016884663,2.3193940859002806,-0.002418557244951769
2012,R3-C2,15,0.06357108026043057,2.211272536628926,-0.002682347235693494
2012,R3-C1,18,0.05138774527197443,1.5902070459221203,-0.014230000491039174
2012,매일 시가→종가,248,-0.1556806338875638,-1.4772774124805486,-0.21417709948065267
2012,KODEX 200 보유,248,0.11262780365076663,0.7496946280143829,-0.14024390243902451
2013,R3-C3,29,0.02934409967547147,0.826522784728263,-0.025337992701270018
2013,R3-C2,40,0.05586750419330189,1.278162620939421,-0.025713323153284118
2013,R3-C1,36,-0.03197472621930575,-0.7432594488045589,-0.04341277086536932
2013,매일 시가→종가,247,-0.26861269913237673,-2.8405822725112757,-0.2837577436290363
2013,KODEX 200 보유,247,0.010728891027183662,0.14786326823169987,-0.1401397149060699
2014,R3-C3,24,0.039524581013722804,1.4364268012979786,-0.017253576675132165
2014,R3-C2,32,0.03763335123781242,1.21164236099868,-0.018277975995994344
2014,R3-C1,26,-0.005775642499609046,-0.19651138004779772,-0.025499447325170843
2014,매일 시가→종가,245,-0.2196853173061748,-2.8170355898240045,-0.19637894384276056
2014,KODEX 200 보유,245,-0.06602246763137865,-0.5943824238512203,-0.11611736893338886
2015,R3-C3,24,0.013803398504515396,0.48774143860697894,-0.034706447968484766
2015,R3-C2,33,-0.0025798175978276605,-0.05410896033906738,-0.04286510433885027
2015,R3-C1,34,-0.003843546110443463,-0.09541885288961136,-0.051536361804941144
2015,매일 시가→종가,248,-0.13925157857669868,-1.4302551426802574,-0.19193467016952825
2015,KODEX 200 보유,248,-0.0012741450486727368,0.05062138532313736,-0.18177245289921418
2016,R3-C3,18,0.010870008867472025,0.5550780846927462,-0.01142908511205809
2016,R3-C2,24,0.013015090370081861,0.5658730525117179,-0.015226732561086309
2016,R3-C1,31,0.031138569999125565,0.9341571210921574,-0.02502125151356127
2016,매일 시가→종가,246,-0.09417862869074123,-1.0071701034842655,-0.11918869737562376
2016,KODEX 200 보유,246,0.1017554602980193,0.8677849582484997,-0.049945654986801924
2017,R3-C3,19,-0.003229967561974023,-0.22249709380719918,-0.008468959343754356
2017,R3-C2,31,0.013660924574409483,0.6693415944772622,-0.012514888089571907
2017,R3-C1,36,0.00337640356793667,0.14012785379473652,-0.020086737613835615
2017,매일 시가→종가,243,-0.08420038817358955,-1.0621983413856055,-0.1350315306189649
2017,KODEX 200 보유,243,0.2710050949513658,2.53735703363112,-0.060139496920679214
2018,R3-C3,26,0.056222208306933696,1.323363899273981,-0.014219293204999373
2018,R3-C2,39,0.042032018645149716,0.887393061668418,-0.0303460439492923
2018,R3-C1,35,0.0395275014529759,0.8412971180158586,-0.030346043949292634
2018,매일 시가→종가,244,-0.27310051542232017,-2.74050708029635,-0.2740593645613123
2018,KODEX 200 보유,244,-0.17320797347035533,-1.2625029656633855,-0.21999229449056057
2019,R3-C3,27,0.05906479342520132,1.8671811857538305,-0.018495542490915673
2019,R3-C2,36,0.08128756201099363,2.1000233039391047,-0.017811766287392894
2019,R3-C1,29,0.01019378071588073,0.27718007861230926,-0.023103848691898077
2019,매일 시가→종가,246,-0.10921803933295271,-1.0145762510445817,-0.16169620573571752
2019,KODEX 200 보유,246,0.1444375881523272,1.1051445409555822,-0.12878787878787878
2020,R3-C3,18,0.060811179661588,0.5211278979462782,-0.09422436423297786
2020,R3-C2,30,0.06462923750520955,0.5065065670988895,-0.11294685624222578
2020,R3-C1,29,0.09210531395138277,0.681700611240324,-0.10586537692870801
2020,매일 시가→종가,248,-0.0017867909587692132,0.11298069465023773,-0.22078478493295228
2020,KODEX 200 보유,248,0.3556325823223554,1.196961748768791,-0.3464951197870455
2021,R3-C3,19,0.029340234093658824,0.7236167091650064,-0.02098590535850331
2021,R3-C2,24,-0.013055767076155744,-0.23026874538353684,-0.03432387045384622
2021,R3-C1,15,0.015273755223708552,0.38384529853612004,-0.034134572383062056
2021,매일 시가→종가,248,-0.3033222688972913,-2.3866671921884777,-0.3768071478797683
2021,KODEX 200 보유,248,0.029915622602916914,0.2599047085709904,-0.14623316023180433
2022,R3-C3,35,0.09673284963643414,1.9564025686925446,-0.022203524773550032
2022,R3-C2,50,0.0879321971418956,1.4455391430012157,-0.03674271563758669
2022,R3-C1,43,0.023721204529635775,0.4077533092507664,-0.0545159990869718
2022,매일 시가→종가,246,-0.27952271191955946,-2.440432068578678,-0.2775745356763347
2022,KODEX 200 보유,246,-0.24150391702526652,-1.3988944322475596,-0.2795971159667555
2023,R3-C3,19,0.014185859888929953,0.5132882965504111,-0.019298809482219514
2023,R3-C2,29,0.02504904382190798,0.5766535281351298,-0.019298809482219514
2023,R3-C1,30,0.02731286657291343,0.5931925653022736,-0.019298809482219514
2023,매일 시가→종가,245,-0.08295010116670076,-0.7049193565071818,-0.1799785064408147
2023,KODEX 200 보유,245,0.2485725715532603,1.5367975854820908,-0.12619347865249453
2024,R3-C3,29,0.09153828809616837,1.9602590495765815,-0.0180969188379404
2024,R3-C2,46,0.03090245052452456,0.5244697842072096,-0.045425886527991066
2024,R3-C1,44,-0.029528075015595068,-0.42114583896654145,-0.061356377681731855
2024,매일 시가→종가,244,-0.26402477517682366,-2.0907438218294487,-0.2796641668650255
2024,KODEX 200 보유,244,-0.09358615868577247,-0.3877364948569785,-0.20552425949482067
2025,R3-C3,21,0.034728917889316646,0.6658990007213392,-0.05608478955144569
2025,R3-C2,31,0.04259454089524617,0.7270206439342076,-0.06721614671540288
2025,R3-C1,38,0.08957669270475677,1.3440296252947546,-0.046762618379279974
2025,매일 시가→종가,242,0.19433786609150028,1.3028828531706182,-0.11833561771067103
2025,KODEX 200 보유,242,0.9422217937594441,3.187097761066225,-0.13512429831595796
2026,R3-C3,31,0.20154255272462795,2.3396869858724876,-0.01941967534284894
2026,R3-C2,54,0.12112832627855785,1.00533534715051,-0.11398877265594798
2026,R3-C1,47,0.18167357466718959,1.2071220108932554,-0.10060946843238427
2026,매일 시가→종가,178,-0.10008412358812246,-0.13184675985876904,-0.4367089393429311
2026,KODEX 200 보유,178,0.8510919920582414,1.6094379847130156,-0.40809558545415225
